linha_planilha;secretaria;unidade;programa;acao;natureza;desc_sub;valor;vinculo_atual;motivo;vinculo_proposto
346;08 - SECRETARIA DE EDUCAÇÃO;001-GABINETE DA SECRETARIA DA EDUCAÇÃO;0001-Administração e Coordenação Geral​;1.002-Reforma e Ampliação de Unidades;3.3.90.39.00-OUTROS SERVIÇOS DE TERCEIROS - PESSOA JURÍDICA;MANUTENÇÃO E CONSERVAÇÃO DE BENS IMÓVEIS;"500000,00";;vínculo em branco;01.200.0000
347;08 - SECRETARIA DE EDUCAÇÃO;001-GABINETE DA SECRETARIA DA EDUCAÇÃO;0016-Escola para Todos​;1.002-Reforma e Ampliação de Unidades;3.3.90.39.00-OUTROS SERVIÇOS DE TERCEIROS - PESSOA JURÍDICA;MANUTENÇÃO E CONSERVAÇÃO DE BENS IMÓVEIS;"19500000,00";;vínculo em branco;01.200.0000
348;08 - SECRETARIA DE EDUCAÇÃO;001-GABINETE DA SECRETARIA DA EDUCAÇÃO;0016-Escola para Todos​;1.002-Reforma e Ampliação de Unidades;3.3.90.39.00-OUTROS SERVIÇOS DE TERCEIROS - PESSOA JURÍDICA;MANUTENÇÃO E CONSERVAÇÃO DE BENS IMÓVEIS;"10000000,00";;vínculo em branco;01.200.0000
349;08 - SECRETARIA DE EDUCAÇÃO;001-GABINETE DA SECRETARIA DA EDUCAÇÃO;0016-Escola para Todos​;1.003-Implantação de Novas Unidades;4.4.90.51.00-OBRAS E INSTALAÇÕES;;"0,00";;vínculo em branco;01.200.0000
350;08 - SECRETARIA DE EDUCAÇÃO;001-GABINETE DA SECRETARIA DA EDUCAÇÃO;0001-Administração e Coordenação Geral​;"2.001-Remuneração, Benefícios e Encargos";3.3.90.92.00-DESPESAS DE EXERCÍCIOS ANTERIORES;RESSARCIMENTO DE DESPESAS COM PESSOAL REQUISITADO;"84000,00";;vínculo em branco;01.200.0000
351;08 - SECRETARIA DE EDUCAÇÃO;001-GABINETE DA SECRETARIA DA EDUCAÇÃO;0001-Administração e Coordenação Geral​;"2.001-Remuneração, Benefícios e Encargos";3.3.90.96.00-RESSARCIMENTO DE DESPESAS DE PESSOAL REQUISITADO;RESSARCIMENTO DE DESPESAS COM PESSOAL REQUISITADO;"320000,00";;vínculo em branco;01.200.0000
352;08 - SECRETARIA DE EDUCAÇÃO;001-GABINETE DA SECRETARIA DA EDUCAÇÃO;"0002-Governo Inteligente, Aberto e Inovador​";2.003-Qualificação de Servidores e Processos Institucionais;3.3.90.36.00-OUTROS SERVIÇOS DE TERCEIROS - PESSOA FÍSICA;OUTROS SERVIÇOS DE PESSOA FÍSICA;"1,00";;vínculo em branco;01.200.0000
353;08 - SECRETARIA DE EDUCAÇÃO;001-GABINETE DA SECRETARIA DA EDUCAÇÃO;"0002-Governo Inteligente, Aberto e Inovador​";2.003-Qualificação de Servidores e Processos Institucionais;3.3.90.39.00-OUTROS SERVIÇOS DE TERCEIROS - PESSOA JURÍDICA;;"1,00";;vínculo em branco;01.200.0000
354;08 - SECRETARIA DE EDUCAÇÃO;001-GABINETE DA SECRETARIA DA EDUCAÇÃO;"0002-Governo Inteligente, Aberto e Inovador​";"2.005-Promoção de Eventos, Comunicação e Participação Social ";3.3.90.30.00-MATERIAL DE CONSUMO;MATERIAL DE EXPEDIENTE;"420000,00";;vínculo em branco;01.200.0000
355;08 - SECRETARIA DE EDUCAÇÃO;001-GABINETE DA SECRETARIA DA EDUCAÇÃO;"0002-Governo Inteligente, Aberto e Inovador​";"2.005-Promoção de Eventos, Comunicação e Participação Social ";3.3.90.30.00-MATERIAL DE CONSUMO;GÊNEROS DE ALIMENTAÇÃO;"1000000,00";;vínculo em branco;01.200.0000
356;08 - SECRETARIA DE EDUCAÇÃO;001-GABINETE DA SECRETARIA DA EDUCAÇÃO;"0002-Governo Inteligente, Aberto e Inovador​";"2.005-Promoção de Eventos, Comunicação e Participação Social ";3.3.90.39.00-OUTROS SERVIÇOS DE TERCEIROS - PESSOA JURÍDICA;FESTIVIDADES E HOMENAGENS;"1655000,00";;vínculo em branco;01.200.0000
357;08 - SECRETARIA DE EDUCAÇÃO;001-GABINETE DA SECRETARIA DA EDUCAÇÃO;"0002-Governo Inteligente, Aberto e Inovador​";"2.005-Promoção de Eventos, Comunicação e Participação Social ";"3.3.90.31.00-PREMIAÇÕES CULTURAIS, ARTÍSTICAS, CIENTÍFICAS, DESPORTIVAS E OUTRAS";"PREMIAÇÕES CULTURAIS, ARTÍSTICAS, CIENTÍFICAS, DESPORTIVAS E OUTRAS";"294000,00";;vínculo em branco;01.200.0000
358;08 - SECRETARIA DE EDUCAÇÃO;001-GABINETE DA SECRETARIA DA EDUCAÇÃO;"0002-Governo Inteligente, Aberto e Inovador​";"2.005-Promoção de Eventos, Comunicação e Participação Social ";3.3.90.39.00-OUTROS SERVIÇOS DE TERCEIROS - PESSOA JURÍDICA;SERVIÇOS GRÁFICOS E EDITORIAIS;"4560901,00";;vínculo em branco;01.200.0000
359;08 - SECRETARIA DE EDUCAÇÃO;001-GABINETE DA SECRETARIA DA EDUCAÇÃO;"0002-Governo Inteligente, Aberto e Inovador​";"2.005-Promoção de Eventos, Comunicação e Participação Social ";3.3.90.39.00-OUTROS SERVIÇOS DE TERCEIROS - PESSOA JURÍDICA;LOCAÇÃO DE MÁQUINAS E EQUIPAMENTOS;"2848522,00";;vínculo em branco;01.200.0000
360;08 - SECRETARIA DE EDUCAÇÃO;001-GABINETE DA SECRETARIA DA EDUCAÇÃO;"0002-Governo Inteligente, Aberto e Inovador​";"2.005-Promoção de Eventos, Comunicação e Participação Social ";3.3.90.39.00-OUTROS SERVIÇOS DE TERCEIROS - PESSOA JURÍDICA;OUTROS SERVIÇOS DE TERCEIROS - PESSOA JURÍDICA;"153840,00";;vínculo em branco;01.200.0000
361;08 - SECRETARIA DE EDUCAÇÃO;001-GABINETE DA SECRETARIA DA EDUCAÇÃO;"0002-Governo Inteligente, Aberto e Inovador​";"2.005-Promoção de Eventos, Comunicação e Participação Social ";3.3.90.39.00-OUTROS SERVIÇOS DE TERCEIROS - PESSOA JURÍDICA;SERVIÇOS GRÁFICOS E EDITORIAIS;"4026072,00";;vínculo em branco;01.200.0000
362;08 - SECRETARIA DE EDUCAÇÃO;001-GABINETE DA SECRETARIA DA EDUCAÇÃO;"0002-Governo Inteligente, Aberto e Inovador​";"2.005-Promoção de Eventos, Comunicação e Participação Social ";3.3.90.39.00-OUTROS SERVIÇOS DE TERCEIROS - PESSOA JURÍDICA;LOCAÇÃO DE MÁQUINAS E EQUIPAMENTOS;"1122045,00";;vínculo em branco;01.200.0000
363;08 - SECRETARIA DE EDUCAÇÃO;001-GABINETE DA SECRETARIA DA EDUCAÇÃO;"0002-Governo Inteligente, Aberto e Inovador​";"2.005-Promoção de Eventos, Comunicação e Participação Social ";3.3.90.39.00-OUTROS SERVIÇOS DE TERCEIROS - PESSOA JURÍDICA;OUTROS SERVIÇOS DE TERCEIROS - PESSOA JURÍDICA;"103575,00";;vínculo em branco;01.200.0000
364;08 - SECRETARIA DE EDUCAÇÃO;001-GABINETE DA SECRETARIA DA EDUCAÇÃO;0001-Administração e Coordenação Geral​;2.006-Representações Oficiais ;3.3.90.33.00-PASSAGENS E DESPESAS COM LOCOMOÇÃO;;"1,00";;vínculo em branco;01.200.0000
365;08 - SECRETARIA DE EDUCAÇÃO;001-GABINETE DA SECRETARIA DA EDUCAÇÃO;0001-Administração e Coordenação Geral​;2.006-Representações Oficiais ;3.3.90.39.00-OUTROS SERVIÇOS DE TERCEIROS - PESSOA JURÍDICA;FESTIVIDADES E HOMENAGENS;"1,00";;vínculo em branco;01.200.0000
366;08 - SECRETARIA DE EDUCAÇÃO;001-GABINETE DA SECRETARIA DA EDUCAÇÃO;"0002-Governo Inteligente, Aberto e Inovador​";"2.007-Ampliação e Manutenção de Sistemas de Inteligência, Fiscalização e Tecnologia";3.3.90.40.00-SERVIÇOS DE TECNOLOGIA DA INFORMAÇÃO E COMUNICAÇÃO - PESSOA JURÍDICA;OUTROS SERVIÇOS DE TECNOLOGIA DA INFORMAÇÃO E COMUNICAÇÃO - PESSOA JURÍDICA;"17720015,00";;vínculo em branco;01.200.0000
367;08 - SECRETARIA DE EDUCAÇÃO;001-GABINETE DA SECRETARIA DA EDUCAÇÃO;"0002-Governo Inteligente, Aberto e Inovador​";"2.007-Ampliação e Manutenção de Sistemas de Inteligência, Fiscalização e Tecnologia";3.3.90.40.00-SERVIÇOS DE TECNOLOGIA DA INFORMAÇÃO E COMUNICAÇÃO - PESSOA JURÍDICA;OUTROS SERVIÇOS DE TECNOLOGIA DA INFORMAÇÃO E COMUNICAÇÃO - PESSOA JURÍDICA;"10179986,00";;vínculo em branco;01.200.0000
368;08 - SECRETARIA DE EDUCAÇÃO;001-GABINETE DA SECRETARIA DA EDUCAÇÃO;0001-Administração e Coordenação Geral​;2.008-Estágio e Aprendizagem;3.3.90.39.00-OUTROS SERVIÇOS DE TERCEIROS - PESSOA JURÍDICA;OUTROS SERVIÇOS DE TERCEIROS - PESSOA JURÍDICA;"638280,00";;vínculo em branco;01.200.0000
369;08 - SECRETARIA DE EDUCAÇÃO;001-GABINETE DA SECRETARIA DA EDUCAÇÃO;0001-Administração e Coordenação Geral​;2.008-Estágio e Aprendizagem;3.3.90.48.00 - OUTROS AUXILIOS FINANCEIROS A PESSOAS FISICAS;;"9500565,00";;vínculo em branco;01.200.0000
370;08 - SECRETARIA DE EDUCAÇÃO;001-GABINETE DA SECRETARIA DA EDUCAÇÃO;0001-Administração e Coordenação Geral​;2.011-Manutenção de Equipamentos Públicos ;3.3.90.30.00-MATERIAL DE CONSUMO;OUTROS MATERIAIS DE CONSUMO;"50000,00";;vínculo em branco;01.200.0000
371;08 - SECRETARIA DE EDUCAÇÃO;001-GABINETE DA SECRETARIA DA EDUCAÇÃO;0001-Administração e Coordenação Geral​;2.011-Manutenção de Equipamentos Públicos ;3.3.90.30.00-MATERIAL DE CONSUMO;MATERIAL DE LIMPEZA E PRODUTOS DE HIGIENIZAÇÃO;"500000,00";;vínculo em branco;01.200.0000
372;08 - SECRETARIA DE EDUCAÇÃO;001-GABINETE DA SECRETARIA DA EDUCAÇÃO;0001-Administração e Coordenação Geral​;2.011-Manutenção de Equipamentos Públicos ;3.3.90.30.00-MATERIAL DE CONSUMO;MATERIAL DE EXPEDIENTE;"200000,00";;vínculo em branco;01.200.0000
373;08 - SECRETARIA DE EDUCAÇÃO;001-GABINETE DA SECRETARIA DA EDUCAÇÃO;0001-Administração e Coordenação Geral​;2.011-Manutenção de Equipamentos Públicos ;3.3.90.30.00-MATERIAL DE CONSUMO;MATERIAL PARA MANUTENÇÃO DE BENS MÓVEIS;"150000,00";;vínculo em branco;01.200.0000
374;08 - SECRETARIA DE EDUCAÇÃO;001-GABINETE DA SECRETARIA DA EDUCAÇÃO;0001-Administração e Coordenação Geral​;2.011-Manutenção de Equipamentos Públicos ;3.3.90.30.00-MATERIAL DE CONSUMO;MATERIAL DE COPA E COZINHA;"100000,00";;vínculo em branco;01.200.0000
375;08 - SECRETARIA DE EDUCAÇÃO;001-GABINETE DA SECRETARIA DA EDUCAÇÃO;0001-Administração e Coordenação Geral​;2.011-Manutenção de Equipamentos Públicos ;3.3.90.39.00-OUTROS SERVIÇOS DE TERCEIROS - PESSOA JURÍDICA;SERVIÇOS DE ENERGIA ELÉTRICA;"336000,00";;vínculo em branco;01.200.0000
376;08 - SECRETARIA DE EDUCAÇÃO;001-GABINETE DA SECRETARIA DA EDUCAÇÃO;0001-Administração e Coordenação Geral​;2.011-Manutenção de Equipamentos Públicos ;3.3.90.39.00-OUTROS SERVIÇOS DE TERCEIROS - PESSOA JURÍDICA;SERVIÇOS DE TELECOMUNICAÇÕES;"252000,00";;vínculo em branco;01.200.0000
377;08 - SECRETARIA DE EDUCAÇÃO;001-GABINETE DA SECRETARIA DA EDUCAÇÃO;0001-Administração e Coordenação Geral​;2.011-Manutenção de Equipamentos Públicos ;3.3.90.39.00-OUTROS SERVIÇOS DE TERCEIROS - PESSOA JURÍDICA;LOCAÇÃO DE MÁQUINAS E EQUIPAMENTOS;"103000,00";;vínculo em branco;01.200.0000
378;08 - SECRETARIA DE EDUCAÇÃO;001-GABINETE DA SECRETARIA DA EDUCAÇÃO;0001-Administração e Coordenação Geral​;2.011-Manutenção de Equipamentos Públicos ;3.3.90.39.00-OUTROS SERVIÇOS DE TERCEIROS - PESSOA JURÍDICA;"SERVIÇO DE APOIO ADMINISTRATIVO, TÉCNICO E OPERACIONAL";"100000,00";;vínculo em branco;01.200.0000
379;08 - SECRETARIA DE EDUCAÇÃO;001-GABINETE DA SECRETARIA DA EDUCAÇÃO;0001-Administração e Coordenação Geral​;2.011-Manutenção de Equipamentos Públicos ;3.3.90.39.00-OUTROS SERVIÇOS DE TERCEIROS - PESSOA JURÍDICA;ASSINATURAS DE PERIÓDICOS E ANUIDADES;"15000,00";;vínculo em branco;01.200.0000
380;08 - SECRETARIA DE EDUCAÇÃO;001-GABINETE DA SECRETARIA DA EDUCAÇÃO;0001-Administração e Coordenação Geral​;2.011-Manutenção de Equipamentos Públicos ;3.3.90.93.00-INDENIZAÇÕES E RESTITUIÇÕES;INDENIZAÇÕES;"5000,00";;vínculo em branco;01.200.0000
381;08 - SECRETARIA DE EDUCAÇÃO;001-GABINETE DA SECRETARIA DA EDUCAÇÃO;0001-Administração e Coordenação Geral​;2.011-Manutenção de Equipamentos Públicos ;4.4.90.52.00-EQUIPAMENTOS E MATERIAL PERMANENTE;MOBILIÁRIO EM GERAL;"100000,00";;vínculo em branco;01.200.0000
382;08 - SECRETARIA DE EDUCAÇÃO;001-GABINETE DA SECRETARIA DA EDUCAÇÃO;0001-Administração e Coordenação Geral​;2.011-Manutenção de Equipamentos Públicos ;4.4.90.52.00-EQUIPAMENTOS E MATERIAL PERMANENTE;"MÁQUINAS, UTENSÍLIOS E EQUIPAMENTOS DIVERSOS";"100000,00";;vínculo em branco;01.200.0000
383;08 - SECRETARIA DE EDUCAÇÃO;001-GABINETE DA SECRETARIA DA EDUCAÇÃO;0016-Escola para Todos​;2.011-Manutenção de Equipamentos Públicos ;3.3.90.30.00-MATERIAL DE CONSUMO;MATERIAL DE LIMPEZA E PRODUTOS DE HIGIENIZAÇÃO;"6000000,00";;vínculo em branco;01.200.0000
384;08 - SECRETARIA DE EDUCAÇÃO;001-GABINETE DA SECRETARIA DA EDUCAÇÃO;0016-Escola para Todos​;2.011-Manutenção de Equipamentos Públicos ;3.3.90.30.00-MATERIAL DE CONSUMO;MATERIAL DE EXPEDIENTE;"1000000,00";;vínculo em branco;01.200.0000
385;08 - SECRETARIA DE EDUCAÇÃO;001-GABINETE DA SECRETARIA DA EDUCAÇÃO;0016-Escola para Todos​;2.011-Manutenção de Equipamentos Públicos ;3.3.90.30.00-MATERIAL DE CONSUMO;MATERIAL PARA MANUTENÇÃO DE BENS MÓVEIS;"2000000,00";;vínculo em branco;01.200.0000
386;08 - SECRETARIA DE EDUCAÇÃO;001-GABINETE DA SECRETARIA DA EDUCAÇÃO;0016-Escola para Todos​;2.011-Manutenção de Equipamentos Públicos ;3.3.90.30.00-MATERIAL DE CONSUMO;MATERIAL DE PROTEÇÃO E SEGURANÇA;"400000,00";;vínculo em branco;01.200.0000
387;08 - SECRETARIA DE EDUCAÇÃO;001-GABINETE DA SECRETARIA DA EDUCAÇÃO;0016-Escola para Todos​;2.011-Manutenção de Equipamentos Públicos ;3.3.90.30.00-MATERIAL DE CONSUMO;OUTROS MATERIAIS DE CONSUMO;"3700000,00";;vínculo em branco;01.200.0000
388;08 - SECRETARIA DE EDUCAÇÃO;001-GABINETE DA SECRETARIA DA EDUCAÇÃO;0016-Escola para Todos​;2.011-Manutenção de Equipamentos Públicos ;3.3.90.30.00-MATERIAL DE CONSUMO;MATERIAL EDUCATIVO E ESPORTIVO;"300000,00";;vínculo em branco;01.200.0000
389;08 - SECRETARIA DE EDUCAÇÃO;001-GABINETE DA SECRETARIA DA EDUCAÇÃO;0016-Escola para Todos​;2.011-Manutenção de Equipamentos Públicos ;3.3.90.30.00-MATERIAL DE CONSUMO;OUTROS MATERIAIS DE CONSUMO;"200000,00";;vínculo em branco;01.200.0000
390;08 - SECRETARIA DE EDUCAÇÃO;001-GABINETE DA SECRETARIA DA EDUCAÇÃO;0016-Escola para Todos​;2.011-Manutenção de Equipamentos Públicos ;3.3.90.39.00-OUTROS SERVIÇOS DE TERCEIROS - PESSOA JURÍDICA;SERVIÇOS DE ENERGIA ELÉTRICA;"3125000,00";;vínculo em branco;01.200.0000
391;08 - SECRETARIA DE EDUCAÇÃO;001-GABINETE DA SECRETARIA DA EDUCAÇÃO;0016-Escola para Todos​;2.011-Manutenção de Equipamentos Públicos ;3.3.90.39.00-OUTROS SERVIÇOS DE TERCEIROS - PESSOA JURÍDICA;SERVIÇOS DE TELECOMUNICAÇÕES;"350000,00";;vínculo em branco;01.200.0000
392;08 - SECRETARIA DE EDUCAÇÃO;001-GABINETE DA SECRETARIA DA EDUCAÇÃO;0016-Escola para Todos​;2.011-Manutenção de Equipamentos Públicos ;3.3.90.39.00-OUTROS SERVIÇOS DE TERCEIROS - PESSOA JURÍDICA;LOCAÇÃO DE MÁQUINAS E EQUIPAMENTOS;"1,00";;vínculo em branco;01.200.0000
393;08 - SECRETARIA DE EDUCAÇÃO;001-GABINETE DA SECRETARIA DA EDUCAÇÃO;0016-Escola para Todos​;2.011-Manutenção de Equipamentos Públicos ;3.3.90.39.00-OUTROS SERVIÇOS DE TERCEIROS - PESSOA JURÍDICA;MANUTENÇÃO E CONSERVAÇÃO DE BENS IMÓVEIS;"1573582,00";;vínculo em branco;01.200.0000
394;08 - SECRETARIA DE EDUCAÇÃO;001-GABINETE DA SECRETARIA DA EDUCAÇÃO;0016-Escola para Todos​;2.011-Manutenção de Equipamentos Públicos ;3.3.90.39.00-OUTROS SERVIÇOS DE TERCEIROS - PESSOA JURÍDICA;MANUTENÇÃO E CONSERVAÇÃO DE BENS IMÓVEIS;"2331241,98";;vínculo em branco;01.200.0000
395;08 - SECRETARIA DE EDUCAÇÃO;001-GABINETE DA SECRETARIA DA EDUCAÇÃO;0016-Escola para Todos​;2.011-Manutenção de Equipamentos Públicos ;4.4.90.52.00-EQUIPAMENTOS E MATERIAL PERMANENTE;MOBILIÁRIO EM GERAL;"100000,00";;vínculo em branco;01.200.0000
396;08 - SECRETARIA DE EDUCAÇÃO;001-GABINETE DA SECRETARIA DA EDUCAÇÃO;0016-Escola para Todos​;2.011-Manutenção de Equipamentos Públicos ;4.4.90.52.00-EQUIPAMENTOS E MATERIAL PERMANENTE;MOBILIÁRIO EM GERAL;"560000,00";;vínculo em branco;01.200.0000
397;08 - SECRETARIA DE EDUCAÇÃO;001-GABINETE DA SECRETARIA DA EDUCAÇÃO;0016-Escola para Todos​;2.011-Manutenção de Equipamentos Públicos ;4.4.90.52.00-EQUIPAMENTOS E MATERIAL PERMANENTE;MATERIAL EDUCATIVO E ESPORTIVO;"1,00";;vínculo em branco;01.200.0000
398;08 - SECRETARIA DE EDUCAÇÃO;001-GABINETE DA SECRETARIA DA EDUCAÇÃO;0016-Escola para Todos​;2.011-Manutenção de Equipamentos Públicos ;3.3.90.30.00-MATERIAL DE CONSUMO;MATERIAL DE LIMPEZA E PRODUTOS DE HIGIENIZAÇÃO;"6000000,00";;vínculo em branco;01.200.0000
399;08 - SECRETARIA DE EDUCAÇÃO;001-GABINETE DA SECRETARIA DA EDUCAÇÃO;0016-Escola para Todos​;2.011-Manutenção de Equipamentos Públicos ;3.3.90.30.00-MATERIAL DE CONSUMO;MATERIAL DE EXPEDIENTE;"1200000,00";;vínculo em branco;01.200.0000
400;08 - SECRETARIA DE EDUCAÇÃO;001-GABINETE DA SECRETARIA DA EDUCAÇÃO;0016-Escola para Todos​;2.011-Manutenção de Equipamentos Públicos ;3.3.90.30.00-MATERIAL DE CONSUMO;MATERIAL PARA MANUTENÇÃO DE BENS MÓVEIS;"5000000,00";;vínculo em branco;01.200.0000
401;08 - SECRETARIA DE EDUCAÇÃO;001-GABINETE DA SECRETARIA DA EDUCAÇÃO;0016-Escola para Todos​;2.011-Manutenção de Equipamentos Públicos ;3.3.90.30.00-MATERIAL DE CONSUMO;MATERIAL DE PROTEÇÃO E SEGURANÇA;"400000,00";;vínculo em branco;01.200.0000
402;08 - SECRETARIA DE EDUCAÇÃO;001-GABINETE DA SECRETARIA DA EDUCAÇÃO;0016-Escola para Todos​;2.011-Manutenção de Equipamentos Públicos ;3.3.90.30.00-MATERIAL DE CONSUMO;"MATERIAL DE CAMA, MESA E BANHO";"300000,00";;vínculo em branco;01.200.0000
403;08 - SECRETARIA DE EDUCAÇÃO;001-GABINETE DA SECRETARIA DA EDUCAÇÃO;0016-Escola para Todos​;2.011-Manutenção de Equipamentos Públicos ;3.3.90.30.00-MATERIAL DE CONSUMO;OUTROS MATERIAIS DE CONSUMO;"3600000,00";;vínculo em branco;01.200.0000
404;08 - SECRETARIA DE EDUCAÇÃO;001-GABINETE DA SECRETARIA DA EDUCAÇÃO;0016-Escola para Todos​;2.011-Manutenção de Equipamentos Públicos ;3.3.90.30.00-MATERIAL DE CONSUMO;OUTROS MATERIAIS DE CONSUMO;"700000,00";;vínculo em branco;01.200.0000
405;08 - SECRETARIA DE EDUCAÇÃO;001-GABINETE DA SECRETARIA DA EDUCAÇÃO;0016-Escola para Todos​;2.011-Manutenção de Equipamentos Públicos ;3.3.90.30.00-MATERIAL DE CONSUMO;OUTROS MATERIAIS DE CONSUMO;"400000,00";;vínculo em branco;01.200.0000
406;08 - SECRETARIA DE EDUCAÇÃO;001-GABINETE DA SECRETARIA DA EDUCAÇÃO;0016-Escola para Todos​;2.011-Manutenção de Equipamentos Públicos ;3.3.90.39.00-OUTROS SERVIÇOS DE TERCEIROS - PESSOA JURÍDICA;SERVIÇOS DE ENERGIA ELÉTRICA;"1860000,00";;vínculo em branco;01.200.0000
407;08 - SECRETARIA DE EDUCAÇÃO;001-GABINETE DA SECRETARIA DA EDUCAÇÃO;0016-Escola para Todos​;2.011-Manutenção de Equipamentos Públicos ;3.3.90.39.00-OUTROS SERVIÇOS DE TERCEIROS - PESSOA JURÍDICA;SERVIÇOS DE TELECOMUNICAÇÕES;"288000,00";;vínculo em branco;01.200.0000
408;08 - SECRETARIA DE EDUCAÇÃO;001-GABINETE DA SECRETARIA DA EDUCAÇÃO;0016-Escola para Todos​;2.011-Manutenção de Equipamentos Públicos ;3.3.90.39.00-OUTROS SERVIÇOS DE TERCEIROS - PESSOA JURÍDICA;OUTROS SERVIÇOS DE TERCEIROS - PESSOA JURÍDICA;"500000,00";;vínculo em branco;01.200.0000
409;08 - SECRETARIA DE EDUCAÇÃO;001-GABINETE DA SECRETARIA DA EDUCAÇÃO;0016-Escola para Todos​;2.011-Manutenção de Equipamentos Públicos ;3.3.90.39.00-OUTROS SERVIÇOS DE TERCEIROS - PESSOA JURÍDICA;MANUTENÇÃO E CONSERVAÇÃO DE BENS IMÓVEIS;"1573582,00";;vínculo em branco;01.200.0000
410;08 - SECRETARIA DE EDUCAÇÃO;001-GABINETE DA SECRETARIA DA EDUCAÇÃO;0016-Escola para Todos​;2.011-Manutenção de Equipamentos Públicos ;3.3.90.39.00-OUTROS SERVIÇOS DE TERCEIROS - PESSOA JURÍDICA;MANUTENÇÃO E CONSERVAÇÃO DE BENS IMÓVEIS;"1554161,32";;vínculo em branco;01.200.0000
411;08 - SECRETARIA DE EDUCAÇÃO;001-GABINETE DA SECRETARIA DA EDUCAÇÃO;0016-Escola para Todos​;2.011-Manutenção de Equipamentos Públicos ;4.4.90.52.00-EQUIPAMENTOS E MATERIAL PERMANENTE;MOBILIÁRIO EM GERAL;"500000,00";;vínculo em branco;01.200.0000
412;08 - SECRETARIA DE EDUCAÇÃO;001-GABINETE DA SECRETARIA DA EDUCAÇÃO;0016-Escola para Todos​;2.011-Manutenção de Equipamentos Públicos ;4.4.90.52.00-EQUIPAMENTOS E MATERIAL PERMANENTE;MOBILIÁRIO EM GERAL;"2240000,00";;vínculo em branco;01.200.0000
413;08 - SECRETARIA DE EDUCAÇÃO;001-GABINETE DA SECRETARIA DA EDUCAÇÃO;0016-Escola para Todos​;2.011-Manutenção de Equipamentos Públicos ;3.3.90.30.00-MATERIAL DE CONSUMO;GÊNEROS DE ALIMENTAÇÃO;"750000,00";;vínculo em branco;01.200.0000
414;08 - SECRETARIA DE EDUCAÇÃO;001-GABINETE DA SECRETARIA DA EDUCAÇÃO;0016-Escola para Todos​;2.011-Manutenção de Equipamentos Públicos ;3.3.90.30.00-MATERIAL DE CONSUMO;GÁS ENGARRAFADO;"1200000,00";;vínculo em branco;01.200.0000
415;08 - SECRETARIA DE EDUCAÇÃO;001-GABINETE DA SECRETARIA DA EDUCAÇÃO;0016-Escola para Todos​;2.011-Manutenção de Equipamentos Públicos ;4.4.90.52.00-EQUIPAMENTOS E MATERIAL PERMANENTE;APARELHOS E UTENSÍLIOS DOMÉSTICOS;"500000,00";;vínculo em branco;01.200.0000
416;08 - SECRETARIA DE EDUCAÇÃO;001-GABINETE DA SECRETARIA DA EDUCAÇÃO;0016-Escola para Todos​;2.017-Suporte ao Aluno ;3.3.90.30.00-MATERIAL DE CONSUMO;GÊNEROS DE ALIMENTAÇÃO;"32890542,00";;vínculo em branco;01.200.0000
417;08 - SECRETARIA DE EDUCAÇÃO;001-GABINETE DA SECRETARIA DA EDUCAÇÃO;0016-Escola para Todos​;2.017-Suporte ao Aluno ;3.3.90.30.00-MATERIAL DE CONSUMO;GÊNEROS DE ALIMENTAÇÃO;"35361465,00";;vínculo em branco;01.200.0000
418;08 - SECRETARIA DE EDUCAÇÃO;001-GABINETE DA SECRETARIA DA EDUCAÇÃO;0016-Escola para Todos​;2.017-Suporte ao Aluno ;3.3.90.30.00-MATERIAL DE CONSUMO;GÊNEROS DE ALIMENTAÇÃO;"84910803,00";;vínculo em branco;01.200.0000
419;08 - SECRETARIA DE EDUCAÇÃO;001-GABINETE DA SECRETARIA DA EDUCAÇÃO;0016-Escola para Todos​;2.017-Suporte ao Aluno ;3.3.90.30.00-MATERIAL DE CONSUMO;GÊNEROS DE ALIMENTAÇÃO;"5999457,00";;vínculo em branco;01.200.0000
420;08 - SECRETARIA DE EDUCAÇÃO;001-GABINETE DA SECRETARIA DA EDUCAÇÃO;0016-Escola para Todos​;2.017-Suporte ao Aluno ;3.3.90.30.00-MATERIAL DE CONSUMO;GÊNEROS DE ALIMENTAÇÃO;"12583500,00";;vínculo em branco;01.200.0000
421;08 - SECRETARIA DE EDUCAÇÃO;001-GABINETE DA SECRETARIA DA EDUCAÇÃO;0016-Escola para Todos​;2.017-Suporte ao Aluno ;3.3.90.30.00-MATERIAL DE CONSUMO;GÊNEROS DE ALIMENTAÇÃO;"4967518,00";;vínculo em branco;01.200.0000
422;08 - SECRETARIA DE EDUCAÇÃO;001-GABINETE DA SECRETARIA DA EDUCAÇÃO;0016-Escola para Todos​;2.017-Suporte ao Aluno ;3.3.90.30.00-MATERIAL DE CONSUMO;GÊNEROS DE ALIMENTAÇÃO;"0,00";;vínculo em branco;01.200.0000
423;08 - SECRETARIA DE EDUCAÇÃO;001-GABINETE DA SECRETARIA DA EDUCAÇÃO;0016-Escola para Todos​;2.017-Suporte ao Aluno ;3.3.90.30.00-MATERIAL DE CONSUMO;GÊNEROS DE ALIMENTAÇÃO;"0,00";;vínculo em branco;01.200.0000
424;08 - SECRETARIA DE EDUCAÇÃO;001-GABINETE DA SECRETARIA DA EDUCAÇÃO;0016-Escola para Todos​;2.017-Suporte ao Aluno ;3.3.90.30.00-MATERIAL DE CONSUMO;GÊNEROS DE ALIMENTAÇÃO;"0,00";;vínculo em branco;01.200.0000
425;08 - SECRETARIA DE EDUCAÇÃO;001-GABINETE DA SECRETARIA DA EDUCAÇÃO;0016-Escola para Todos​;2.017-Suporte ao Aluno ;3.3.90.30.00-MATERIAL DE CONSUMO;GÊNEROS DE ALIMENTAÇÃO;"0,00";;vínculo em branco;01.200.0000
426;08 - SECRETARIA DE EDUCAÇÃO;001-GABINETE DA SECRETARIA DA EDUCAÇÃO;0016-Escola para Todos​;2.017-Suporte ao Aluno ;3.3.90.30.00-MATERIAL DE CONSUMO;GÊNEROS DE ALIMENTAÇÃO;"0,00";;vínculo em branco;01.200.0000
427;08 - SECRETARIA DE EDUCAÇÃO;001-GABINETE DA SECRETARIA DA EDUCAÇÃO;0016-Escola para Todos​;2.017-Suporte ao Aluno ;3.3.90.30.00-MATERIAL DE CONSUMO;GÊNEROS DE ALIMENTAÇÃO;"0,00";;vínculo em branco;01.200.0000
428;08 - SECRETARIA DE EDUCAÇÃO;001-GABINETE DA SECRETARIA DA EDUCAÇÃO;0016-Escola para Todos​;2.017-Suporte ao Aluno ;3.3.90.30.00-MATERIAL DE CONSUMO;GÊNEROS DE ALIMENTAÇÃO;"12000000,00";;vínculo em branco;01.200.0000
429;08 - SECRETARIA DE EDUCAÇÃO;001-GABINETE DA SECRETARIA DA EDUCAÇÃO;0016-Escola para Todos​;2.017-Suporte ao Aluno ;"3.3.90.32.00-MATERIAL, BEM OU SERVIÇO PARA DISTRIBUIÇÃO GRATUITA";OUTROS MATERIAIS DE DISTRIBUIÇÃO GRATUITA;"3757214,00";;vínculo em branco;01.200.0000
430;08 - SECRETARIA DE EDUCAÇÃO;001-GABINETE DA SECRETARIA DA EDUCAÇÃO;0016-Escola para Todos​;2.017-Suporte ao Aluno ;"3.3.90.32.00-MATERIAL, BEM OU SERVIÇO PARA DISTRIBUIÇÃO GRATUITA";OUTROS MATERIAIS DE DISTRIBUIÇÃO GRATUITA;"1269017,00";;vínculo em branco;01.200.0000
431;08 - SECRETARIA DE EDUCAÇÃO;001-GABINETE DA SECRETARIA DA EDUCAÇÃO;0016-Escola para Todos​;2.017-Suporte ao Aluno ;"3.3.90.32.00-MATERIAL, BEM OU SERVIÇO PARA DISTRIBUIÇÃO GRATUITA";OUTROS MATERIAIS DE DISTRIBUIÇÃO GRATUITA;"20840984,00";;vínculo em branco;01.200.0000
432;08 - SECRETARIA DE EDUCAÇÃO;001-GABINETE DA SECRETARIA DA EDUCAÇÃO;0016-Escola para Todos​;2.017-Suporte ao Aluno ;"3.3.90.32.00-MATERIAL, BEM OU SERVIÇO PARA DISTRIBUIÇÃO GRATUITA";OUTROS MATERIAIS DE DISTRIBUIÇÃO GRATUITA;"9098414,00";;vínculo em branco;01.200.0000
433;08 - SECRETARIA DE EDUCAÇÃO;001-GABINETE DA SECRETARIA DA EDUCAÇÃO;0016-Escola para Todos​;2.017-Suporte ao Aluno ;"3.3.90.32.00-MATERIAL, BEM OU SERVIÇO PARA DISTRIBUIÇÃO GRATUITA";OUTROS MATERIAIS DE DISTRIBUIÇÃO GRATUITA;"23586363,00";;vínculo em branco;01.200.0000
434;08 - SECRETARIA DE EDUCAÇÃO;001-GABINETE DA SECRETARIA DA EDUCAÇÃO;0016-Escola para Todos​;2.017-Suporte ao Aluno ;"3.3.90.32.00-MATERIAL, BEM OU SERVIÇO PARA DISTRIBUIÇÃO GRATUITA";OUTROS MATERIAIS DE DISTRIBUIÇÃO GRATUITA;"4012093,00";;vínculo em branco;01.200.0000
435;08 - SECRETARIA DE EDUCAÇÃO;001-GABINETE DA SECRETARIA DA EDUCAÇÃO;0016-Escola para Todos​;2.017-Suporte ao Aluno ;"3.3.90.32.00-MATERIAL, BEM OU SERVIÇO PARA DISTRIBUIÇÃO GRATUITA";OUTROS MATERIAIS DE DISTRIBUIÇÃO GRATUITA;"17745907,00";;vínculo em branco;01.200.0000
436;08 - SECRETARIA DE EDUCAÇÃO;001-GABINETE DA SECRETARIA DA EDUCAÇÃO;0016-Escola para Todos​;2.017-Suporte ao Aluno ;"3.3.90.32.00-MATERIAL, BEM OU SERVIÇO PARA DISTRIBUIÇÃO GRATUITA";OUTROS MATERIAIS DE DISTRIBUIÇÃO GRATUITA;"3206578,00";;vínculo em branco;01.200.0000
437;08 - SECRETARIA DE EDUCAÇÃO;001-GABINETE DA SECRETARIA DA EDUCAÇÃO;0016-Escola para Todos​;2.018-Conectividade e Tecnologia na Educação;3.3.90.40.00-SERVIÇOS DE TECNOLOGIA DA INFORMAÇÃO E COMUNICAÇÃO - PESSOA JURÍDICA;OUTROS SERVIÇOS DE TECNOLOGIA DA INFORMAÇÃO E COMUNICAÇÃO - PESSOA JURÍDICA;"48301742,16";;vínculo em branco;01.200.0000
438;08 - SECRETARIA DE EDUCAÇÃO;001-GABINETE DA SECRETARIA DA EDUCAÇÃO;0016-Escola para Todos​;2.018-Conectividade e Tecnologia na Educação;3.3.90.40.00-SERVIÇOS DE TECNOLOGIA DA INFORMAÇÃO E COMUNICAÇÃO - PESSOA JURÍDICA;OUTROS SERVIÇOS DE TECNOLOGIA DA INFORMAÇÃO E COMUNICAÇÃO - PESSOA JURÍDICA;"5390478,22";;vínculo em branco;01.200.0000
439;08 - SECRETARIA DE EDUCAÇÃO;001-GABINETE DA SECRETARIA DA EDUCAÇÃO;0016-Escola para Todos​;2.018-Conectividade e Tecnologia na Educação;3.3.90.40.00-SERVIÇOS DE TECNOLOGIA DA INFORMAÇÃO E COMUNICAÇÃO - PESSOA JURÍDICA;OUTROS SERVIÇOS DE TECNOLOGIA DA INFORMAÇÃO E COMUNICAÇÃO - PESSOA JURÍDICA;"6234310,00";;vínculo em branco;01.200.0000
440;08 - SECRETARIA DE EDUCAÇÃO;001-GABINETE DA SECRETARIA DA EDUCAÇÃO;0016-Escola para Todos​;2.018-Conectividade e Tecnologia na Educação;3.3.90.40.00-SERVIÇOS DE TECNOLOGIA DA INFORMAÇÃO E COMUNICAÇÃO - PESSOA JURÍDICA;OUTROS SERVIÇOS DE TECNOLOGIA DA INFORMAÇÃO E COMUNICAÇÃO - PESSOA JURÍDICA;"10735121,53";;vínculo em branco;01.200.0000
441;08 - SECRETARIA DE EDUCAÇÃO;001-GABINETE DA SECRETARIA DA EDUCAÇÃO;0016-Escola para Todos​;2.018-Conectividade e Tecnologia na Educação;3.3.90.40.00-SERVIÇOS DE TECNOLOGIA DA INFORMAÇÃO E COMUNICAÇÃO - PESSOA JURÍDICA;OUTROS SERVIÇOS DE TECNOLOGIA DA INFORMAÇÃO E COMUNICAÇÃO - PESSOA JURÍDICA;"3069880,00";;vínculo em branco;01.200.0000
442;08 - SECRETARIA DE EDUCAÇÃO;001-GABINETE DA SECRETARIA DA EDUCAÇÃO;0016-Escola para Todos​;2.018-Conectividade e Tecnologia na Educação;3.3.90.30.00-MATERIAL DE CONSUMO;OUTROS MATERIAIS DE CONSUMO;"1,00";;vínculo em branco;01.200.0000
443;08 - SECRETARIA DE EDUCAÇÃO;001-GABINETE DA SECRETARIA DA EDUCAÇÃO;0016-Escola para Todos​;2.018-Conectividade e Tecnologia na Educação;4.4.90.52.00-EQUIPAMENTOS E MATERIAL PERMANENTE;"EQUIPAMENTOS PARA ÁUDIO, VÍDEO E FOTO";"3440397,84";;vínculo em branco;01.200.0000
444;08 - SECRETARIA DE EDUCAÇÃO;001-GABINETE DA SECRETARIA DA EDUCAÇÃO;0016-Escola para Todos​;2.018-Conectividade e Tecnologia na Educação;3.3.90.40.00-SERVIÇOS DE TECNOLOGIA DA INFORMAÇÃO E COMUNICAÇÃO - PESSOA JURÍDICA;OUTROS SERVIÇOS DE TECNOLOGIA DA INFORMAÇÃO E COMUNICAÇÃO - PESSOA JURÍDICA;"11496140,46";;vínculo em branco;01.200.0000
445;08 - SECRETARIA DE EDUCAÇÃO;001-GABINETE DA SECRETARIA DA EDUCAÇÃO;0016-Escola para Todos​;2.018-Conectividade e Tecnologia na Educação;3.3.90.40.00-SERVIÇOS DE TECNOLOGIA DA INFORMAÇÃO E COMUNICAÇÃO - PESSOA JURÍDICA;OUTROS SERVIÇOS DE TECNOLOGIA DA INFORMAÇÃO E COMUNICAÇÃO - PESSOA JURÍDICA;"3593651,14";;vínculo em branco;01.200.0000
446;08 - SECRETARIA DE EDUCAÇÃO;001-GABINETE DA SECRETARIA DA EDUCAÇÃO;0016-Escola para Todos​;2.019-Ações Pedagógicas Complementares;3.3.50.39.00-OUTROS SERVIÇOS DE TERCEIROS - PESSOA JURÍDICA;TERMO DE COLABORAÇÃO;"3018178,00";;vínculo em branco;01.200.0000
447;08 - SECRETARIA DE EDUCAÇÃO;001-GABINETE DA SECRETARIA DA EDUCAÇÃO;0016-Escola para Todos​;2.019-Ações Pedagógicas Complementares;"3.3.90.32.00-MATERIAL, BEM OU SERVIÇO PARA DISTRIBUIÇÃO GRATUITA";MATERIAL EDUCACIONAL E CULTURAL;"1,00";;vínculo em branco;01.200.0000
448;08 - SECRETARIA DE EDUCAÇÃO;001-GABINETE DA SECRETARIA DA EDUCAÇÃO;0016-Escola para Todos​;2.019-Ações Pedagógicas Complementares;"3.3.90.32.00-MATERIAL, BEM OU SERVIÇO PARA DISTRIBUIÇÃO GRATUITA";MATERIAL EDUCACIONAL E CULTURAL;"1,00";;vínculo em branco;01.200.0000
449;08 - SECRETARIA DE EDUCAÇÃO;001-GABINETE DA SECRETARIA DA EDUCAÇÃO;0016-Escola para Todos​;2.019-Ações Pedagógicas Complementares;3.3.90.39.00-OUTROS SERVIÇOS DE TERCEIROS - PESSOA JURÍDICA;SERVIÇOS DE APOIO AO ENSINO;"2586416,80";;vínculo em branco;01.200.0000
450;08 - SECRETARIA DE EDUCAÇÃO;001-GABINETE DA SECRETARIA DA EDUCAÇÃO;0016-Escola para Todos​;2.019-Ações Pedagógicas Complementares;3.3.90.39.00-OUTROS SERVIÇOS DE TERCEIROS - PESSOA JURÍDICA;SERVIÇOS DE APOIO AO ENSINO;"2439650,00";;vínculo em branco;01.200.0000
451;08 - SECRETARIA DE EDUCAÇÃO;001-GABINETE DA SECRETARIA DA EDUCAÇÃO;0016-Escola para Todos​;2.019-Ações Pedagógicas Complementares;3.3.90.39.00-OUTROS SERVIÇOS DE TERCEIROS - PESSOA JURÍDICA;SERVIÇOS DE APOIO AO ENSINO;"55574467,00";;vínculo em branco;01.200.0000
452;08 - SECRETARIA DE EDUCAÇÃO;001-GABINETE DA SECRETARIA DA EDUCAÇÃO;0016-Escola para Todos​;2.019-Ações Pedagógicas Complementares;3.3.90.39.00-OUTROS SERVIÇOS DE TERCEIROS - PESSOA JURÍDICA;OUTROS SERVIÇOS DE TERCEIROS - PESSOA JURÍDICA;"79200,00";;vínculo em branco;01.200.0000
453;08 - SECRETARIA DE EDUCAÇÃO;001-GABINETE DA SECRETARIA DA EDUCAÇÃO;0016-Escola para Todos​;2.019-Ações Pedagógicas Complementares;3.3.90.48.00 - OUTROS AUXILIOS FINANCEIROS A PESSOAS FISICAS;;"1150000,00";;vínculo em branco;01.200.0000
454;08 - SECRETARIA DE EDUCAÇÃO;001-GABINETE DA SECRETARIA DA EDUCAÇÃO;0016-Escola para Todos​;2.020-Transporte de Alunos ;3.3.90.39.00-OUTROS SERVIÇOS DE TERCEIROS - PESSOA JURÍDICA;FRETES E TRANSPORTES DE ENCOMENDAS;"13120263,00";;vínculo em branco;01.200.0000
455;08 - SECRETARIA DE EDUCAÇÃO;001-GABINETE DA SECRETARIA DA EDUCAÇÃO;0016-Escola para Todos​;2.020-Transporte de Alunos ;3.3.90.39.00-OUTROS SERVIÇOS DE TERCEIROS - PESSOA JURÍDICA;FRETES E TRANSPORTES DE ENCOMENDAS;"7996842,00";;vínculo em branco;01.200.0000
456;08 - SECRETARIA DE EDUCAÇÃO;001-GABINETE DA SECRETARIA DA EDUCAÇÃO;0016-Escola para Todos​;2.020-Transporte de Alunos ;3.3.90.39.00-OUTROS SERVIÇOS DE TERCEIROS - PESSOA JURÍDICA;FRETES E TRANSPORTES DE ENCOMENDAS;"1,00";;vínculo em branco;01.200.0000
457;08 - SECRETARIA DE EDUCAÇÃO;001-GABINETE DA SECRETARIA DA EDUCAÇÃO;0016-Escola para Todos​;2.020-Transporte de Alunos ;3.3.90.39.00-OUTROS SERVIÇOS DE TERCEIROS - PESSOA JURÍDICA;FRETES E TRANSPORTES DE ENCOMENDAS;"3525840,00";;vínculo em branco;01.200.0000
458;08 - SECRETARIA DE EDUCAÇÃO;001-GABINETE DA SECRETARIA DA EDUCAÇÃO;0016-Escola para Todos​;2.022-Parcerias para Criação de Vagas;3.3.50.39.00-OUTROS SERVIÇOS DE TERCEIROS - PESSOA JURÍDICA;TERMO DE COLABORAÇÃO;"60497859,00";;vínculo em branco;01.200.0000
459;08 - SECRETARIA DE EDUCAÇÃO;001-GABINETE DA SECRETARIA DA EDUCAÇÃO;0016-Escola para Todos​;2.022-Parcerias para Criação de Vagas;4.4.50.39.00-OUTROS SERVIÇOS DE TERCEIROS - PESSOA JURÍDICA;TERMO DE COLABORAÇÃO;"157080,00";;vínculo em branco;01.200.0000
460;08 - SECRETARIA DE EDUCAÇÃO;001-GABINETE DA SECRETARIA DA EDUCAÇÃO;0016-Escola para Todos​;2.023-Gestão Compartilhada de Equipamentos Públicos ;3.3.50.39.00-OUTROS SERVIÇOS DE TERCEIROS - PESSOA JURÍDICA;TERMO DE COLABORAÇÃO;"0,00";;vínculo em branco;01.200.0000
461;08 - SECRETARIA DE EDUCAÇÃO;001-GABINETE DA SECRETARIA DA EDUCAÇÃO;0016-Escola para Todos​;2.023-Gestão Compartilhada de Equipamentos Públicos ;3.3.50.39.00-OUTROS SERVIÇOS DE TERCEIROS - PESSOA JURÍDICA;TERMO DE COLABORAÇÃO;"8250825,00";;vínculo em branco;01.200.0000
462;08 - SECRETARIA DE EDUCAÇÃO;001-GABINETE DA SECRETARIA DA EDUCAÇÃO;0016-Escola para Todos​;2.023-Gestão Compartilhada de Equipamentos Públicos ;3.3.50.39.00-OUTROS SERVIÇOS DE TERCEIROS - PESSOA JURÍDICA;TERMO DE COLABORAÇÃO;"2357637,00";;vínculo em branco;01.200.0000
463;08 - SECRETARIA DE EDUCAÇÃO;001-GABINETE DA SECRETARIA DA EDUCAÇÃO;0016-Escola para Todos​;2.023-Gestão Compartilhada de Equipamentos Públicos ;4.4.50.39.00-OUTROS SERVIÇOS DE TERCEIROS - PESSOA JURÍDICA;TERMO DE COLABORAÇÃO;"1461076,00";;vínculo em branco;01.200.0000
464;08 - SECRETARIA DE EDUCAÇÃO;001-GABINETE DA SECRETARIA DA EDUCAÇÃO;0016-Escola para Todos​;2.023-Gestão Compartilhada de Equipamentos Públicos ;4.4.50.39.00-OUTROS SERVIÇOS DE TERCEIROS - PESSOA JURÍDICA;TERMO DE COLABORAÇÃO;"2062707,00";;vínculo em branco;01.200.0000
465;08 - SECRETARIA DE EDUCAÇÃO;001-GABINETE DA SECRETARIA DA EDUCAÇÃO;0016-Escola para Todos​;2.023-Gestão Compartilhada de Equipamentos Públicos ;4.4.50.39.00-OUTROS SERVIÇOS DE TERCEIROS - PESSOA JURÍDICA;TERMO DE COLABORAÇÃO;"589409,00";;vínculo em branco;01.200.0000
466;08 - SECRETARIA DE EDUCAÇÃO;001-CHEFIA DE GABINETE;"0002-Governo Inteligente, Aberto e Inovador​";"2.005-Promoção de Eventos, Comunicação e Participação Social ";3.3.90.30.00-MATERIAL DE CONSUMO;;"1354100,00";;vínculo em branco;01.200.0000
467;08 - SECRETARIA DE EDUCAÇÃO;001-CHEFIA DE GABINETE;"0002-Governo Inteligente, Aberto e Inovador​";"2.005-Promoção de Eventos, Comunicação e Participação Social ";3.3.90.39.00-OUTROS SERVIÇOS DE TERCEIROS - PESSOA JURÍDICA;;"0,00";;vínculo em branco;01.200.0000
468;08 - SECRETARIA DE EDUCAÇÃO;001-CHEFIA DE GABINETE;0001-Administração e Coordenação Geral​;2.006-Representações Oficiais ;3.3.90.33.00-PASSAGENS E DESPESAS COM LOCOMOÇÃO;;"1,00";;vínculo em branco;01.200.0000
469;08 - SECRETARIA DE EDUCAÇÃO;001-CHEFIA DE GABINETE;0001-Administração e Coordenação Geral​;2.006-Representações Oficiais ;3.3.90.39.00-OUTROS SERVIÇOS DE TERCEIROS - PESSOA JURÍDICA;;"1,00";;vínculo em branco;01.200.0000
470;08 - SECRETARIA DE EDUCAÇÃO;001-CHEFIA DE GABINETE;0001-Administração e Coordenação Geral​;2.008-Estágio e Aprendizagem;3.3.90.39.00-OUTROS SERVIÇOS DE TERCEIROS - PESSOA JURÍDICA;;"493440,00";;vínculo em branco;01.200.0000
471;08 - SECRETARIA DE EDUCAÇÃO;001-CHEFIA DE GABINETE;0001-Administração e Coordenação Geral​;2.008-Estágio e Aprendizagem;3.3.90.48.00 - OUTROS AUXILIOS FINANCEIROS A PESSOAS FISICAS;;"16964195,19";;vínculo em branco;01.200.0000
472;08 - SECRETARIA DE EDUCAÇÃO;001-CHEFIA DE GABINETE;0001-Administração e Coordenação Geral​;2.011-Manutenção de Equipamentos Públicos ;3.3.50.39.00-OUTROS SERVIÇOS DE TERCEIROS - PESSOA JURÍDICA;;"0,00";;vínculo em branco;01.200.0000
473;08 - SECRETARIA DE EDUCAÇÃO;001-CHEFIA DE GABINETE;0001-Administração e Coordenação Geral​;2.011-Manutenção de Equipamentos Públicos ;3.3.90.30.00-MATERIAL DE CONSUMO;;"768464,33";;vínculo em branco;01.200.0000
474;08 - SECRETARIA DE EDUCAÇÃO;001-CHEFIA DE GABINETE;0001-Administração e Coordenação Geral​;2.011-Manutenção de Equipamentos Públicos ;3.3.90.39.00-OUTROS SERVIÇOS DE TERCEIROS - PESSOA JURÍDICA;;"819006,82";;vínculo em branco;01.200.0000
475;08 - SECRETARIA DE EDUCAÇÃO;001-CHEFIA DE GABINETE;0001-Administração e Coordenação Geral​;2.011-Manutenção de Equipamentos Públicos ;4.4.90.52.00-EQUIPAMENTOS E MATERIAL PERMANENTE;;"350801,16";;vínculo em branco;01.200.0000
476;08 - SECRETARIA DE EDUCAÇÃO;001-CHEFIA DE GABINETE;"0002-Governo Inteligente, Aberto e Inovador​";2.003-Qualificação de Servidores e Processos Institucionais;3.3.90.36.00-OUTROS SERVIÇOS DE TERCEIROS - PESSOA FÍSICA;;"1,00";;vínculo em branco;01.200.0000
477;08 - SECRETARIA DE EDUCAÇÃO;001-CHEFIA DE GABINETE;"0002-Governo Inteligente, Aberto e Inovador​";2.003-Qualificação de Servidores e Processos Institucionais;3.3.90.39.00-OUTROS SERVIÇOS DE TERCEIROS - PESSOA JURÍDICA;;"1,00";;vínculo em branco;01.200.0000
478;08 - SECRETARIA DE EDUCAÇÃO;001-CHEFIA DE GABINETE;"0002-Governo Inteligente, Aberto e Inovador​";"2.005-Promoção de Eventos, Comunicação e Participação Social ";"3.3.90.31.00-PREMIAÇÕES CULTURAIS, ARTÍSTICAS, CIENTÍFICAS, DESPORTIVAS E OUTRAS";;"305495,40";;vínculo em branco;01.200.0000
479;08 - SECRETARIA DE EDUCAÇÃO;001-CHEFIA DE GABINETE;0016-Escola para Todos​;2.019-Ações Pedagógicas Complementares;3.3.50.39.00-OUTROS SERVIÇOS DE TERCEIROS - PESSOA JURÍDICA;;"0,00";;vínculo em branco;01.200.0000
480;08 - SECRETARIA DE EDUCAÇÃO;001-CHEFIA DE GABINETE;0016-Escola para Todos​;2.019-Ações Pedagógicas Complementares;3.3.90.39.00-OUTROS SERVIÇOS DE TERCEIROS - PESSOA JURÍDICA;;"9197655,44";;vínculo em branco;01.200.0000
481;08 - SECRETARIA DE EDUCAÇÃO;001-CHEFIA DE GABINETE;0016-Escola para Todos​;2.023-Gestão Compartilhada de Equipamentos Públicos ;3.3.50.39.00-OUTROS SERVIÇOS DE TERCEIROS - PESSOA JURÍDICA;;"6842871,52";;vínculo em branco;01.200.0000
482;08 - SECRETARIA DE EDUCAÇÃO;001-CHEFIA DE GABINETE;0016-Escola para Todos​;2.023-Gestão Compartilhada de Equipamentos Públicos ;4.4.50.39.00-OUTROS SERVIÇOS DE TERCEIROS - PESSOA JURÍDICA;;"1710717,91";;vínculo em branco;01.200.0000
483;08 - SECRETARIA DE EDUCAÇÃO;001-CHEFIA DE GABINETE;0016-Escola para Todos​;2.011-Manutenção de Equipamentos Públicos ;3.3.90.30.00-MATERIAL DE CONSUMO;;"1246920,00";;vínculo em branco;01.200.0000
484;08 - SECRETARIA DE EDUCAÇÃO;001-CHEFIA DE GABINETE;0016-Escola para Todos​;2.011-Manutenção de Equipamentos Públicos ;3.3.90.39.00-OUTROS SERVIÇOS DE TERCEIROS - PESSOA JURÍDICA;;"779325,00";;vínculo em branco;01.200.0000
485;08 - SECRETARIA DE EDUCAÇÃO;001-CHEFIA DE GABINETE;0016-Escola para Todos​;2.011-Manutenção de Equipamentos Públicos ;4.4.90.52.00-EQUIPAMENTOS E MATERIAL PERMANENTE;;"519550,00";;vínculo em branco;01.200.0000
486;08 - SECRETARIA DE EDUCAÇÃO;001-CHEFIA DE GABINETE;0016-Escola para Todos​;2.017-Suporte ao Aluno ;3.3.90.30.00-MATERIAL DE CONSUMO;;"171797844,02";;vínculo em branco;01.200.0000
487;08 - SECRETARIA DE EDUCAÇÃO;001-CHEFIA DE GABINETE;"0002-Governo Inteligente, Aberto e Inovador​";"2.005-Promoção de Eventos, Comunicação e Participação Social ";3.3.90.39.00-OUTROS SERVIÇOS DE TERCEIROS - PESSOA JURÍDICA;;"4788641,73";;vínculo em branco;01.200.0000
488;08 - SECRETARIA DE EDUCAÇÃO;001-CHEFIA DE GABINETE;"0002-Governo Inteligente, Aberto e Inovador​";"2.007-Ampliação e Manutenção de Sistemas de Inteligência, Fiscalização e Tecnologia";3.3.90.40.00-SERVIÇOS DE TECNOLOGIA DA INFORMAÇÃO E COMUNICAÇÃO - PESSOA JURÍDICA;;"24520015,00";;vínculo em branco;01.200.0000
489;08 - SECRETARIA DE EDUCAÇÃO;001-CHEFIA DE GABINETE;0016-Escola para Todos​;2.011-Manutenção de Equipamentos Públicos ;3.3.50.43.00;;"1,00";;vínculo em branco;01.200.0000
490;08 - SECRETARIA DE EDUCAÇÃO;001-CHEFIA DE GABINETE;0016-Escola para Todos​;2.011-Manutenção de Equipamentos Públicos ;3.3.90.30.00-MATERIAL DE CONSUMO;;"11833752,86";;vínculo em branco;01.200.0000
491;08 - SECRETARIA DE EDUCAÇÃO;001-CHEFIA DE GABINETE;0016-Escola para Todos​;2.011-Manutenção de Equipamentos Públicos ;3.3.90.39.00-OUTROS SERVIÇOS DE TERCEIROS - PESSOA JURÍDICA;;"3712258,59";;vínculo em branco;01.200.0000
492;08 - SECRETARIA DE EDUCAÇÃO;001-CHEFIA DE GABINETE;0016-Escola para Todos​;2.011-Manutenção de Equipamentos Públicos ;4.4.90.52.00-EQUIPAMENTOS E MATERIAL PERMANENTE;;"207822,04";;vínculo em branco;01.200.0000
493;08 - SECRETARIA DE EDUCAÇÃO;001-CHEFIA DE GABINETE;0016-Escola para Todos​;2.017-Suporte ao Aluno ;"3.3.90.32.00-MATERIAL, BEM OU SERVIÇO PARA DISTRIBUIÇÃO GRATUITA";;"42172278,25";;vínculo em branco;01.200.0000
494;08 - SECRETARIA DE EDUCAÇÃO;001-CHEFIA DE GABINETE;0016-Escola para Todos​;2.018-Conectividade e Tecnologia na Educação;3.3.90.40.00-SERVIÇOS DE TECNOLOGIA DA INFORMAÇÃO E COMUNICAÇÃO - PESSOA JURÍDICA;;"74429901,82";;vínculo em branco;01.200.0000
495;08 - SECRETARIA DE EDUCAÇÃO;001-CHEFIA DE GABINETE;0016-Escola para Todos​;2.018-Conectividade e Tecnologia na Educação;4.4.90.52.00-EQUIPAMENTOS E MATERIAL PERMANENTE;;"3606580,00";;vínculo em branco;01.200.0000
496;08 - SECRETARIA DE EDUCAÇÃO;001-CHEFIA DE GABINETE;0016-Escola para Todos​;2.019-Ações Pedagógicas Complementares;"3.3.90.32.00-MATERIAL, BEM OU SERVIÇO PARA DISTRIBUIÇÃO GRATUITA";;"1,00";;vínculo em branco;01.200.0000
497;08 - SECRETARIA DE EDUCAÇÃO;001-CHEFIA DE GABINETE;0016-Escola para Todos​;2.019-Ações Pedagógicas Complementares;3.3.90.39.00-OUTROS SERVIÇOS DE TERCEIROS - PESSOA JURÍDICA;;"27136650,68";;vínculo em branco;01.200.0000
498;08 - SECRETARIA DE EDUCAÇÃO;001-CHEFIA DE GABINETE;0016-Escola para Todos​;2.020-Transporte de Alunos ;3.3.90.39.00-OUTROS SERVIÇOS DE TERCEIROS - PESSOA JURÍDICA;;"15146103,00";;vínculo em branco;01.200.0000
499;08 - SECRETARIA DE EDUCAÇÃO;001-CHEFIA DE GABINETE;0016-Escola para Todos​;2.023-Gestão Compartilhada de Equipamentos Públicos ;3.3.50.39.00-OUTROS SERVIÇOS DE TERCEIROS - PESSOA JURÍDICA;;"7384243,28";;vínculo em branco;01.200.0000
500;08 - SECRETARIA DE EDUCAÇÃO;001-CHEFIA DE GABINETE;0016-Escola para Todos​;2.023-Gestão Compartilhada de Equipamentos Públicos ;4.4.50.39.00-OUTROS SERVIÇOS DE TERCEIROS - PESSOA JURÍDICA;;"1846062,34";;vínculo em branco;01.200.0000
501;08 - SECRETARIA DE EDUCAÇÃO;001-CHEFIA DE GABINETE;0001-Administração e Coordenação Geral​;2.011-Manutenção de Equipamentos Públicos ;3.3.90.30.00-MATERIAL DE CONSUMO;;"48837,70";;vínculo em branco;01.200.0000
502;08 - SECRETARIA DE EDUCAÇÃO;001-CHEFIA DE GABINETE;"0002-Governo Inteligente, Aberto e Inovador​";"2.005-Promoção de Eventos, Comunicação e Participação Social ";3.3.90.39.00-OUTROS SERVIÇOS DE TERCEIROS - PESSOA JURÍDICA;;"4525557,94";;vínculo em branco;01.200.0000
503;08 - SECRETARIA DE EDUCAÇÃO;001-CHEFIA DE GABINETE;"0002-Governo Inteligente, Aberto e Inovador​";"2.007-Ampliação e Manutenção de Sistemas de Inteligência, Fiscalização e Tecnologia";3.3.90.40.00-SERVIÇOS DE TECNOLOGIA DA INFORMAÇÃO E COMUNICAÇÃO - PESSOA JURÍDICA;;"20379986,00";;vínculo em branco;01.200.0000
504;08 - SECRETARIA DE EDUCAÇÃO;001-CHEFIA DE GABINETE;0016-Escola para Todos​;2.011-Manutenção de Equipamentos Públicos ;3.3.50.43.00;;"1,00";;vínculo em branco;01.200.0000
505;08 - SECRETARIA DE EDUCAÇÃO;001-CHEFIA DE GABINETE;0016-Escola para Todos​;2.011-Manutenção de Equipamentos Públicos ;3.3.90.30.00-MATERIAL DE CONSUMO;;"8989103,31";;vínculo em branco;01.200.0000
506;08 - SECRETARIA DE EDUCAÇÃO;001-CHEFIA DE GABINETE;0016-Escola para Todos​;2.011-Manutenção de Equipamentos Públicos ;3.3.90.39.00-OUTROS SERVIÇOS DE TERCEIROS - PESSOA JURÍDICA;;"2326844,80";;vínculo em branco;01.200.0000
507;08 - SECRETARIA DE EDUCAÇÃO;001-CHEFIA DE GABINETE;0016-Escola para Todos​;2.011-Manutenção de Equipamentos Públicos ;4.4.90.52.00-EQUIPAMENTOS E MATERIAL PERMANENTE;;"623461,00";;vínculo em branco;01.200.0000
508;08 - SECRETARIA DE EDUCAÇÃO;001-CHEFIA DE GABINETE;0016-Escola para Todos​;2.017-Suporte ao Aluno ;"3.3.90.32.00-MATERIAL, BEM OU SERVIÇO PARA DISTRIBUIÇÃO GRATUITA";;"36881385,92";;vínculo em branco;01.200.0000
509;08 - SECRETARIA DE EDUCAÇÃO;001-CHEFIA DE GABINETE;0016-Escola para Todos​;2.018-Conectividade e Tecnologia na Educação;3.3.90.40.00-SERVIÇOS DE TECNOLOGIA DA INFORMAÇÃO E COMUNICAÇÃO - PESSOA JURÍDICA;;"24718428,00";;vínculo em branco;01.200.0000
510;08 - SECRETARIA DE EDUCAÇÃO;001-CHEFIA DE GABINETE;0016-Escola para Todos​;2.019-Ações Pedagógicas Complementares;"3.3.90.32.00-MATERIAL, BEM OU SERVIÇO PARA DISTRIBUIÇÃO GRATUITA";;"3,00";;vínculo em branco;01.200.0000
511;08 - SECRETARIA DE EDUCAÇÃO;001-CHEFIA DE GABINETE;0016-Escola para Todos​;2.019-Ações Pedagógicas Complementares;3.3.90.39.00-OUTROS SERVIÇOS DE TERCEIROS - PESSOA JURÍDICA;;"20531167,84";;vínculo em branco;01.200.0000
512;08 - SECRETARIA DE EDUCAÇÃO;001-CHEFIA DE GABINETE;0016-Escola para Todos​;2.020-Transporte de Alunos ;3.3.90.39.00-OUTROS SERVIÇOS DE TERCEIROS - PESSOA JURÍDICA;;"7996843,00";;vínculo em branco;01.200.0000
513;08 - SECRETARIA DE EDUCAÇÃO;001-CHEFIA DE GABINETE;0016-Escola para Todos​;2.022-Parcerias para Criação de Vagas;3.3.50.39.00-OUTROS SERVIÇOS DE TERCEIROS - PESSOA JURÍDICA;;"55391598,06";;vínculo em branco;01.200.0000
514;08 - SECRETARIA DE EDUCAÇÃO;001-CHEFIA DE GABINETE;0016-Escola para Todos​;2.022-Parcerias para Criação de Vagas;4.4.50.39.00-OUTROS SERVIÇOS DE TERCEIROS - PESSOA JURÍDICA;;"408668,06";;vínculo em branco;01.200.0000
515;08 - SECRETARIA DE EDUCAÇÃO;001-CHEFIA DE GABINETE;0016-Escola para Todos​;2.023-Gestão Compartilhada de Equipamentos Públicos ;3.3.50.39.00-OUTROS SERVIÇOS DE TERCEIROS - PESSOA JURÍDICA;;"2101640,63";;vínculo em branco;01.200.0000
516;08 - SECRETARIA DE EDUCAÇÃO;001-CHEFIA DE GABINETE;0016-Escola para Todos​;2.023-Gestão Compartilhada de Equipamentos Públicos ;4.4.50.39.00-OUTROS SERVIÇOS DE TERCEIROS - PESSOA JURÍDICA;;"527911,44";;vínculo em branco;01.200.0000
517;08 - SECRETARIA DE EDUCAÇÃO;001-CHEFIA DE GABINETE;0016-Escola para Todos​;2.019-Ações Pedagógicas Complementares;3.3.50.39.00-OUTROS SERVIÇOS DE TERCEIROS - PESSOA JURÍDICA;;"3097377,00";;vínculo em branco;01.200.0000
518;08 - SECRETARIA DE EDUCAÇÃO;001-CHEFIA DE GABINETE;0016-Escola para Todos​;2.019-Ações Pedagógicas Complementares;3.3.90.48.00 - OUTROS AUXILIOS FINANCEIROS A PESSOAS FISICAS;;"1000000,00";;vínculo em branco;01.200.0000
519;08 - SECRETARIA DE EDUCAÇÃO;001-CHEFIA DE GABINETE;0016-Escola para Todos​;2.019-Ações Pedagógicas Complementares;4.4.50.39.00-OUTROS SERVIÇOS DE TERCEIROS - PESSOA JURÍDICA;;"1,00";;vínculo em branco;01.200.0000
520;08 - SECRETARIA DE EDUCAÇÃO;001-CHEFIA DE GABINETE;0016-Escola para Todos​;2.019-Ações Pedagógicas Complementares;3.3.90.30.00-MATERIAL DE CONSUMO;;"0,00";;vínculo em branco;01.200.0000
521;08 - SECRETARIA DE EDUCAÇÃO;001-CHEFIA DE GABINETE;0016-Escola para Todos​;2.019-Ações Pedagógicas Complementares;3.3.90.39.00-OUTROS SERVIÇOS DE TERCEIROS - PESSOA JURÍDICA;;"4719458,00";;vínculo em branco;01.200.0000
522;08 - SECRETARIA DE EDUCAÇÃO;001-CHEFIA DE GABINETE;0016-Escola para Todos​;2.019-Ações Pedagógicas Complementares;4.4.90.52.00-EQUIPAMENTOS E MATERIAL PERMANENTE;;"0,00";;vínculo em branco;01.200.0000
523;08 - SECRETARIA DE EDUCAÇÃO;001-CHEFIA DE GABINETE;"0002-Governo Inteligente, Aberto e Inovador​";"2.005-Promoção de Eventos, Comunicação e Participação Social ";3.3.90.30.00-MATERIAL DE CONSUMO;;"0,00";;vínculo em branco;01.200.0000
524;08 - SECRETARIA DE EDUCAÇÃO;001-CHEFIA DE GABINETE;"0002-Governo Inteligente, Aberto e Inovador​";"2.005-Promoção de Eventos, Comunicação e Participação Social ";3.3.90.39.00-OUTROS SERVIÇOS DE TERCEIROS - PESSOA JURÍDICA;;"0,00";;vínculo em branco;01.200.0000
525;08 - SECRETARIA DE EDUCAÇÃO;001-CHEFIA DE GABINETE;0001-Administração e Coordenação Geral​;2.011-Manutenção de Equipamentos Públicos ;3.3.90.93.00-INDENIZAÇÕES E RESTITUIÇÕES;;"0,00";;vínculo em branco;01.200.0000
526;08 - SECRETARIA DE EDUCAÇÃO;001-CHEFIA DE GABINETE;0016-Escola para Todos​;2.018-Conectividade e Tecnologia na Educação;3.3.90.30.00-MATERIAL DE CONSUMO;;"0,00";;vínculo em branco;01.200.0000
527;08 - SECRETARIA DE EDUCAÇÃO;001-CHEFIA DE GABINETE;0016-Escola para Todos​;2.019-Ações Pedagógicas Complementares;3.3.90.39.00-OUTROS SERVIÇOS DE TERCEIROS - PESSOA JURÍDICA;;"0,00";;vínculo em branco;01.200.0000
528;08 - SECRETARIA DE EDUCAÇÃO;001-CHEFIA DE GABINETE;0004-Planejamento e Gestão de Políticas Públicas ;"1.001-Estudos, Pesquisas, Planos e Projetos ";3.3.90.35.00-SERVIÇOS DE CONSULTORIA;;"1,00";;vínculo em branco;01.200.0000
529;08 - SECRETARIA DE EDUCAÇÃO;001-CHEFIA DE GABINETE;0004-Planejamento e Gestão de Políticas Públicas ;"1.001-Estudos, Pesquisas, Planos e Projetos ";.3.90.35..00;;"1,00";;vínculo em branco;01.200.0000
530;08 - SECRETARIA DE EDUCAÇÃO;001-CHEFIA DE GABINETE;0001-Administração e Coordenação Geral​;1.002-Reforma e Ampliação de Unidades;3.3.90.39.00-OUTROS SERVIÇOS DE TERCEIROS - PESSOA JURÍDICA;;"1,00";;vínculo em branco;01.200.0000
531;08 - SECRETARIA DE EDUCAÇÃO;001-CHEFIA DE GABINETE;0001-Administração e Coordenação Geral​;1.002-Reforma e Ampliação de Unidades;4.4.90.51.00-OBRAS E INSTALAÇÕES;;"0,00";;vínculo em branco;01.200.0000
532;08 - SECRETARIA DE EDUCAÇÃO;001-CHEFIA DE GABINETE;0001-Administração e Coordenação Geral​;"2.001-Remuneração, Benefícios e Encargos";3.1.90.11.00;;"33838768,43";;vínculo em branco;01.200.0000
533;08 - SECRETARIA DE EDUCAÇÃO;001-CHEFIA DE GABINETE;0001-Administração e Coordenação Geral​;"2.001-Remuneração, Benefícios e Encargos";3.1.90.13.00;;"3174539,85";;vínculo em branco;01.200.0000
534;08 - SECRETARIA DE EDUCAÇÃO;001-CHEFIA DE GABINETE;0001-Administração e Coordenação Geral​;"2.001-Remuneração, Benefícios e Encargos";3.1.91.13.00;;"4945566,11";;vínculo em branco;01.200.0000
535;08 - SECRETARIA DE EDUCAÇÃO;001-CHEFIA DE GABINETE;0001-Administração e Coordenação Geral​;"2.001-Remuneração, Benefícios e Encargos";3.3.90.46.00;;"8417047,57";;vínculo em branco;01.200.0000
536;08 - SECRETARIA DE EDUCAÇÃO;001-CHEFIA DE GABINETE;0001-Administração e Coordenação Geral​;"2.001-Remuneração, Benefícios e Encargos";3.3.90.49.00;;"515236,52";;vínculo em branco;01.200.0000
537;08 - SECRETARIA DE EDUCAÇÃO;001-CHEFIA DE GABINETE;0001-Administração e Coordenação Geral​;"2.001-Remuneração, Benefícios e Encargos";3.1.90.11.00;;"361313313,75";;vínculo em branco;01.200.0000
538;08 - SECRETARIA DE EDUCAÇÃO;001-CHEFIA DE GABINETE;0001-Administração e Coordenação Geral​;"2.001-Remuneração, Benefícios e Encargos";3.1.90.13.00;;"6,44";;vínculo em branco;01.200.0000
539;08 - SECRETARIA DE EDUCAÇÃO;001-CHEFIA DE GABINETE;0001-Administração e Coordenação Geral​;"2.001-Remuneração, Benefícios e Encargos";3.1.91.13.00;;"66109641,84";;vínculo em branco;01.200.0000
540;08 - SECRETARIA DE EDUCAÇÃO;001-CHEFIA DE GABINETE;0001-Administração e Coordenação Geral​;"2.001-Remuneração, Benefícios e Encargos";3.3.90.46.00;;"34721295,10";;vínculo em branco;01.200.0000
541;08 - SECRETARIA DE EDUCAÇÃO;001-CHEFIA DE GABINETE;0001-Administração e Coordenação Geral​;"2.001-Remuneração, Benefícios e Encargos";3.3.90.49.00;;"6055417,43";;vínculo em branco;01.200.0000
542;08 - SECRETARIA DE EDUCAÇÃO;001-CHEFIA DE GABINETE;0016-Escola para Todos​;1.002-Reforma e Ampliação de Unidades;3.3.90.39.00-OUTROS SERVIÇOS DE TERCEIROS - PESSOA JURÍDICA;;"20,00";;vínculo em branco;01.200.0000
543;08 - SECRETARIA DE EDUCAÇÃO;001-CHEFIA DE GABINETE;0016-Escola para Todos​;1.003-Implantação de Novas Unidades;4.4.90.51.00-OBRAS E INSTALAÇÕES;;"1,00";;vínculo em branco;01.200.0000
544;08 - SECRETARIA DE EDUCAÇÃO;001-CHEFIA DE GABINETE;0016-Escola para Todos​;1.003-Implantação de Novas Unidades;4.4.90.52.00-EQUIPAMENTOS E MATERIAL PERMANENTE;;"2,00";;vínculo em branco;01.200.0000
545;08 - SECRETARIA DE EDUCAÇÃO;001-CHEFIA DE GABINETE;0001-Administração e Coordenação Geral​;"2.001-Remuneração, Benefícios e Encargos";3.1.90.11.00;;"542545488,96";;vínculo em branco;01.200.0000
546;08 - SECRETARIA DE EDUCAÇÃO;001-CHEFIA DE GABINETE;0001-Administração e Coordenação Geral​;"2.001-Remuneração, Benefícios e Encargos";3.1.90.13.00;;"107421,77";;vínculo em branco;01.200.0000
547;08 - SECRETARIA DE EDUCAÇÃO;001-CHEFIA DE GABINETE;0001-Administração e Coordenação Geral​;"2.001-Remuneração, Benefícios e Encargos";3.1.91.13.00;;"91966996,15";;vínculo em branco;01.200.0000
548;08 - SECRETARIA DE EDUCAÇÃO;001-CHEFIA DE GABINETE;0001-Administração e Coordenação Geral​;"2.001-Remuneração, Benefícios e Encargos";3.3.90.46.00;;"54509554,51";;vínculo em branco;01.200.0000
549;08 - SECRETARIA DE EDUCAÇÃO;001-CHEFIA DE GABINETE;0001-Administração e Coordenação Geral​;"2.001-Remuneração, Benefícios e Encargos";3.3.90.49.00;;"9221301,55";;vínculo em branco;01.200.0000
550;08 - SECRETARIA DE EDUCAÇÃO;001-CHEFIA DE GABINETE;0016-Escola para Todos​;1.002-Reforma e Ampliação de Unidades;3.3.90.39.00-OUTROS SERVIÇOS DE TERCEIROS - PESSOA JURÍDICA;;"16,00";;vínculo em branco;01.200.0000
551;08 - SECRETARIA DE EDUCAÇÃO;001-CHEFIA DE GABINETE;0016-Escola para Todos​;1.003-Implantação de Novas Unidades;4.4.90.51.00-OBRAS E INSTALAÇÕES;;"0,00";;vínculo em branco;01.200.0000
552;08 - SECRETARIA DE EDUCAÇÃO;001-CHEFIA DE GABINETE;0016-Escola para Todos​;1.003-Implantação de Novas Unidades;4.4.90.52.00-EQUIPAMENTOS E MATERIAL PERMANENTE;;"1,00";;vínculo em branco;01.200.0000
553;08 - SECRETARIA DE EDUCAÇÃO;001-CHEFIA DE GABINETE;0001-Administração e Coordenação Geral​;"2.001-Remuneração, Benefícios e Encargos";3.1.90.11.00;;"3,22";;vínculo em branco;01.200.0000
554;08 - SECRETARIA DE EDUCAÇÃO;001-CHEFIA DE GABINETE;0001-Administração e Coordenação Geral​;"2.001-Remuneração, Benefícios e Encargos";3.1.90.13.00;;"3,22";;vínculo em branco;01.200.0000
555;08 - SECRETARIA DE EDUCAÇÃO;001-CHEFIA DE GABINETE;0001-Administração e Coordenação Geral​;"2.001-Remuneração, Benefícios e Encargos";3.1.91.13.00;;"3,22";;vínculo em branco;01.200.0000
556;08 - SECRETARIA DE EDUCAÇÃO;001-CHEFIA DE GABINETE;0001-Administração e Coordenação Geral​;"2.001-Remuneração, Benefícios e Encargos";3.3.90.46.00;;"311830,78";;vínculo em branco;01.200.0000
557;08 - SECRETARIA DE EDUCAÇÃO;001-CHEFIA DE GABINETE;0001-Administração e Coordenação Geral​;"2.001-Remuneração, Benefícios e Encargos";3.3.90.49.00;;"0,00";;vínculo em branco;01.200.0000
558;08 - SECRETARIA DE EDUCAÇÃO;001-CHEFIA DE GABINETE;0001-Administração e Coordenação Geral​;"2.001-Remuneração, Benefícios e Encargos";3.3.90.92.00-DESPESAS DE EXERCÍCIOS ANTERIORES;;"0,00";;vínculo em branco;01.200.0000
559;08 - SECRETARIA DE EDUCAÇÃO;001-CHEFIA DE GABINETE;0001-Administração e Coordenação Geral​;"2.001-Remuneração, Benefícios e Encargos";3.3.90.96.00-RESSARCIMENTO DE DESPESAS DE PESSOAL REQUISITADO;;"0,00";;vínculo em branco;01.200.0000
560;08 - SECRETARIA DE EDUCAÇÃO;001- GABINETE DA SECRETARIA DA EDUCAÇÃO;0001-Administração e Coordenação Geral​;"2.001-Remuneração, Benefícios e Encargos";3.1.90.11.00;FOLHA DE PAGAMENTO;"41987550,43";;vínculo em branco;01.200.0000
561;08 - SECRETARIA DE EDUCAÇÃO;001- GABINETE DA SECRETARIA DA EDUCAÇÃO;0001-Administração e Coordenação Geral​;"2.001-Remuneração, Benefícios e Encargos";3.1.90.13.00;FOLHA DE PAGAMENTO;"2995852,55";;vínculo em branco;01.200.0000
562;08 - SECRETARIA DE EDUCAÇÃO;001- GABINETE DA SECRETARIA DA EDUCAÇÃO;0001-Administração e Coordenação Geral​;"2.001-Remuneração, Benefícios e Encargos";3.1.90.94.00;FOLHA DE PAGAMENTO;"2426346,75";;vínculo em branco;01.200.0000
563;08 - SECRETARIA DE EDUCAÇÃO;001- GABINETE DA SECRETARIA DA EDUCAÇÃO;0001-Administração e Coordenação Geral​;"2.001-Remuneração, Benefícios e Encargos";3.1.91.13.00;FOLHA DE PAGAMENTO;"4701024,47";;vínculo em branco;01.200.0000
564;08 - SECRETARIA DE EDUCAÇÃO;001- GABINETE DA SECRETARIA DA EDUCAÇÃO;0001-Administração e Coordenação Geral​;"2.001-Remuneração, Benefícios e Encargos";3.3.90.49.00;FOLHA DE PAGAMENTO;"382307,37";;vínculo em branco;01.200.0000
565;08 - SECRETARIA DE EDUCAÇÃO;001- GABINETE DA SECRETARIA DA EDUCAÇÃO;0001-Administração e Coordenação Geral​;"2.001-Remuneração, Benefícios e Encargos";3.1.90.11.00;FOLHA DE PAGAMENTO;"381901851,23";;vínculo em branco;01.200.0000
566;08 - SECRETARIA DE EDUCAÇÃO;001- GABINETE DA SECRETARIA DA EDUCAÇÃO;0001-Administração e Coordenação Geral​;"2.001-Remuneração, Benefícios e Encargos";3.1.91.13.00;FOLHA DE PAGAMENTO;"69527804,72";;vínculo em branco;01.200.0000
567;08 - SECRETARIA DE EDUCAÇÃO;001- GABINETE DA SECRETARIA DA EDUCAÇÃO;0001-Administração e Coordenação Geral​;"2.001-Remuneração, Benefícios e Encargos";3.3.90.49.00;FOLHA DE PAGAMENTO;"5238153,47";;vínculo em branco;01.200.0000
568;08 - SECRETARIA DE EDUCAÇÃO;001- GABINETE DA SECRETARIA DA EDUCAÇÃO;0001-Administração e Coordenação Geral​;"2.001-Remuneração, Benefícios e Encargos";3.1.90.11.00;FOLHA DE PAGAMENTO;"655132626,23";;vínculo em branco;01.200.0000
569;08 - SECRETARIA DE EDUCAÇÃO;001- GABINETE DA SECRETARIA DA EDUCAÇÃO;0001-Administração e Coordenação Geral​;"2.001-Remuneração, Benefícios e Encargos";3.1.90.13.00;FOLHA DE PAGAMENTO;"113272,50";;vínculo em branco;01.200.0000
570;08 - SECRETARIA DE EDUCAÇÃO;001- GABINETE DA SECRETARIA DA EDUCAÇÃO;0001-Administração e Coordenação Geral​;"2.001-Remuneração, Benefícios e Encargos";3.1.91.13.00;FOLHA DE PAGAMENTO;"118770105,04";;vínculo em branco;01.200.0000
571;08 - SECRETARIA DE EDUCAÇÃO;001- GABINETE DA SECRETARIA DA EDUCAÇÃO;0001-Administração e Coordenação Geral​;"2.001-Remuneração, Benefícios e Encargos";3.3.90.49.00;FOLHA DE PAGAMENTO;"8881910,17";;vínculo em branco;01.200.0000
572;09 - SECRETARIA DA SAÚDE;001-GABINETE DA SECRETARIA DA SAÚDE;"0002-Governo Inteligente, Aberto e Inovador​";"2.007-Ampliação e Manutenção de Sistemas de Inteligência, Fiscalização e Tecnologia";3.3.90.39.00-OUTROS SERVIÇOS DE TERCEIROS - PESSOA JURÍDICA;;"12378931,68";;vínculo em branco;01.310.0000
573;09 - SECRETARIA DA SAÚDE;001-GABINETE DA SECRETARIA DA SAÚDE;"0002-Governo Inteligente, Aberto e Inovador​";"2.005-Promoção de Eventos, Comunicação e Participação Social ";3.3.90.39.00-OUTROS SERVIÇOS DE TERCEIROS - PESSOA JURÍDICA;OUTROS SERVIÇOS DE TERCEIROS - PESSOA JURÍDICA;"20000,00";;vínculo em branco;01.310.0000
574;09 - SECRETARIA DA SAÚDE;001-GABINETE DA SECRETARIA DA SAÚDE;"0002-Governo Inteligente, Aberto e Inovador​";"2.005-Promoção de Eventos, Comunicação e Participação Social ";3.3.90.30.00-MATERIAL DE CONSUMO;GÊNEROS DE ALIMENTAÇÃO;"200000,00";;vínculo em branco;01.310.0000
575;09 - SECRETARIA DA SAÚDE;001-GABINETE DA SECRETARIA DA SAÚDE;"0002-Governo Inteligente, Aberto e Inovador​";"2.005-Promoção de Eventos, Comunicação e Participação Social ";3.3.90.39.00-OUTROS SERVIÇOS DE TERCEIROS - PESSOA JURÍDICA;FORNECIMENTO DE ALIMENTAÇÃO;"565781,76";;vínculo em branco;01.310.0000
576;09 - SECRETARIA DA SAÚDE;001-GABINETE DA SECRETARIA DA SAÚDE;"0002-Governo Inteligente, Aberto e Inovador​";"2.005-Promoção de Eventos, Comunicação e Participação Social ";3.3.90.39.00-OUTROS SERVIÇOS DE TERCEIROS - PESSOA JURÍDICA;SERVIÇOS GRÁFICOS E EDITORIAIS;"100000,00";;vínculo em branco;01.310.0000
577;09 - SECRETARIA DA SAÚDE;001-GABINETE DA SECRETARIA DA SAÚDE;"0002-Governo Inteligente, Aberto e Inovador​";2.003-Qualificação de Servidores e Processos Institucionais;3.3.90.36.00-OUTROS SERVIÇOS DE TERCEIROS - PESSOA FÍSICA;;"1,00";;vínculo em branco;01.310.0000
578;09 - SECRETARIA DA SAÚDE;010-DIRETORIA GERAL DE URGÊNCIA E EMERGÊNCIA;0015-Atenção e Cuidado em Saúde​;2.023-Gestão Compartilhada de Equipamentos Públicos ;3.3.50.85.00-CONTRATO DE GESTÃO;CONTRATO DE GESTÃO;"193624879,10";;vínculo em branco;01.310.0000
579;09 - SECRETARIA DA SAÚDE;010-DIRETORIA GERAL DE URGÊNCIA E EMERGÊNCIA;0015-Atenção e Cuidado em Saúde​;2.023-Gestão Compartilhada de Equipamentos Públicos ;3.3.50.85.00-CONTRATO DE GESTÃO;CONTRATO DE GESTÃO;"38574204,64";;vínculo em branco;01.310.0000
580;09 - SECRETARIA DA SAÚDE;010-DIRETORIA GERAL DE URGÊNCIA E EMERGÊNCIA;0015-Atenção e Cuidado em Saúde​;2.023-Gestão Compartilhada de Equipamentos Públicos ;3.3.50.85.00-CONTRATO DE GESTÃO;CONTRATO DE GESTÃO;"32858395,89";;vínculo em branco;01.310.0000
581;09 - SECRETARIA DA SAÚDE;010-DIRETORIA GERAL DE URGÊNCIA E EMERGÊNCIA;0015-Atenção e Cuidado em Saúde​;2.023-Gestão Compartilhada de Equipamentos Públicos ;3.3.50.85.00-CONTRATO DE GESTÃO;CONTRATO DE GESTÃO;"33856942,49";;vínculo em branco;01.310.0000
582;09 - SECRETARIA DA SAÚDE;010-DIRETORIA GERAL DE URGÊNCIA E EMERGÊNCIA;0015-Atenção e Cuidado em Saúde​;2.023-Gestão Compartilhada de Equipamentos Públicos ;3.3.50.85.00-CONTRATO DE GESTÃO;CONTRATO DE GESTÃO;"43309032,72";;vínculo em branco;01.310.0000
583;09 - SECRETARIA DA SAÚDE;010-DIRETORIA GERAL DE URGÊNCIA E EMERGÊNCIA;0015-Atenção e Cuidado em Saúde​;2.023-Gestão Compartilhada de Equipamentos Públicos ;3.3.50.85.00-CONTRATO DE GESTÃO;CONTRATO DE GESTÃO;"34823799,48";;vínculo em branco;01.310.0000
584;09 - SECRETARIA DA SAÚDE;010-DIRETORIA GERAL DE URGÊNCIA E EMERGÊNCIA;0015-Atenção e Cuidado em Saúde​;2.023-Gestão Compartilhada de Equipamentos Públicos ;3.3.50.85.00-CONTRATO DE GESTÃO;CONTRATO DE GESTÃO;"109175630,30";;vínculo em branco;01.310.0000
585;09 - SECRETARIA DA SAÚDE;009-DIRETORIA GERAL DA ATENÇÃO SECUNDÁRIA EM SAÚDE;0015-Atenção e Cuidado em Saúde​;2.023-Gestão Compartilhada de Equipamentos Públicos ;3.3.50.85.00-CONTRATO DE GESTÃO;CONTRATO DE GESTÃO;"3235357,08";;vínculo em branco;01.310.0000
586;09 - SECRETARIA DA SAÚDE;009-DIRETORIA GERAL DA ATENÇÃO SECUNDÁRIA EM SAÚDE;0015-Atenção e Cuidado em Saúde​;2.013-Manutenção de Equipamentos Públicos - Atenção Especializada ;3.3.50.39.00-OUTROS SERVIÇOS DE TERCEIROS - PESSOA JURÍDICA;CONVÊNIO;"4199199,21";;vínculo em branco;01.310.0000
587;09 - SECRETARIA DA SAÚDE;009-DIRETORIA GERAL DA ATENÇÃO SECUNDÁRIA EM SAÚDE;0015-Atenção e Cuidado em Saúde​;2.023-Gestão Compartilhada de Equipamentos Públicos ;3.3.50.85.00-CONTRATO DE GESTÃO;CONTRATO DE GESTÃO;"10966750,32";;vínculo em branco;01.310.0000
588;09 - SECRETARIA DA SAÚDE;009-DIRETORIA GERAL DA ATENÇÃO SECUNDÁRIA EM SAÚDE;0015-Atenção e Cuidado em Saúde​;2.013-Manutenção de Equipamentos Públicos - Atenção Especializada ;3.3.50.39.00-OUTROS SERVIÇOS DE TERCEIROS - PESSOA JURÍDICA;CONVÊNIO;"294000,00";;vínculo em branco;01.310.0000
589;09 - SECRETARIA DA SAÚDE;009-DIRETORIA GERAL DA ATENÇÃO SECUNDÁRIA EM SAÚDE;0015-Atenção e Cuidado em Saúde​;2.013-Manutenção de Equipamentos Públicos - Atenção Especializada ;3.3.50.39.00-OUTROS SERVIÇOS DE TERCEIROS - PESSOA JURÍDICA;CONVÊNIO;"600000,00";;vínculo em branco;01.310.0000
590;09 - SECRETARIA DA SAÚDE;009-DIRETORIA GERAL DA ATENÇÃO SECUNDÁRIA EM SAÚDE;0015-Atenção e Cuidado em Saúde​;2.013-Manutenção de Equipamentos Públicos - Atenção Especializada ;3.3.50.39.00-OUTROS SERVIÇOS DE TERCEIROS - PESSOA JURÍDICA;CONVÊNIO;"5714017,08";;vínculo em branco;01.310.0000
591;09 - SECRETARIA DA SAÚDE;006-HOSPITAL E MATERNIDADE MUNICIPAL AMADOR AGUIAR;0015-Atenção e Cuidado em Saúde​;2.014-Manutenção de Equipamentos Públicos - Atenção Hospitalar e Urgência e Emergência ;3.3.90.39.00-OUTROS SERVIÇOS DE TERCEIROS - PESSOA JURÍDICA;OUTROS SERVIÇOS DE TERCEIROS - PESSOA JURÍDICA;"2330574,12";;vínculo em branco;01.310.0000
592;09 - SECRETARIA DA SAÚDE;009-DIRETORIA GERAL DA ATENÇÃO SECUNDÁRIA EM SAÚDE;0015-Atenção e Cuidado em Saúde​;2.013-Manutenção de Equipamentos Públicos - Atenção Especializada ;3.3.90.39.00-OUTROS SERVIÇOS DE TERCEIROS - PESSOA JURÍDICA;OUTROS SERVIÇOS DE TERCEIROS - PESSOA JURÍDICA;"25344994,08";;vínculo em branco;01.310.0000
593;09 - SECRETARIA DA SAÚDE;010-DIRETORIA GERAL DE URGÊNCIA E EMERGÊNCIA;0015-Atenção e Cuidado em Saúde​;2.014-Manutenção de Equipamentos Públicos - Atenção Hospitalar e Urgência e Emergência ;3.3.90.39.00-OUTROS SERVIÇOS DE TERCEIROS - PESSOA JURÍDICA;;"1456608,84";;vínculo em branco;01.310.0000
594;09 - SECRETARIA DA SAÚDE;010-DIRETORIA GERAL DE URGÊNCIA E EMERGÊNCIA;0015-Atenção e Cuidado em Saúde​;2.014-Manutenção de Equipamentos Públicos - Atenção Hospitalar e Urgência e Emergência ;3.3.90.39.00-OUTROS SERVIÇOS DE TERCEIROS - PESSOA JURÍDICA;;"1032222,48";;vínculo em branco;01.310.0000
595;09 - SECRETARIA DA SAÚDE;006-HOSPITAL E MATERNIDADE MUNICIPAL AMADOR AGUIAR;0015-Atenção e Cuidado em Saúde​;2.014-Manutenção de Equipamentos Públicos - Atenção Hospitalar e Urgência e Emergência ;3.3.90.39.00-OUTROS SERVIÇOS DE TERCEIROS - PESSOA JURÍDICA;;"842012,52";;vínculo em branco;01.310.0000
596;09 - SECRETARIA DA SAÚDE;008-DIRETORIA GERAL DE ATENÇÃO PRIMÁRIA EM SAÚDE;0015-Atenção e Cuidado em Saúde​;2.012-Manutenção de Equipamentos Públicos - Atenção Primária ;3.3.90.39.00-OUTROS SERVIÇOS DE TERCEIROS - PESSOA JURÍDICA;;"9044062,20";;vínculo em branco;01.310.0000
597;09 - SECRETARIA DA SAÚDE;009-DIRETORIA GERAL DA ATENÇÃO SECUNDÁRIA EM SAÚDE;0015-Atenção e Cuidado em Saúde​;2.013-Manutenção de Equipamentos Públicos - Atenção Especializada ;3.3.90.39.00-OUTROS SERVIÇOS DE TERCEIROS - PESSOA JURÍDICA;;"1196990,40";;vínculo em branco;01.310.0000
598;09 - SECRETARIA DA SAÚDE;008-DIRETORIA GERAL DE ATENÇÃO PRIMÁRIA EM SAÚDE;0015-Atenção e Cuidado em Saúde​;2.012-Manutenção de Equipamentos Públicos - Atenção Primária ;3.3.90.39.00-OUTROS SERVIÇOS DE TERCEIROS - PESSOA JURÍDICA;;"2804189,40";;vínculo em branco;01.310.0000
599;09 - SECRETARIA DA SAÚDE;009-DIRETORIA GERAL DA ATENÇÃO SECUNDÁRIA EM SAÚDE;0015-Atenção e Cuidado em Saúde​;2.013-Manutenção de Equipamentos Públicos - Atenção Especializada ;3.3.90.39.00-OUTROS SERVIÇOS DE TERCEIROS - PESSOA JURÍDICA;;"2006150,88";;vínculo em branco;01.310.0000
600;09 - SECRETARIA DA SAÚDE;006-HOSPITAL E MATERNIDADE MUNICIPAL AMADOR AGUIAR;0015-Atenção e Cuidado em Saúde​;2.014-Manutenção de Equipamentos Públicos - Atenção Hospitalar e Urgência e Emergência ;3.3.90.39.00-OUTROS SERVIÇOS DE TERCEIROS - PESSOA JURÍDICA;;"4862854,08";;vínculo em branco;01.310.0000
601;09 - SECRETARIA DA SAÚDE;010-DIRETORIA GERAL DE URGÊNCIA E EMERGÊNCIA;0015-Atenção e Cuidado em Saúde​;2.014-Manutenção de Equipamentos Públicos - Atenção Hospitalar e Urgência e Emergência ;3.3.90.39.00-OUTROS SERVIÇOS DE TERCEIROS - PESSOA JURÍDICA;;"3195067,92";;vínculo em branco;01.310.0000
602;09 - SECRETARIA DA SAÚDE;015-DIRETORIA GERAL DA GESTÃO DE SAÚDE;0014-Gestão em Saúde​;2.011-Manutenção de Equipamentos Públicos ;3.3.90.39.00-OUTROS SERVIÇOS DE TERCEIROS - PESSOA JURÍDICA;;"1358957,16";;vínculo em branco;01.310.0000
603;09 - SECRETARIA DA SAÚDE;015-DIRETORIA GERAL DA GESTÃO DE SAÚDE;0014-Gestão em Saúde​;2.011-Manutenção de Equipamentos Públicos ;3.3.90.39.00-OUTROS SERVIÇOS DE TERCEIROS - PESSOA JURÍDICA;;"225789,24";;vínculo em branco;01.310.0000
604;09 - SECRETARIA DA SAÚDE;015-DIRETORIA GERAL DA GESTÃO DE SAÚDE;0014-Gestão em Saúde​;2.011-Manutenção de Equipamentos Públicos ;3.3.90.39.00-OUTROS SERVIÇOS DE TERCEIROS - PESSOA JURÍDICA;;"25335,72";;vínculo em branco;01.310.0000
605;09 - SECRETARIA DA SAÚDE;015-DIRETORIA GERAL DA GESTÃO DE SAÚDE;0014-Gestão em Saúde​;2.011-Manutenção de Equipamentos Públicos ;3.3.90.39.00-OUTROS SERVIÇOS DE TERCEIROS - PESSOA JURÍDICA;;"54992,40";;vínculo em branco;01.310.0000
606;09 - SECRETARIA DA SAÚDE;008-DIRETORIA GERAL DE ATENÇÃO PRIMÁRIA EM SAÚDE;0015-Atenção e Cuidado em Saúde​;2.012-Manutenção de Equipamentos Públicos - Atenção Primária ;3.3.90.39.00-OUTROS SERVIÇOS DE TERCEIROS - PESSOA JURÍDICA;;"42624,00";;vínculo em branco;01.310.0000
607;09 - SECRETARIA DA SAÚDE;010-DIRETORIA GERAL DE URGÊNCIA E EMERGÊNCIA;0015-Atenção e Cuidado em Saúde​;2.014-Manutenção de Equipamentos Públicos - Atenção Hospitalar e Urgência e Emergência ;3.3.90.39.00-OUTROS SERVIÇOS DE TERCEIROS - PESSOA JURÍDICA;;"2391206,40";;vínculo em branco;01.310.0000
608;09 - SECRETARIA DA SAÚDE;009-DIRETORIA GERAL DA ATENÇÃO SECUNDÁRIA EM SAÚDE;0015-Atenção e Cuidado em Saúde​;2.013-Manutenção de Equipamentos Públicos - Atenção Especializada ;3.3.90.39.00-OUTROS SERVIÇOS DE TERCEIROS - PESSOA JURÍDICA;;"90362,88";;vínculo em branco;01.310.0000
609;09 - SECRETARIA DA SAÚDE;006-HOSPITAL E MATERNIDADE MUNICIPAL AMADOR AGUIAR;0015-Atenção e Cuidado em Saúde​;2.014-Manutenção de Equipamentos Públicos - Atenção Hospitalar e Urgência e Emergência ;3.3.90.39.00-OUTROS SERVIÇOS DE TERCEIROS - PESSOA JURÍDICA;;"3210390,72";;vínculo em branco;01.310.0000
610;09 - SECRETARIA DA SAÚDE;010-DIRETORIA GERAL DE URGÊNCIA E EMERGÊNCIA;0015-Atenção e Cuidado em Saúde​;2.014-Manutenção de Equipamentos Públicos - Atenção Hospitalar e Urgência e Emergência ;3.3.90.39.00-OUTROS SERVIÇOS DE TERCEIROS - PESSOA JURÍDICA;SERVIÇOS DE SOCORRO E SALVAMENTO;"10921060,92";;vínculo em branco;01.310.0000
611;09 - SECRETARIA DA SAÚDE;010-DIRETORIA GERAL DE URGÊNCIA E EMERGÊNCIA;0015-Atenção e Cuidado em Saúde​;2.014-Manutenção de Equipamentos Públicos - Atenção Hospitalar e Urgência e Emergência ;3.3.90.39.00-OUTROS SERVIÇOS DE TERCEIROS - PESSOA JURÍDICA;SERVIÇOS DE SOCORRO E SALVAMENTO;"1946186,64";;vínculo em branco;01.310.0000
612;09 - SECRETARIA DA SAÚDE;010-DIRETORIA GERAL DE URGÊNCIA E EMERGÊNCIA;0015-Atenção e Cuidado em Saúde​;2.014-Manutenção de Equipamentos Públicos - Atenção Hospitalar e Urgência e Emergência ;3.3.90.39.00-OUTROS SERVIÇOS DE TERCEIROS - PESSOA JURÍDICA;SERVIÇOS DE SOCORRO E SALVAMENTO;"395139,48";;vínculo em branco;01.310.0000
613;09 - SECRETARIA DA SAÚDE;015-DIRETORIA GERAL DA GESTÃO DE SAÚDE;0014-Gestão em Saúde​;2.011-Manutenção de Equipamentos Públicos ;3.3.90.39.00-OUTROS SERVIÇOS DE TERCEIROS - PESSOA JURÍDICA;OUTROS SERVIÇOS DE TERCEIROS - PESSOA JURÍDICA;"1524474,96";;vínculo em branco;01.310.0000
614;09 - SECRETARIA DA SAÚDE;010-DIRETORIA GERAL DE URGÊNCIA E EMERGÊNCIA;0015-Atenção e Cuidado em Saúde​;2.014-Manutenção de Equipamentos Públicos - Atenção Hospitalar e Urgência e Emergência ;3.3.90.39.00-OUTROS SERVIÇOS DE TERCEIROS - PESSOA JURÍDICA;LOCAÇÃO DE MÁQUINAS E EQUIPAMENTOS;"312600,00";;vínculo em branco;01.310.0000
615;09 - SECRETARIA DA SAÚDE;006-HOSPITAL E MATERNIDADE MUNICIPAL AMADOR AGUIAR;0015-Atenção e Cuidado em Saúde​;2.014-Manutenção de Equipamentos Públicos - Atenção Hospitalar e Urgência e Emergência ;3.3.90.39.00-OUTROS SERVIÇOS DE TERCEIROS - PESSOA JURÍDICA;LOCAÇÃO DE MÁQUINAS E EQUIPAMENTOS;"143280,00";;vínculo em branco;01.310.0000
616;09 - SECRETARIA DA SAÚDE;009-DIRETORIA GERAL DA ATENÇÃO SECUNDÁRIA EM SAÚDE;0015-Atenção e Cuidado em Saúde​;2.013-Manutenção de Equipamentos Públicos - Atenção Especializada ;3.3.90.39.00-OUTROS SERVIÇOS DE TERCEIROS - PESSOA JURÍDICA;LOCAÇÃO DE MÁQUINAS E EQUIPAMENTOS;"33600,00";;vínculo em branco;01.310.0000
617;09 - SECRETARIA DA SAÚDE;010-DIRETORIA GERAL DE URGÊNCIA E EMERGÊNCIA;0015-Atenção e Cuidado em Saúde​;2.014-Manutenção de Equipamentos Públicos - Atenção Hospitalar e Urgência e Emergência ;3.3.90.39.00-OUTROS SERVIÇOS DE TERCEIROS - PESSOA JURÍDICA;FORNECIMENTO DE ALIMENTAÇÃO;"577951,08";;vínculo em branco;01.310.0000
618;09 - SECRETARIA DA SAÚDE;006-HOSPITAL E MATERNIDADE MUNICIPAL AMADOR AGUIAR;0015-Atenção e Cuidado em Saúde​;2.014-Manutenção de Equipamentos Públicos - Atenção Hospitalar e Urgência e Emergência ;3.3.90.39.00-OUTROS SERVIÇOS DE TERCEIROS - PESSOA JURÍDICA;FORNECIMENTO DE ALIMENTAÇÃO;"920214,36";;vínculo em branco;01.310.0000
619;09 - SECRETARIA DA SAÚDE;006-HOSPITAL E MATERNIDADE MUNICIPAL AMADOR AGUIAR;0015-Atenção e Cuidado em Saúde​;2.014-Manutenção de Equipamentos Públicos - Atenção Hospitalar e Urgência e Emergência ;3.3.90.30.00-MATERIAL DE CONSUMO;GÊNEROS DE ALIMENTAÇÃO;"4499527,20";;vínculo em branco;01.310.0000
620;09 - SECRETARIA DA SAÚDE;010-DIRETORIA GERAL DE URGÊNCIA E EMERGÊNCIA;0015-Atenção e Cuidado em Saúde​;2.014-Manutenção de Equipamentos Públicos - Atenção Hospitalar e Urgência e Emergência ;3.3.90.30.00-MATERIAL DE CONSUMO;GÊNEROS DE ALIMENTAÇÃO;"8918329,32";;vínculo em branco;01.310.0000
621;09 - SECRETARIA DA SAÚDE;009-DIRETORIA GERAL DA ATENÇÃO SECUNDÁRIA EM SAÚDE;0015-Atenção e Cuidado em Saúde​;2.013-Manutenção de Equipamentos Públicos - Atenção Especializada ;3.3.90.30.00-MATERIAL DE CONSUMO;GÊNEROS DE ALIMENTAÇÃO;"2953525,08";;vínculo em branco;01.310.0000
622;09 - SECRETARIA DA SAÚDE;006-HOSPITAL E MATERNIDADE MUNICIPAL AMADOR AGUIAR;0015-Atenção e Cuidado em Saúde​;2.014-Manutenção de Equipamentos Públicos - Atenção Hospitalar e Urgência e Emergência ;3.3.90.39.00-OUTROS SERVIÇOS DE TERCEIROS - PESSOA JURÍDICA;LOCAÇÃO DE MÁQUINAS E EQUIPAMENTOS;"5778180,00";;vínculo em branco;01.310.0000
623;09 - SECRETARIA DA SAÚDE;012-DEPARTAMENTO DE ASSISTÊNCIA FARMACÊUTICA;0014-Gestão em Saúde​;2.011-Manutenção de Equipamentos Públicos ;3.3.90.39.00-OUTROS SERVIÇOS DE TERCEIROS - PESSOA JURÍDICA;LOCAÇÃO DE MÁQUINAS E EQUIPAMENTOS;"120600,00";;vínculo em branco;01.310.0000
624;09 - SECRETARIA DA SAÚDE;009-DIRETORIA GERAL DA ATENÇÃO SECUNDÁRIA EM SAÚDE;0015-Atenção e Cuidado em Saúde​;2.013-Manutenção de Equipamentos Públicos - Atenção Especializada ;3.3.90.39.00-OUTROS SERVIÇOS DE TERCEIROS - PESSOA JURÍDICA;LOCAÇÃO DE MÁQUINAS E EQUIPAMENTOS;"1674756,00";;vínculo em branco;01.310.0000
625;09 - SECRETARIA DA SAÚDE;010-DIRETORIA GERAL DE URGÊNCIA E EMERGÊNCIA;0015-Atenção e Cuidado em Saúde​;2.014-Manutenção de Equipamentos Públicos - Atenção Hospitalar e Urgência e Emergência ;3.3.90.39.00-OUTROS SERVIÇOS DE TERCEIROS - PESSOA JURÍDICA;LOCAÇÃO DE MÁQUINAS E EQUIPAMENTOS;"2007852,00";;vínculo em branco;01.310.0000
626;09 - SECRETARIA DA SAÚDE;008-DIRETORIA GERAL DE ATENÇÃO PRIMÁRIA EM SAÚDE;0015-Atenção e Cuidado em Saúde​;2.012-Manutenção de Equipamentos Públicos - Atenção Primária ;3.3.90.39.00-OUTROS SERVIÇOS DE TERCEIROS - PESSOA JURÍDICA;MANUTENÇÃO E CONSERVAÇÃO DE MÁQUINAS E EQUIPAMENTOS;"230852,52";;vínculo em branco;01.310.0000
627;09 - SECRETARIA DA SAÚDE;010-DIRETORIA GERAL DE URGÊNCIA E EMERGÊNCIA;0015-Atenção e Cuidado em Saúde​;2.014-Manutenção de Equipamentos Públicos - Atenção Hospitalar e Urgência e Emergência ;3.3.90.39.00-OUTROS SERVIÇOS DE TERCEIROS - PESSOA JURÍDICA;MANUTENÇÃO E CONSERVAÇÃO DE MÁQUINAS E EQUIPAMENTOS;"71334,72";;vínculo em branco;01.310.0000
628;09 - SECRETARIA DA SAÚDE;006-HOSPITAL E MATERNIDADE MUNICIPAL AMADOR AGUIAR;0015-Atenção e Cuidado em Saúde​;2.014-Manutenção de Equipamentos Públicos - Atenção Hospitalar e Urgência e Emergência ;3.3.90.39.00-OUTROS SERVIÇOS DE TERCEIROS - PESSOA JURÍDICA;OUTROS SERVIÇOS DE TERCEIROS - PESSOA JURÍDICA;"4416547,20";;vínculo em branco;01.310.0000
629;09 - SECRETARIA DA SAÚDE;006-HOSPITAL E MATERNIDADE MUNICIPAL AMADOR AGUIAR;0015-Atenção e Cuidado em Saúde​;2.014-Manutenção de Equipamentos Públicos - Atenção Hospitalar e Urgência e Emergência ;3.3.90.39.00-OUTROS SERVIÇOS DE TERCEIROS - PESSOA JURÍDICA;FORNECIMENTO DE ALIMENTAÇÃO;"509494,80";;vínculo em branco;01.310.0000
630;09 - SECRETARIA DA SAÚDE;010-DIRETORIA GERAL DE URGÊNCIA E EMERGÊNCIA;0015-Atenção e Cuidado em Saúde​;2.014-Manutenção de Equipamentos Públicos - Atenção Hospitalar e Urgência e Emergência ;3.3.90.39.00-OUTROS SERVIÇOS DE TERCEIROS - PESSOA JURÍDICA;LOCAÇÃO DE MÁQUINAS E EQUIPAMENTOS;"177646,20";;vínculo em branco;01.310.0000
631;09 - SECRETARIA DA SAÚDE;006-HOSPITAL E MATERNIDADE MUNICIPAL AMADOR AGUIAR;0015-Atenção e Cuidado em Saúde​;2.014-Manutenção de Equipamentos Públicos - Atenção Hospitalar e Urgência e Emergência ;3.3.90.39.00-OUTROS SERVIÇOS DE TERCEIROS - PESSOA JURÍDICA;LOCAÇÃO DE MÁQUINAS E EQUIPAMENTOS;"85639,20";;vínculo em branco;01.310.0000
632;09 - SECRETARIA DA SAÚDE;010-DIRETORIA GERAL DE URGÊNCIA E EMERGÊNCIA;0015-Atenção e Cuidado em Saúde​;2.014-Manutenção de Equipamentos Públicos - Atenção Hospitalar e Urgência e Emergência ;3.3.90.30.00-MATERIAL DE CONSUMO;GÁS ENGARRAFADO;"1469614,92";;vínculo em branco;01.310.0000
633;09 - SECRETARIA DA SAÚDE;006-HOSPITAL E MATERNIDADE MUNICIPAL AMADOR AGUIAR;0015-Atenção e Cuidado em Saúde​;2.014-Manutenção de Equipamentos Públicos - Atenção Hospitalar e Urgência e Emergência ;3.3.90.30.00-MATERIAL DE CONSUMO;GÁS ENGARRAFADO;"1406585,76";;vínculo em branco;01.310.0000
634;09 - SECRETARIA DA SAÚDE;008-DIRETORIA GERAL DE ATENÇÃO PRIMÁRIA EM SAÚDE;0015-Atenção e Cuidado em Saúde​;2.012-Manutenção de Equipamentos Públicos - Atenção Primária ;3.3.90.30.00-MATERIAL DE CONSUMO;GÁS ENGARRAFADO;"68127,24";;vínculo em branco;01.310.0000
635;09 - SECRETARIA DA SAÚDE;009-DIRETORIA GERAL DA ATENÇÃO SECUNDÁRIA EM SAÚDE;0015-Atenção e Cuidado em Saúde​;2.013-Manutenção de Equipamentos Públicos - Atenção Especializada ;3.3.90.30.00-MATERIAL DE CONSUMO;GÁS ENGARRAFADO;"59668,80";;vínculo em branco;01.310.0000
636;09 - SECRETARIA DA SAÚDE;015-DIRETORIA GERAL DA GESTÃO DE SAÚDE;0014-Gestão em Saúde​;2.011-Manutenção de Equipamentos Públicos ;3.3.90.39.00-OUTROS SERVIÇOS DE TERCEIROS - PESSOA JURÍDICA;SEGUROS EM GERAL;"260000,00";;vínculo em branco;01.310.0000
637;09 - SECRETARIA DA SAÚDE;015-DIRETORIA GERAL DA GESTÃO DE SAÚDE;0014-Gestão em Saúde​;2.011-Manutenção de Equipamentos Públicos ;3.3.90.30.00-MATERIAL DE CONSUMO;MATERIAL DE LIMPEZA E PRODUTOS DE HIGIENIZAÇÃO;"2508000,00";;vínculo em branco;01.310.0000
638;09 - SECRETARIA DA SAÚDE;015-DIRETORIA GERAL DA GESTÃO DE SAÚDE;0014-Gestão em Saúde​;2.011-Manutenção de Equipamentos Públicos ;3.3.90.30.00-MATERIAL DE CONSUMO;MATERIAL DE COPA E COZINHA;"1103539,00";;vínculo em branco;01.310.0000
639;09 - SECRETARIA DA SAÚDE;015-DIRETORIA GERAL DA GESTÃO DE SAÚDE;0014-Gestão em Saúde​;2.011-Manutenção de Equipamentos Públicos ;3.3.90.30.00-MATERIAL DE CONSUMO;MATERIAL DE EXPEDIENTE;"1162001,00";;vínculo em branco;01.310.0000
640;09 - SECRETARIA DA SAÚDE;015-DIRETORIA GERAL DA GESTÃO DE SAÚDE;0014-Gestão em Saúde​;2.011-Manutenção de Equipamentos Públicos ;3.3.90.93.00-INDENIZAÇÕES E RESTITUIÇÕES;RESTITUIÇÕES;"250000,00";;vínculo em branco;01.310.0000
641;09 - SECRETARIA DA SAÚDE;006-HOSPITAL E MATERNIDADE MUNICIPAL AMADOR AGUIAR;0015-Atenção e Cuidado em Saúde​;2.014-Manutenção de Equipamentos Públicos - Atenção Hospitalar e Urgência e Emergência ;3.3.90.93.00-INDENIZAÇÕES E RESTITUIÇÕES;INDENIZAÇÕES;"1740000,00";;vínculo em branco;01.310.0000
642;09 - SECRETARIA DA SAÚDE;015-DIRETORIA GERAL DA GESTÃO DE SAÚDE;0014-Gestão em Saúde​;2.011-Manutenção de Equipamentos Públicos ;3.3.90.93.00-INDENIZAÇÕES E RESTITUIÇÕES;INDENIZAÇÕES;"3696000,00";;vínculo em branco;01.310.0000
643;09 - SECRETARIA DA SAÚDE;009-DIRETORIA GERAL DA ATENÇÃO SECUNDÁRIA EM SAÚDE;0015-Atenção e Cuidado em Saúde​;2.013-Manutenção de Equipamentos Públicos - Atenção Especializada ;3.3.90.93.00-INDENIZAÇÕES E RESTITUIÇÕES;INDENIZAÇÕES;"792000,00";;vínculo em branco;01.310.0000
644;09 - SECRETARIA DA SAÚDE;015-DIRETORIA GERAL DA GESTÃO DE SAÚDE;0014-Gestão em Saúde​;2.011-Manutenção de Equipamentos Públicos ;3.3.90.30.00-MATERIAL DE CONSUMO;MATERIAL PARA MANUTENÇÃO DE BENS IMÓVEIS;"200000,00";;vínculo em branco;01.310.0000
645;09 - SECRETARIA DA SAÚDE;015-DIRETORIA GERAL DA GESTÃO DE SAÚDE;0014-Gestão em Saúde​;2.011-Manutenção de Equipamentos Públicos ;3.3.90.39.00-OUTROS SERVIÇOS DE TERCEIROS - PESSOA JURÍDICA;MANUTENÇÃO E CONSERVAÇÃO DE BENS IMÓVEIS;"2680000,00";;vínculo em branco;01.310.0000
646;09 - SECRETARIA DA SAÚDE;015-DIRETORIA GERAL DA GESTÃO DE SAÚDE;0014-Gestão em Saúde​;2.011-Manutenção de Equipamentos Públicos ;3.3.90.39.00-OUTROS SERVIÇOS DE TERCEIROS - PESSOA JURÍDICA;OUTROS SERVIÇOS DE TERCEIROS - PESSOA JURÍDICA;"200000,00";;vínculo em branco;01.310.0000
647;09 - SECRETARIA DA SAÚDE;015-DIRETORIA GERAL DA GESTÃO DE SAÚDE;0014-Gestão em Saúde​;2.011-Manutenção de Equipamentos Públicos ;"3.3.90.32.00-MATERIAL, BEM OU SERVIÇO PARA DISTRIBUIÇÃO GRATUITA";OUTROS MATERIAIS DE DISTRIBUIÇÃO GRATUITA;"360000,00";;vínculo em branco;01.310.0000
648;09 - SECRETARIA DA SAÚDE;006-HOSPITAL E MATERNIDADE MUNICIPAL AMADOR AGUIAR;0015-Atenção e Cuidado em Saúde​;2.014-Manutenção de Equipamentos Públicos - Atenção Hospitalar e Urgência e Emergência ;3.3.90.30.00-MATERIAL DE CONSUMO;GÊNEROS DE ALIMENTAÇÃO;"1083662,10";;vínculo em branco;01.310.0000
649;09 - SECRETARIA DA SAÚDE;010-DIRETORIA GERAL DE URGÊNCIA E EMERGÊNCIA;"0002-Governo Inteligente, Aberto e Inovador​";2.014-Manutenção de Equipamentos Públicos - Atenção Hospitalar e Urgência e Emergência ;3.3.90.30.00-MATERIAL DE CONSUMO;GÊNEROS DE ALIMENTAÇÃO;"274000,00";;vínculo em branco;01.310.0000
650;09 - SECRETARIA DA SAÚDE;008-DIRETORIA GERAL DE ATENÇÃO PRIMÁRIA EM SAÚDE;0015-Atenção e Cuidado em Saúde​;2.012-Manutenção de Equipamentos Públicos - Atenção Primária ;;;"3037000,00";;vínculo em branco;01.310.0000
651;09 - SECRETARIA DA SAÚDE;008-DIRETORIA GERAL DE ATENÇÃO PRIMÁRIA EM SAÚDE;0015-Atenção e Cuidado em Saúde​;2.012-Manutenção de Equipamentos Públicos - Atenção Primária ;3.3.90.30.00-MATERIAL DE CONSUMO;MATERIAL ODONTOLÓGICO;"1640000,00";;vínculo em branco;01.310.0000
652;09 - SECRETARIA DA SAÚDE;001-GABINETE DA SECRETARIA DA SAÚDE;0015-Atenção e Cuidado em Saúde​;2.026-Residências e Internações Compulsórias;3.3.90.39.00-OUTROS SERVIÇOS DE TERCEIROS - PESSOA JURÍDICA;SERVIÇOS DECORRENTES DE DECISÃO JUDICIAL;"2350000,00";;vínculo em branco;01.310.0000
653;09 - SECRETARIA DA SAÚDE;012-DEPARTAMENTO DE ASSISTÊNCIA FARMACÊUTICA;0014-Gestão em Saúde​;2.011-Manutenção de Equipamentos Públicos ;3.3.90.30.00-MATERIAL DE CONSUMO;MATERIAL FARMACOLÓGICO;"18216000,00";;vínculo em branco;01.310.0000
654;09 - SECRETARIA DA SAÚDE;012-DEPARTAMENTO DE ASSISTÊNCIA FARMACÊUTICA;0014-Gestão em Saúde​;2.011-Manutenção de Equipamentos Públicos ;3.3.90.30.00-MATERIAL DE CONSUMO;MATERIAL FARMACOLÓGICO;"1222332,00";;vínculo em branco;01.310.0000
655;09 - SECRETARIA DA SAÚDE;012-DEPARTAMENTO DE ASSISTÊNCIA FARMACÊUTICA;0014-Gestão em Saúde​;2.011-Manutenção de Equipamentos Públicos ;"3.3.90.32.00-MATERIAL, BEM OU SERVIÇO PARA DISTRIBUIÇÃO GRATUITA";OUTROS MATERIAIS DE DISTRIBUIÇÃO GRATUITA;"2272332,00";;vínculo em branco;01.310.0000
656;09 - SECRETARIA DA SAÚDE;012-DEPARTAMENTO DE ASSISTÊNCIA FARMACÊUTICA;0014-Gestão em Saúde​;2.011-Manutenção de Equipamentos Públicos ;3.3.90.30.00-MATERIAL DE CONSUMO;MATERIAL FARMACOLÓGICO;"6000000,00";;vínculo em branco;01.310.0000
657;09 - SECRETARIA DA SAÚDE;012-DEPARTAMENTO DE ASSISTÊNCIA FARMACÊUTICA;0014-Gestão em Saúde​;2.011-Manutenção de Equipamentos Públicos ;"3.3.90.32.00-MATERIAL, BEM OU SERVIÇO PARA DISTRIBUIÇÃO GRATUITA";MATERIAL FARMACOLÓGICO;"61803000,00";;vínculo em branco;01.310.0000
658;09 - SECRETARIA DA SAÚDE;012-DEPARTAMENTO DE ASSISTÊNCIA FARMACÊUTICA;0014-Gestão em Saúde​;2.011-Manutenção de Equipamentos Públicos ;3.3.90.30.00-MATERIAL DE CONSUMO;MATERIAL HOSPITALAR;"45000000,00";;vínculo em branco;01.310.0000
659;09 - SECRETARIA DA SAÚDE;012-DEPARTAMENTO DE ASSISTÊNCIA FARMACÊUTICA;0014-Gestão em Saúde​;2.011-Manutenção de Equipamentos Públicos ;3.3.90.30.00-MATERIAL DE CONSUMO;MATERIAL FARMACOLÓGICO;"1685190,00";;vínculo em branco;01.310.0000
660;09 - SECRETARIA DA SAÚDE;012-DEPARTAMENTO DE ASSISTÊNCIA FARMACÊUTICA;0014-Gestão em Saúde​;2.011-Manutenção de Equipamentos Públicos ;3.3.90.30.00-MATERIAL DE CONSUMO;MATERIAL FARMACOLÓGICO;"418000,00";;vínculo em branco;01.310.0000
661;09 - SECRETARIA DA SAÚDE;008-DIRETORIA GERAL DE ATENÇÃO PRIMÁRIA EM SAÚDE;0014-Gestão em Saúde​;2.012-Manutenção de Equipamentos Públicos - Atenção Primária ;3.3.90.39.00-OUTROS SERVIÇOS DE TERCEIROS - PESSOA JURÍDICA;OUTROS SERVIÇOS DE TERCEIROS - PESSOA JURÍDICA;"960000,00";;vínculo em branco;01.310.0000
662;09 - SECRETARIA DA SAÚDE;009-DIRETORIA GERAL DA ATENÇÃO SECUNDÁRIA EM SAÚDE;0015-Atenção e Cuidado em Saúde​;2.013-Manutenção de Equipamentos Públicos - Atenção Especializada ;3.3.90.30.00-MATERIAL DE CONSUMO;GÊNEROS DE ALIMENTAÇÃO;"150000,00";;vínculo em branco;01.310.0000
663;09 - SECRETARIA DA SAÚDE;015-DIRETORIA GERAL DA GESTÃO DE SAÚDE;0014-Gestão em Saúde​;2.011-Manutenção de Equipamentos Públicos ;3.3.90.30.00-MATERIAL DE CONSUMO;"UNIFORMES, TECIDOS E AVIAMENTOS";"1000000,00";;vínculo em branco;01.310.0000
664;09 - SECRETARIA DA SAÚDE;009-DIRETORIA GERAL DA ATENÇÃO SECUNDÁRIA EM SAÚDE;0015-Atenção e Cuidado em Saúde​;2.013-Manutenção de Equipamentos Públicos - Atenção Especializada ;3.3.90.39.00-OUTROS SERVIÇOS DE TERCEIROS - PESSOA JURÍDICA;SERVIÇOS DECORRENTES DE DECISÃO JUDICIAL;"1000000,00";;vínculo em branco;01.310.0000
665;09 - SECRETARIA DA SAÚDE;012-DEPARTAMENTO DE ASSISTÊNCIA FARMACÊUTICA;0015-Atenção e Cuidado em Saúde​;2.011-Manutenção de Equipamentos Públicos ;"3.3.90.32.00-MATERIAL, BEM OU SERVIÇO PARA DISTRIBUIÇÃO GRATUITA";MEDICAMENTOS PARA USO DOMICILIAR;"50000,00";;vínculo em branco;01.310.0000
666;09 - SECRETARIA DA SAÚDE;012-DEPARTAMENTO DE ASSISTÊNCIA FARMACÊUTICA;0015-Atenção e Cuidado em Saúde​;2.011-Manutenção de Equipamentos Públicos ;3.3.90.30.00-MATERIAL DE CONSUMO;MEDICAMENTOS FORNECIDOS POR DECISÃO JUDICIAL;"11000000,00";;vínculo em branco;01.310.0000
667;09 - SECRETARIA DA SAÚDE;010-DIRETORIA GERAL DE URGÊNCIA E EMERGÊNCIA;0015-Atenção e Cuidado em Saúde​;2.014-Manutenção de Equipamentos Públicos - Atenção Hospitalar e Urgência e Emergência ;3.3.90.39.00-OUTROS SERVIÇOS DE TERCEIROS - PESSOA JURÍDICA;OUTROS SERVIÇOS DE TERCEIROS - PESSOA JURÍDICA;"200000,00";;vínculo em branco;01.310.0000
668;09 - SECRETARIA DA SAÚDE;015-DIRETORIA GERAL DA GESTÃO DE SAÚDE;0014-Gestão em Saúde​;1.002-Reforma e Ampliação de Unidades;4.4.90.52.00-EQUIPAMENTOS E MATERIAL PERMANENTE;"MÁQUINAS, UTENSÍLIOS E EQUIPAMENTOS DIVERSOS";"500000,00";;vínculo em branco;01.310.0000
669;09 - SECRETARIA DA SAÚDE;015-DIRETORIA GERAL DA GESTÃO DE SAÚDE;0014-Gestão em Saúde​;1.002-Reforma e Ampliação de Unidades;4.4.90.52.00-EQUIPAMENTOS E MATERIAL PERMANENTE;"MÁQUINAS, UTENSÍLIOS E EQUIPAMENTOS DIVERSOS";"100000,00";;vínculo em branco;01.310.0000
670;09 - SECRETARIA DA SAÚDE;006-HOSPITAL E MATERNIDADE MUNICIPAL AMADOR AGUIAR;0015-Atenção e Cuidado em Saúde​;1.002-Reforma e Ampliação de Unidades;;;"1,00";;vínculo em branco;01.310.0000
671;09 - SECRETARIA DA SAÚDE;001-GABINETE DA SECRETARIA DA SAÚDE;0001-Administração e Coordenação Geral​;2.006-Representações Oficiais ;3.3.90.39.00-OUTROS SERVIÇOS DE TERCEIROS - PESSOA JURÍDICA;OUTROS SERVIÇOS DE TERCEIROS - PESSOA JURÍDICA;"1000,00";;vínculo em branco;01.310.0000
672;09 - SECRETARIA DA SAÚDE;015-DIRETORIA GERAL DA GESTÃO DE SAÚDE;0014-Gestão em Saúde​;2.011-Manutenção de Equipamentos Públicos ;"3.3.90.32.00-MATERIAL, BEM OU SERVIÇO PARA DISTRIBUIÇÃO GRATUITA";MATERIAL DESTINADO À ASSISTÊNCIA SOCIAL;"280000,00";;vínculo em branco;01.310.0000
673;09 - SECRETARIA DA SAÚDE;008-DIRETORIA GERAL DE ATENÇÃO PRIMÁRIA EM SAÚDE;0015-Atenção e Cuidado em Saúde​;2.012-Manutenção de Equipamentos Públicos - Atenção Primária ;3.3.90.30.00-MATERIAL DE CONSUMO;GÁS ENGARRAFADO;"533680,00";;vínculo em branco;01.310.0000
674;09 - SECRETARIA DA SAÚDE;008-DIRETORIA GERAL DE ATENÇÃO PRIMÁRIA EM SAÚDE;0015-Atenção e Cuidado em Saúde​;2.012-Manutenção de Equipamentos Públicos - Atenção Primária ;3.3.90.39.00-OUTROS SERVIÇOS DE TERCEIROS - PESSOA JURÍDICA;SERVIÇOS DE GÁS;"2841049,28";;vínculo em branco;01.310.0000
675;09 - SECRETARIA DA SAÚDE;015-DIRETORIA GERAL DA GESTÃO DE SAÚDE;0014-Gestão em Saúde​;2.011-Manutenção de Equipamentos Públicos ;3.3.90.39.00-OUTROS SERVIÇOS DE TERCEIROS - PESSOA JURÍDICA;OUTROS SERVIÇOS DE TERCEIROS - PESSOA JURÍDICA;"1771440,00";;vínculo em branco;01.310.0000
676;09 - SECRETARIA DA SAÚDE;015-DIRETORIA GERAL DA GESTÃO DE SAÚDE;0015-Atenção e Cuidado em Saúde​;2.014-Manutenção de Equipamentos Públicos - Atenção Hospitalar e Urgência e Emergência ;3.3.90.30.00-MATERIAL DE CONSUMO;OUTROS MATERIAIS DE CONSUMO;"300000,00";;vínculo em branco;01.310.0000
677;09 - SECRETARIA DA SAÚDE;015-DIRETORIA GERAL DA GESTÃO DE SAÚDE;0014-Gestão em Saúde​;2.011-Manutenção de Equipamentos Públicos ;3.3.90.30.00-MATERIAL DE CONSUMO;OUTROS MATERIAIS DE CONSUMO;"175981,00";;vínculo em branco;01.310.0000
678;09 - SECRETARIA DA SAÚDE;009-DIRETORIA GERAL DA ATENÇÃO SECUNDÁRIA EM SAÚDE;0015-Atenção e Cuidado em Saúde​;2.013-Manutenção de Equipamentos Públicos - Atenção Especializada ;3.3.90.39.00-OUTROS SERVIÇOS DE TERCEIROS - PESSOA JURÍDICA;"SERVIÇO MÉDICO-HOSPITALAR, ODONTOLÓGICO E LABORATORIAIS";"7460121,62";;vínculo em branco;01.310.0000
679;09 - SECRETARIA DA SAÚDE;008-DIRETORIA GERAL DE ATENÇÃO PRIMÁRIA EM SAÚDE;0015-Atenção e Cuidado em Saúde​;2.012-Manutenção de Equipamentos Públicos - Atenção Primária ;3.3.90.39.00-OUTROS SERVIÇOS DE TERCEIROS - PESSOA JURÍDICA;"SERVIÇO MÉDICO-HOSPITALAR, ODONTOLÓGICO E LABORATORIAIS";"22495672,80";;vínculo em branco;01.310.0000
680;09 - SECRETARIA DA SAÚDE;009-DIRETORIA GERAL DA ATENÇÃO SECUNDÁRIA EM SAÚDE;0015-Atenção e Cuidado em Saúde​;2.013-Manutenção de Equipamentos Públicos - Atenção Especializada ;3.3.90.39.00-OUTROS SERVIÇOS DE TERCEIROS - PESSOA JURÍDICA;"SERVIÇO MÉDICO-HOSPITALAR, ODONTOLÓGICO E LABORATORIAIS";"3820484,64";;vínculo em branco;01.310.0000
681;09 - SECRETARIA DA SAÚDE;006-HOSPITAL E MATERNIDADE MUNICIPAL AMADOR AGUIAR;0015-Atenção e Cuidado em Saúde​;2.014-Manutenção de Equipamentos Públicos - Atenção Hospitalar e Urgência e Emergência ;3.3.90.39.00-OUTROS SERVIÇOS DE TERCEIROS - PESSOA JURÍDICA;"SERVIÇO MÉDICO-HOSPITALAR, ODONTOLÓGICO E LABORATORIAIS";"20319812,41";;vínculo em branco;01.310.0000
682;09 - SECRETARIA DA SAÚDE;010-DIRETORIA GERAL DE URGÊNCIA E EMERGÊNCIA;0015-Atenção e Cuidado em Saúde​;2.014-Manutenção de Equipamentos Públicos - Atenção Hospitalar e Urgência e Emergência ;3.3.90.39.00-OUTROS SERVIÇOS DE TERCEIROS - PESSOA JURÍDICA;"SERVIÇO MÉDICO-HOSPITALAR, ODONTOLÓGICO E LABORATORIAIS";"36559571,40";;vínculo em branco;01.310.0000
683;09 - SECRETARIA DA SAÚDE;008-DIRETORIA GERAL DE ATENÇÃO PRIMÁRIA EM SAÚDE;0015-Atenção e Cuidado em Saúde​;1.002-Reforma e Ampliação de Unidades;;;"1,00";;vínculo em branco;01.310.0000
684;09 - SECRETARIA DA SAÚDE;009-DIRETORIA GERAL DA ATENÇÃO SECUNDÁRIA EM SAÚDE;0015-Atenção e Cuidado em Saúde​;1.002-Reforma e Ampliação de Unidades;;;"1,00";;vínculo em branco;01.310.0000
685;09 - SECRETARIA DA SAÚDE;010-DIRETORIA GERAL DE URGÊNCIA E EMERGÊNCIA;0015-Atenção e Cuidado em Saúde​;1.002-Reforma e Ampliação de Unidades;;;"1,00";;vínculo em branco;01.310.0000
686;09 - SECRETARIA DA SAÚDE;015-DIRETORIA GERAL DA GESTÃO DE SAÚDE;0014-Gestão em Saúde​;1.002-Reforma e Ampliação de Unidades;;;"1,00";;vínculo em branco;01.310.0000
687;09 - SECRETARIA DA SAÚDE;015-DIRETORIA GERAL DA GESTÃO DE SAÚDE;0014-Gestão em Saúde​;2.011-Manutenção de Equipamentos Públicos ;3.3.90.92.00-DESPESAS DE EXERCÍCIOS ANTERIORES;OUTRAS DESPESAS DE EXERCÍCIOS ANTERIORES;"1,00";;vínculo em branco;01.310.0000
688;09 - SECRETARIA DA SAÚDE;015-DIRETORIA GERAL DA GESTÃO DE SAÚDE;0014-Gestão em Saúde​;2.011-Manutenção de Equipamentos Públicos ;3.3.90.93.00-INDENIZAÇÕES E RESTITUIÇÕES;INDENIZAÇÕES;"1,00";;vínculo em branco;01.310.0000
689;09 - SECRETARIA DA SAÚDE;001-CHEFIA DE GABINETE;"0002-Governo Inteligente, Aberto e Inovador​";"2.007-Ampliação e Manutenção de Sistemas de Inteligência, Fiscalização e Tecnologia";3.3.90.39.00-OUTROS SERVIÇOS DE TERCEIROS - PESSOA JURÍDICA;;"8353350,00";;vínculo em branco;01.310.0000
690;09 - SECRETARIA DA SAÚDE;001-CHEFIA DE GABINETE;"0002-Governo Inteligente, Aberto e Inovador​";"2.005-Promoção de Eventos, Comunicação e Participação Social ";3.3.90.30.00-MATERIAL DE CONSUMO;;"207820,00";;vínculo em branco;01.310.0000
691;09 - SECRETARIA DA SAÚDE;001-CHEFIA DE GABINETE;"0002-Governo Inteligente, Aberto e Inovador​";"2.005-Promoção de Eventos, Comunicação e Participação Social ";3.3.90.39.00-OUTROS SERVIÇOS DE TERCEIROS - PESSOA JURÍDICA;;"143949,10";;vínculo em branco;01.310.0000
692;09 - SECRETARIA DA SAÚDE;001-CHEFIA DE GABINETE;0001-Administração e Coordenação Geral​;2.006-Representações Oficiais ;3.3.90.33.00-PASSAGENS E DESPESAS COM LOCOMOÇÃO;;"0,00";;vínculo em branco;01.310.0000
693;09 - SECRETARIA DA SAÚDE;001-CHEFIA DE GABINETE;0001-Administração e Coordenação Geral​;2.006-Representações Oficiais ;3.3.90.39.00-OUTROS SERVIÇOS DE TERCEIROS - PESSOA JURÍDICA;;"0,00";;vínculo em branco;01.310.0000
694;09 - SECRETARIA DA SAÚDE;001-CHEFIA DE GABINETE;0015-Atenção e Cuidado em Saúde​;2.026-Residências e Internações Compulsórias;3.3.90.39.00-OUTROS SERVIÇOS DE TERCEIROS - PESSOA JURÍDICA;;"2214997,52";;vínculo em branco;01.310.0000
695;09 - SECRETARIA DA SAÚDE;006-HOSPITAL E MATERNIDADE MUNICIPAL AMADOR AGUIAR;0015-Atenção e Cuidado em Saúde​;2.014-Manutenção de Equipamentos Públicos - Atenção Hospitalar e Urgência e Emergência ;3.3.90.30.00-MATERIAL DE CONSUMO;;"6211561,44";;vínculo em branco;01.310.0000
696;09 - SECRETARIA DA SAÚDE;006-HOSPITAL E MATERNIDADE MUNICIPAL AMADOR AGUIAR;0015-Atenção e Cuidado em Saúde​;2.014-Manutenção de Equipamentos Públicos - Atenção Hospitalar e Urgência e Emergência ;3.3.90.39.00-OUTROS SERVIÇOS DE TERCEIROS - PESSOA JURÍDICA;;"28059851,57";;vínculo em branco;01.310.0000
697;09 - SECRETARIA DA SAÚDE;006-HOSPITAL E MATERNIDADE MUNICIPAL AMADOR AGUIAR;0015-Atenção e Cuidado em Saúde​;2.014-Manutenção de Equipamentos Públicos - Atenção Hospitalar e Urgência e Emergência ;3.3.90.93.00-INDENIZAÇÕES E RESTITUIÇÕES;;"1554520,00";;vínculo em branco;01.310.0000
698;09 - SECRETARIA DA SAÚDE;008-DIRETORIA GERAL DE ATENÇÃO PRIMÁRIA EM SAÚDE;0015-Atenção e Cuidado em Saúde​;2.012-Manutenção de Equipamentos Públicos - Atenção Primária ;3.3.50.39.00-OUTROS SERVIÇOS DE TERCEIROS - PESSOA JURÍDICA;;"0,00";;vínculo em branco;01.310.0000
699;09 - SECRETARIA DA SAÚDE;008-DIRETORIA GERAL DE ATENÇÃO PRIMÁRIA EM SAÚDE;0015-Atenção e Cuidado em Saúde​;2.012-Manutenção de Equipamentos Públicos - Atenção Primária ;3.3.90.30.00-MATERIAL DE CONSUMO;;"3953806,12";;vínculo em branco;01.310.0000
700;09 - SECRETARIA DA SAÚDE;008-DIRETORIA GERAL DE ATENÇÃO PRIMÁRIA EM SAÚDE;0015-Atenção e Cuidado em Saúde​;2.012-Manutenção de Equipamentos Públicos - Atenção Primária ;"3.3.90.32.00-MATERIAL, BEM OU SERVIÇO PARA DISTRIBUIÇÃO GRATUITA";;"3594974,50";;vínculo em branco;01.310.0000
701;09 - SECRETARIA DA SAÚDE;008-DIRETORIA GERAL DE ATENÇÃO PRIMÁRIA EM SAÚDE;0015-Atenção e Cuidado em Saúde​;2.012-Manutenção de Equipamentos Públicos - Atenção Primária ;3.3.90.39.00-OUTROS SERVIÇOS DE TERCEIROS - PESSOA JURÍDICA;;"49021463,02";;vínculo em branco;01.310.0000
702;09 - SECRETARIA DA SAÚDE;008-DIRETORIA GERAL DE ATENÇÃO PRIMÁRIA EM SAÚDE;0015-Atenção e Cuidado em Saúde​;2.012-Manutenção de Equipamentos Públicos - Atenção Primária ;4.4.50.52.00-EQUIPAMENTOS E MATERIAL PERMANENTE;;"0,00";;vínculo em branco;01.310.0000
703;09 - SECRETARIA DA SAÚDE;009-DIRETORIA GERAL DA ATENÇÃO SECUNDÁRIA EM SAÚDE;0015-Atenção e Cuidado em Saúde​;2.013-Manutenção de Equipamentos Públicos - Atenção Especializada ;3.3.50.39.00-OUTROS SERVIÇOS DE TERCEIROS - PESSOA JURÍDICA;;"10891346,00";;vínculo em branco;01.310.0000
704;09 - SECRETARIA DA SAÚDE;009-DIRETORIA GERAL DA ATENÇÃO SECUNDÁRIA EM SAÚDE;0015-Atenção e Cuidado em Saúde​;2.013-Manutenção de Equipamentos Públicos - Atenção Especializada ;3.3.90.30.00-MATERIAL DE CONSUMO;;"4321020,06";;vínculo em branco;01.310.0000
705;09 - SECRETARIA DA SAÚDE;009-DIRETORIA GERAL DA ATENÇÃO SECUNDÁRIA EM SAÚDE;0015-Atenção e Cuidado em Saúde​;2.013-Manutenção de Equipamentos Públicos - Atenção Especializada ;3.3.90.39.00-OUTROS SERVIÇOS DE TERCEIROS - PESSOA JURÍDICA;;"22243177,38";;vínculo em branco;01.310.0000
706;09 - SECRETARIA DA SAÚDE;009-DIRETORIA GERAL DA ATENÇÃO SECUNDÁRIA EM SAÚDE;0015-Atenção e Cuidado em Saúde​;2.013-Manutenção de Equipamentos Públicos - Atenção Especializada ;3.3.90.40.00-SERVIÇOS DE TECNOLOGIA DA INFORMAÇÃO E COMUNICAÇÃO - PESSOA JURÍDICA;;"0,00";;vínculo em branco;01.310.0000
707;09 - SECRETARIA DA SAÚDE;009-DIRETORIA GERAL DA ATENÇÃO SECUNDÁRIA EM SAÚDE;0015-Atenção e Cuidado em Saúde​;2.013-Manutenção de Equipamentos Públicos - Atenção Especializada ;3.3.90.93.00-INDENIZAÇÕES E RESTITUIÇÕES;;"726001,00";;vínculo em branco;01.310.0000
708;09 - SECRETARIA DA SAÚDE;009-DIRETORIA GERAL DA ATENÇÃO SECUNDÁRIA EM SAÚDE;0015-Atenção e Cuidado em Saúde​;2.013-Manutenção de Equipamentos Públicos - Atenção Especializada ;4.4.50.51.00-OBRAS E INSTALAÇÕES;;"0,00";;vínculo em branco;01.310.0000
709;09 - SECRETARIA DA SAÚDE;009-DIRETORIA GERAL DA ATENÇÃO SECUNDÁRIA EM SAÚDE;0015-Atenção e Cuidado em Saúde​;2.013-Manutenção de Equipamentos Públicos - Atenção Especializada ;4.4.50.52.00-EQUIPAMENTOS E MATERIAL PERMANENTE;;"519549,96";;vínculo em branco;01.310.0000
710;09 - SECRETARIA DA SAÚDE;009-DIRETORIA GERAL DA ATENÇÃO SECUNDÁRIA EM SAÚDE;0015-Atenção e Cuidado em Saúde​;2.013-Manutenção de Equipamentos Públicos - Atenção Especializada ;4.4.90.52.00-EQUIPAMENTOS E MATERIAL PERMANENTE;;"0,00";;vínculo em branco;01.310.0000
711;09 - SECRETARIA DA SAÚDE;009-DIRETORIA GERAL DA ATENÇÃO SECUNDÁRIA EM SAÚDE;0015-Atenção e Cuidado em Saúde​;2.023-Gestão Compartilhada de Equipamentos Públicos ;3.3.50.85.00-CONTRATO DE GESTÃO;;"14563114,16";;vínculo em branco;01.310.0000
712;09 - SECRETARIA DA SAÚDE;010-DIRETORIA GERAL DE URGÊNCIA E EMERGÊNCIA;0015-Atenção e Cuidado em Saúde​;2.014-Manutenção de Equipamentos Públicos - Atenção Hospitalar e Urgência e Emergência ;3.3.90.30.00-MATERIAL DE CONSUMO;;"11184239,45";;vínculo em branco;01.310.0000
713;09 - SECRETARIA DA SAÚDE;010-DIRETORIA GERAL DE URGÊNCIA E EMERGÊNCIA;0015-Atenção e Cuidado em Saúde​;2.014-Manutenção de Equipamentos Públicos - Atenção Hospitalar e Urgência e Emergência ;3.3.90.39.00-OUTROS SERVIÇOS DE TERCEIROS - PESSOA JURÍDICA;;"56198454,68";;vínculo em branco;01.310.0000
714;09 - SECRETARIA DA SAÚDE;010-DIRETORIA GERAL DE URGÊNCIA E EMERGÊNCIA;0015-Atenção e Cuidado em Saúde​;2.023-Gestão Compartilhada de Equipamentos Públicos ;3.3.50.85.00-CONTRATO DE GESTÃO;;"408734669,26";;vínculo em branco;01.310.0000
715;09 - SECRETARIA DA SAÚDE;012-FUNDO ESPECIAL DE MANUTENÇÃO DOS BOMBEIROS;0014-Gestão em Saúde​;2.011-Manutenção de Equipamentos Públicos ;3.3.90.30.00-MATERIAL DE CONSUMO;;"27522306,10";;vínculo em branco;01.310.0000
716;09 - SECRETARIA DA SAÚDE;012-FUNDO ESPECIAL DE MANUTENÇÃO DOS BOMBEIROS;0014-Gestão em Saúde​;2.011-Manutenção de Equipamentos Públicos ;"3.3.90.32.00-MATERIAL, BEM OU SERVIÇO PARA DISTRIBUIÇÃO GRATUITA";;"17716924,50";;vínculo em branco;01.310.0000
717;09 - SECRETARIA DA SAÚDE;012-FUNDO ESPECIAL DE MANUTENÇÃO DOS BOMBEIROS;0014-Gestão em Saúde​;2.011-Manutenção de Equipamentos Públicos ;3.3.90.39.00-OUTROS SERVIÇOS DE TERCEIROS - PESSOA JURÍDICA;;"457713,12";;vínculo em branco;01.310.0000
718;09 - SECRETARIA DA SAÚDE;012-FUNDO ESPECIAL DE MANUTENÇÃO DOS BOMBEIROS;0014-Gestão em Saúde​;2.011-Manutenção de Equipamentos Públicos ;4.4.90.52.00-EQUIPAMENTOS E MATERIAL PERMANENTE;;"103910,00";;vínculo em branco;01.310.0000
719;09 - SECRETARIA DA SAÚDE;012-FUNDO ESPECIAL DE MANUTENÇÃO DOS BOMBEIROS;0015-Atenção e Cuidado em Saúde​;2.011-Manutenção de Equipamentos Públicos ;3.3.90.30.00-MATERIAL DE CONSUMO;;"7279119,82";;vínculo em branco;01.310.0000
720;09 - SECRETARIA DA SAÚDE;015-DIRETORIA GERAL DA GESTÃO DE SAÚDE;"0002-Governo Inteligente, Aberto e Inovador​";2.003-Qualificação de Servidores e Processos Institucionais;3.3.90.36.00-OUTROS SERVIÇOS DE TERCEIROS - PESSOA FÍSICA;;"2,00";;vínculo em branco;01.310.0000
721;09 - SECRETARIA DA SAÚDE;015-DIRETORIA GERAL DA GESTÃO DE SAÚDE;"0002-Governo Inteligente, Aberto e Inovador​";2.003-Qualificação de Servidores e Processos Institucionais;3.3.90.39.00-OUTROS SERVIÇOS DE TERCEIROS - PESSOA JURÍDICA;;"2,00";;vínculo em branco;01.310.0000
722;09 - SECRETARIA DA SAÚDE;015-DIRETORIA GERAL DA GESTÃO DE SAÚDE;0014-Gestão em Saúde​;2.011-Manutenção de Equipamentos Públicos ;3.3.90.30.00-MATERIAL DE CONSUMO;;"7462180,96";;vínculo em branco;01.310.0000
723;09 - SECRETARIA DA SAÚDE;015-DIRETORIA GERAL DA GESTÃO DE SAÚDE;0014-Gestão em Saúde​;2.011-Manutenção de Equipamentos Públicos ;"3.3.90.32.00-MATERIAL, BEM OU SERVIÇO PARA DISTRIBUIÇÃO GRATUITA";;"152099,00";;vínculo em branco;01.310.0000
724;09 - SECRETARIA DA SAÚDE;015-DIRETORIA GERAL DA GESTÃO DE SAÚDE;0014-Gestão em Saúde​;2.011-Manutenção de Equipamentos Públicos ;3.3.90.39.00-OUTROS SERVIÇOS DE TERCEIROS - PESSOA JURÍDICA;;"6111079,46";;vínculo em branco;01.310.0000
725;09 - SECRETARIA DA SAÚDE;015-DIRETORIA GERAL DA GESTÃO DE SAÚDE;0014-Gestão em Saúde​;2.011-Manutenção de Equipamentos Públicos ;3.3.90.93.00-INDENIZAÇÕES E RESTITUIÇÕES;;"1039099,96";;vínculo em branco;01.310.0000
726;09 - SECRETARIA DA SAÚDE;015-DIRETORIA GERAL DA GESTÃO DE SAÚDE;0014-Gestão em Saúde​;2.008-Estágio e Aprendizagem;3.3.90.48.00 - OUTROS AUXILIOS FINANCEIROS A PESSOAS FISICAS;;"432364,11";;vínculo em branco;01.310.0000
727;09 - SECRETARIA DA SAÚDE;001-CHEFIA DE GABINETE;"0002-Governo Inteligente, Aberto e Inovador​";2.003-Qualificação de Servidores e Processos Institucionais;3.3.90.36.00-OUTROS SERVIÇOS DE TERCEIROS - PESSOA FÍSICA;;"0,00";;vínculo em branco;01.310.0000
728;09 - SECRETARIA DA SAÚDE;010-DIRETORIA GERAL DE URGÊNCIA E EMERGÊNCIA;"0002-Governo Inteligente, Aberto e Inovador​";2.014-Manutenção de Equipamentos Públicos - Atenção Hospitalar e Urgência e Emergência ;3.3.90.30.00-MATERIAL DE CONSUMO;;"0,00";;vínculo em branco;01.310.0000
729;09 - SECRETARIA DA SAÚDE;008-DIRETORIA GERAL DE ATENÇÃO PRIMÁRIA EM SAÚDE;0015-Atenção e Cuidado em Saúde​;2.012-Manutenção de Equipamentos Públicos - Atenção Primária ;;;"0,00";;vínculo em branco;01.310.0000
730;09 - SECRETARIA DA SAÚDE;008-DIRETORIA GERAL DE ATENÇÃO PRIMÁRIA EM SAÚDE;0014-Gestão em Saúde​;2.012-Manutenção de Equipamentos Públicos - Atenção Primária ;3.3.90.39.00-OUTROS SERVIÇOS DE TERCEIROS - PESSOA JURÍDICA;;"0,00";;vínculo em branco;01.310.0000
731;09 - SECRETARIA DA SAÚDE;012-FUNDO ESPECIAL DE MANUTENÇÃO DOS BOMBEIROS;0015-Atenção e Cuidado em Saúde​;2.011-Manutenção de Equipamentos Públicos ;"3.3.90.32.00-MATERIAL, BEM OU SERVIÇO PARA DISTRIBUIÇÃO GRATUITA";;"0,00";;vínculo em branco;01.310.0000
732;09 - SECRETARIA DA SAÚDE;015-DIRETORIA GERAL DA GESTÃO DE SAÚDE;0015-Atenção e Cuidado em Saúde​;2.014-Manutenção de Equipamentos Públicos - Atenção Hospitalar e Urgência e Emergência ;3.3.90.30.00-MATERIAL DE CONSUMO;;"0,00";;vínculo em branco;01.310.0000
733;09 - SECRETARIA DA SAÚDE;015-DIRETORIA GERAL DA GESTÃO DE SAÚDE;0014-Gestão em Saúde​;2.011-Manutenção de Equipamentos Públicos ;3.3.90.92.00-DESPESAS DE EXERCÍCIOS ANTERIORES;;"0,00";;vínculo em branco;01.310.0000
734;09 - SECRETARIA DA SAÚDE;001-CHEFIA DE GABINETE;0001-Administração e Coordenação Geral​;"2.001-Remuneração, Benefícios e Encargos";3.1.90.94.00;;"656345,55";;vínculo em branco;01.310.0000
735;09 - SECRETARIA DA SAÚDE;001-CHEFIA DE GABINETE;0001-Administração e Coordenação Geral​;"2.001-Remuneração, Benefícios e Encargos";3.1.90.11.00;;"367779473,06";;vínculo em branco;01.310.0000
736;09 - SECRETARIA DA SAÚDE;001-CHEFIA DE GABINETE;0001-Administração e Coordenação Geral​;"2.001-Remuneração, Benefícios e Encargos";3.1.90.13.00;;"6249877,53";;vínculo em branco;01.310.0000
737;09 - SECRETARIA DA SAÚDE;001-CHEFIA DE GABINETE;0001-Administração e Coordenação Geral​;"2.001-Remuneração, Benefícios e Encargos";3.1.91.13.00;;"58903253,31";;vínculo em branco;01.310.0000
738;09 - SECRETARIA DA SAÚDE;001-CHEFIA DE GABINETE;0001-Administração e Coordenação Geral​;"2.001-Remuneração, Benefícios e Encargos";3.3.90.46.00;;"47814345,99";;vínculo em branco;01.310.0000
739;09 - SECRETARIA DA SAÚDE;001-CHEFIA DE GABINETE;0001-Administração e Coordenação Geral​;"2.001-Remuneração, Benefícios e Encargos";3.3.90.49.00;;"5874729,48";;vínculo em branco;01.310.0000
740;09 - SECRETARIA DA SAÚDE;001-CHEFIA DE GABINETE;0001-Administração e Coordenação Geral​;"2.001-Remuneração, Benefícios e Encargos";3.1.90.11.00;;"0,00";;vínculo em branco;01.310.0000
741;09 - SECRETARIA DA SAÚDE;001-CHEFIA DE GABINETE;0001-Administração e Coordenação Geral​;"2.001-Remuneração, Benefícios e Encargos";3.1.90.13.00;;"0,00";;vínculo em branco;01.310.0000
742;09 - SECRETARIA DA SAÚDE;001-CHEFIA DE GABINETE;0001-Administração e Coordenação Geral​;"2.001-Remuneração, Benefícios e Encargos";3.1.91.13.00;;"0,00";;vínculo em branco;01.310.0000
743;09 - SECRETARIA DA SAÚDE;001-CHEFIA DE GABINETE;0001-Administração e Coordenação Geral​;"2.001-Remuneração, Benefícios e Encargos";3.3.90.49.00;;"0,00";;vínculo em branco;01.310.0000
744;09 - SECRETARIA DA SAÚDE;001-CHEFIA DE GABINETE;0001-Administração e Coordenação Geral​;"2.001-Remuneração, Benefícios e Encargos";3.1.90.11.00;;"0,00";;vínculo em branco;01.310.0000
745;09 - SECRETARIA DA SAÚDE;001-CHEFIA DE GABINETE;0001-Administração e Coordenação Geral​;"2.001-Remuneração, Benefícios e Encargos";3.1.90.13.00;;"0,00";;vínculo em branco;01.310.0000
746;09 - SECRETARIA DA SAÚDE;001-CHEFIA DE GABINETE;0001-Administração e Coordenação Geral​;"2.001-Remuneração, Benefícios e Encargos";3.1.91.13.00;;"0,00";;vínculo em branco;01.310.0000
747;09 - SECRETARIA DA SAÚDE;001-CHEFIA DE GABINETE;0001-Administração e Coordenação Geral​;"2.001-Remuneração, Benefícios e Encargos";3.3.90.46.00;;"0,00";;vínculo em branco;01.310.0000
748;09 - SECRETARIA DA SAÚDE;001-CHEFIA DE GABINETE;0001-Administração e Coordenação Geral​;"2.001-Remuneração, Benefícios e Encargos";3.3.90.49.00;;"0,00";;vínculo em branco;01.310.0000
749;09 - SECRETARIA DA SAÚDE;006-HOSPITAL E MATERNIDADE MUNICIPAL AMADOR AGUIAR;0015-Atenção e Cuidado em Saúde​;1.002-Reforma e Ampliação de Unidades;3.3.90.30.00-MATERIAL DE CONSUMO;;"2,00";;vínculo em branco;01.310.0000
750;09 - SECRETARIA DA SAÚDE;006-HOSPITAL E MATERNIDADE MUNICIPAL AMADOR AGUIAR;0015-Atenção e Cuidado em Saúde​;1.002-Reforma e Ampliação de Unidades;3.3.90.39.00-OUTROS SERVIÇOS DE TERCEIROS - PESSOA JURÍDICA;;"4,00";;vínculo em branco;01.310.0000
751;09 - SECRETARIA DA SAÚDE;006-HOSPITAL E MATERNIDADE MUNICIPAL AMADOR AGUIAR;0015-Atenção e Cuidado em Saúde​;1.002-Reforma e Ampliação de Unidades;4.4.90.51.00-OBRAS E INSTALAÇÕES;;"2,00";;vínculo em branco;01.310.0000
752;09 - SECRETARIA DA SAÚDE;006-HOSPITAL E MATERNIDADE MUNICIPAL AMADOR AGUIAR;0015-Atenção e Cuidado em Saúde​;1.002-Reforma e Ampliação de Unidades;4.4.90.52.00-EQUIPAMENTOS E MATERIAL PERMANENTE;;"2,00";;vínculo em branco;01.310.0000
753;09 - SECRETARIA DA SAÚDE;008-DIRETORIA GERAL DE ATENÇÃO PRIMÁRIA EM SAÚDE;0015-Atenção e Cuidado em Saúde​;1.002-Reforma e Ampliação de Unidades;3.3.90.30.00-MATERIAL DE CONSUMO;;"2,00";;vínculo em branco;01.310.0000
754;09 - SECRETARIA DA SAÚDE;008-DIRETORIA GERAL DE ATENÇÃO PRIMÁRIA EM SAÚDE;0015-Atenção e Cuidado em Saúde​;1.002-Reforma e Ampliação de Unidades;3.3.90.39.00-OUTROS SERVIÇOS DE TERCEIROS - PESSOA JURÍDICA;;"4,00";;vínculo em branco;01.310.0000
755;09 - SECRETARIA DA SAÚDE;008-DIRETORIA GERAL DE ATENÇÃO PRIMÁRIA EM SAÚDE;0015-Atenção e Cuidado em Saúde​;1.002-Reforma e Ampliação de Unidades;4.4.90.51.00-OBRAS E INSTALAÇÕES;;"2,00";;vínculo em branco;01.310.0000
756;09 - SECRETARIA DA SAÚDE;008-DIRETORIA GERAL DE ATENÇÃO PRIMÁRIA EM SAÚDE;0015-Atenção e Cuidado em Saúde​;1.002-Reforma e Ampliação de Unidades;4.4.90.52.00-EQUIPAMENTOS E MATERIAL PERMANENTE;;"2,00";;vínculo em branco;01.310.0000
757;09 - SECRETARIA DA SAÚDE;008-DIRETORIA GERAL DE ATENÇÃO PRIMÁRIA EM SAÚDE;0015-Atenção e Cuidado em Saúde​;1.003-Implantação de Novas Unidades;4.4.90.51.00-OBRAS E INSTALAÇÕES;;"2,00";;vínculo em branco;01.310.0000
758;09 - SECRETARIA DA SAÚDE;009-DIRETORIA GERAL DA ATENÇÃO SECUNDÁRIA EM SAÚDE;0015-Atenção e Cuidado em Saúde​;1.002-Reforma e Ampliação de Unidades;3.3.90.30.00-MATERIAL DE CONSUMO;;"2,00";;vínculo em branco;01.310.0000
759;09 - SECRETARIA DA SAÚDE;009-DIRETORIA GERAL DA ATENÇÃO SECUNDÁRIA EM SAÚDE;0015-Atenção e Cuidado em Saúde​;1.002-Reforma e Ampliação de Unidades;3.3.90.39.00-OUTROS SERVIÇOS DE TERCEIROS - PESSOA JURÍDICA;;"4,00";;vínculo em branco;01.310.0000
760;09 - SECRETARIA DA SAÚDE;009-DIRETORIA GERAL DA ATENÇÃO SECUNDÁRIA EM SAÚDE;0015-Atenção e Cuidado em Saúde​;1.002-Reforma e Ampliação de Unidades;4.4.90.51.00-OBRAS E INSTALAÇÕES;;"2,00";;vínculo em branco;01.310.0000
761;09 - SECRETARIA DA SAÚDE;009-DIRETORIA GERAL DA ATENÇÃO SECUNDÁRIA EM SAÚDE;0015-Atenção e Cuidado em Saúde​;1.002-Reforma e Ampliação de Unidades;4.4.90.52.00-EQUIPAMENTOS E MATERIAL PERMANENTE;;"2,00";;vínculo em branco;01.310.0000
762;09 - SECRETARIA DA SAÚDE;009-DIRETORIA GERAL DA ATENÇÃO SECUNDÁRIA EM SAÚDE;0015-Atenção e Cuidado em Saúde​;1.003-Implantação de Novas Unidades;4.4.90.51.00-OBRAS E INSTALAÇÕES;;"3,00";;vínculo em branco;01.310.0000
763;09 - SECRETARIA DA SAÚDE;010-DIRETORIA GERAL DE URGÊNCIA E EMERGÊNCIA;0015-Atenção e Cuidado em Saúde​;1.002-Reforma e Ampliação de Unidades;3.3.90.30.00-MATERIAL DE CONSUMO;;"2,00";;vínculo em branco;01.310.0000
764;09 - SECRETARIA DA SAÚDE;010-DIRETORIA GERAL DE URGÊNCIA E EMERGÊNCIA;0015-Atenção e Cuidado em Saúde​;1.002-Reforma e Ampliação de Unidades;3.3.90.39.00-OUTROS SERVIÇOS DE TERCEIROS - PESSOA JURÍDICA;;"4,00";;vínculo em branco;01.310.0000
765;09 - SECRETARIA DA SAÚDE;010-DIRETORIA GERAL DE URGÊNCIA E EMERGÊNCIA;0015-Atenção e Cuidado em Saúde​;1.002-Reforma e Ampliação de Unidades;4.4.90.51.00-OBRAS E INSTALAÇÕES;;"2,00";;vínculo em branco;01.310.0000
766;09 - SECRETARIA DA SAÚDE;010-DIRETORIA GERAL DE URGÊNCIA E EMERGÊNCIA;0015-Atenção e Cuidado em Saúde​;1.002-Reforma e Ampliação de Unidades;4.4.90.52.00-EQUIPAMENTOS E MATERIAL PERMANENTE;;"2,00";;vínculo em branco;01.310.0000
767;09 - SECRETARIA DA SAÚDE;015-DIRETORIA GERAL DA GESTÃO DE SAÚDE;0004-Planejamento e Gestão de Políticas Públicas ;"1.001-Estudos, Pesquisas, Planos e Projetos ";3.3.90.35.00-SERVIÇOS DE CONSULTORIA;;"1,00";;vínculo em branco;01.310.0000
768;09 - SECRETARIA DA SAÚDE;015-DIRETORIA GERAL DA GESTÃO DE SAÚDE;0014-Gestão em Saúde​;1.002-Reforma e Ampliação de Unidades;3.3.90.30.00-MATERIAL DE CONSUMO;;"2,00";;vínculo em branco;01.310.0000
769;09 - SECRETARIA DA SAÚDE;015-DIRETORIA GERAL DA GESTÃO DE SAÚDE;0014-Gestão em Saúde​;1.002-Reforma e Ampliação de Unidades;3.3.90.39.00-OUTROS SERVIÇOS DE TERCEIROS - PESSOA JURÍDICA;;"4,00";;vínculo em branco;01.310.0000
770;09 - SECRETARIA DA SAÚDE;015-DIRETORIA GERAL DA GESTÃO DE SAÚDE;0014-Gestão em Saúde​;1.002-Reforma e Ampliação de Unidades;4.4.90.51.00-OBRAS E INSTALAÇÕES;;"2,00";;vínculo em branco;01.310.0000
771;09 - SECRETARIA DA SAÚDE;015-DIRETORIA GERAL DA GESTÃO DE SAÚDE;0014-Gestão em Saúde​;1.002-Reforma e Ampliação de Unidades;4.4.90.52.00-EQUIPAMENTOS E MATERIAL PERMANENTE;;"2,00";;vínculo em branco;01.310.0000
772;09 - SECRETARIA DA SAÚDE;006-HOSPITAL E MATERNIDADE MUNICIPAL AMADOR AGUIAR;0015-Atenção e Cuidado em Saúde​;1.002-Reforma e Ampliação de Unidades;;;"0,00";;vínculo em branco;01.310.0000
773;09 - SECRETARIA DA SAÚDE;008-DIRETORIA GERAL DE ATENÇÃO PRIMÁRIA EM SAÚDE;0015-Atenção e Cuidado em Saúde​;1.002-Reforma e Ampliação de Unidades;;;"0,00";;vínculo em branco;01.310.0000
774;09 - SECRETARIA DA SAÚDE;009-DIRETORIA GERAL DA ATENÇÃO SECUNDÁRIA EM SAÚDE;0015-Atenção e Cuidado em Saúde​;1.002-Reforma e Ampliação de Unidades;;;"0,00";;vínculo em branco;01.310.0000
775;09 - SECRETARIA DA SAÚDE;010-DIRETORIA GERAL DE URGÊNCIA E EMERGÊNCIA;0015-Atenção e Cuidado em Saúde​;1.002-Reforma e Ampliação de Unidades;;;"0,00";;vínculo em branco;01.310.0000
776;09 - SECRETARIA DA SAÚDE;015-DIRETORIA GERAL DA GESTÃO DE SAÚDE;0014-Gestão em Saúde​;1.002-Reforma e Ampliação de Unidades;;;"0,00";;vínculo em branco;01.310.0000
777;09 - SECRETARIA DA SAÚDE;001- GABINETE DA SECRETARIA DA SAÚDE;0001-Administração e Coordenação Geral​;"2.001-Remuneração, Benefícios e Encargos";3.1.90.11.00;FOLHA DE PAGAMENTO;"374060991,15";;vínculo em branco;01.310.0000
778;09 - SECRETARIA DA SAÚDE;001- GABINETE DA SECRETARIA DA SAÚDE;0001-Administração e Coordenação Geral​;"2.001-Remuneração, Benefícios e Encargos";3.1.90.13.00;FOLHA DE PAGAMENTO;"6962801,43";;vínculo em branco;01.310.0000
779;09 - SECRETARIA DA SAÚDE;001- GABINETE DA SECRETARIA DA SAÚDE;0001-Administração e Coordenação Geral​;"2.001-Remuneração, Benefícios e Encargos";3.1.90.94.00;FOLHA DE PAGAMENTO;"2692325,56";;vínculo em branco;01.310.0000
780;09 - SECRETARIA DA SAÚDE;001- GABINETE DA SECRETARIA DA SAÚDE;0001-Administração e Coordenação Geral​;"2.001-Remuneração, Benefícios e Encargos";3.1.91.13.00;FOLHA DE PAGAMENTO;"66469062,17";;vínculo em branco;01.310.0000
781;09 - SECRETARIA DA SAÚDE;001- GABINETE DA SECRETARIA DA SAÚDE;0001-Administração e Coordenação Geral​;"2.001-Remuneração, Benefícios e Encargos";3.3.90.49.00;FOLHA DE PAGAMENTO;"3271672,01";;vínculo em branco;01.310.0000
782;09 - SECRETARIA DA SAÚDE;001- GABINETE DA SECRETARIA DA SAÚDE;0001-Administração e Coordenação Geral​;"2.001-Remuneração, Benefícios e Encargos";3.1.90.11.00;FOLHA DE PAGAMENTO;"12189838,56";;vínculo em branco;01.310.0000
783;09 - SECRETARIA DA SAÚDE;001- GABINETE DA SECRETARIA DA SAÚDE;0001-Administração e Coordenação Geral​;"2.001-Remuneração, Benefícios e Encargos";3.1.90.13.00;FOLHA DE PAGAMENTO;"3706359,87";;vínculo em branco;01.310.0000
784;09 - SECRETARIA DA SAÚDE;001- GABINETE DA SECRETARIA DA SAÚDE;0001-Administração e Coordenação Geral​;"2.001-Remuneração, Benefícios e Encargos";3.3.90.49.00;FOLHA DE PAGAMENTO;"103855,14";;vínculo em branco;01.310.0000
785;09 - SECRETARIA DA SAÚDE;001- GABINETE DA SECRETARIA DA SAÚDE;0001-Administração e Coordenação Geral​;"2.001-Remuneração, Benefícios e Encargos";3.1.90.11.00;FOLHA DE PAGAMENTO;"12189838,56";;vínculo em branco;01.310.0000
786;09 - SECRETARIA DA SAÚDE;001- GABINETE DA SECRETARIA DA SAÚDE;0001-Administração e Coordenação Geral​;"2.001-Remuneração, Benefícios e Encargos";3.1.90.13.00;FOLHA DE PAGAMENTO;"3706359,87";;vínculo em branco;01.310.0000
787;09 - SECRETARIA DA SAÚDE;001- GABINETE DA SECRETARIA DA SAÚDE;0001-Administração e Coordenação Geral​;"2.001-Remuneração, Benefícios e Encargos";3.3.90.49.00;FOLHA DE PAGAMENTO;"103855,14";;vínculo em branco;01.310.0000
788;09 - SECRETARIA DA SAÚDE;015-DIRETORIA GERAL DA GESTÃO DE SAÚDE;0014-Gestão em Saúde​;2.008-Estágio e Aprendizagem;3.3.90.48.00 - OUTROS AUXILIOS FINANCEIROS A PESSOAS FISICAS;;"432364,11";;vínculo em branco;01.310.0000
847;11 - SECRETARIA DE SERVIÇOS E OBRAS;001-CHEFIA DE GABINETE;0011-Zeladoria Urbana e Cuidados com a Cidade​;2.011-Manutenção de Equipamentos Públicos ;3.3.90.30.00-MATERIAL DE CONSUMO;;"2990932,60";;vínculo em branco;01.110.0000
848;11 - SECRETARIA DE SERVIÇOS E OBRAS;001-CHEFIA DE GABINETE;0011-Zeladoria Urbana e Cuidados com a Cidade​;2.011-Manutenção de Equipamentos Públicos ;3.3.90.39.00-OUTROS SERVIÇOS DE TERCEIROS - PESSOA JURÍDICA;;"36023986,86";;vínculo em branco;01.110.0000
849;11 - SECRETARIA DE SERVIÇOS E OBRAS;001-CHEFIA DE GABINETE;0011-Zeladoria Urbana e Cuidados com a Cidade​;2.011-Manutenção de Equipamentos Públicos ;4.4.90.52.00-EQUIPAMENTOS E MATERIAL PERMANENTE;;"342903,00";;vínculo em branco;01.110.0000
850;11 - SECRETARIA DE SERVIÇOS E OBRAS;001-CHEFIA DE GABINETE;"0002-Governo Inteligente, Aberto e Inovador​";"2.005-Promoção de Eventos, Comunicação e Participação Social ";3.3.90.30.00-MATERIAL DE CONSUMO;;"2597,75";;vínculo em branco;01.110.0000
851;11 - SECRETARIA DE SERVIÇOS E OBRAS;001-CHEFIA DE GABINETE;"0002-Governo Inteligente, Aberto e Inovador​";"2.005-Promoção de Eventos, Comunicação e Participação Social ";3.3.90.39.00-OUTROS SERVIÇOS DE TERCEIROS - PESSOA JURÍDICA;;"22340,65";;vínculo em branco;01.110.0000
852;11 - SECRETARIA DE SERVIÇOS E OBRAS;001-CHEFIA DE GABINETE;0011-Zeladoria Urbana e Cuidados com a Cidade​;2.038-Iluminação Pública ;3.3.90.30.00-MATERIAL DE CONSUMO;;"623460,00";;vínculo em branco;01.110.0000
853;11 - SECRETARIA DE SERVIÇOS E OBRAS;001-CHEFIA DE GABINETE;0011-Zeladoria Urbana e Cuidados com a Cidade​;2.038-Iluminação Pública ;3.3.90.39.00-OUTROS SERVIÇOS DE TERCEIROS - PESSOA JURÍDICA;;"19072894,47";;vínculo em branco;01.110.0000
854;11 - SECRETARIA DE SERVIÇOS E OBRAS;001-CHEFIA DE GABINETE;0013-Mobilidade Urbana e Infraestrutura Viária​;2.034-Manutenção da Infraestrutura Viária;3.3.90.39.00-OUTROS SERVIÇOS DE TERCEIROS - PESSOA JURÍDICA;;"48539552,72";;vínculo em branco;01.110.0000
855;11 - SECRETARIA DE SERVIÇOS E OBRAS;001-CHEFIA DE GABINETE;0013-Mobilidade Urbana e Infraestrutura Viária​;2.034-Manutenção da Infraestrutura Viária;4.4.90.52.00-EQUIPAMENTOS E MATERIAL PERMANENTE;;"0,00";;vínculo em branco;01.110.0000
856;11 - SECRETARIA DE SERVIÇOS E OBRAS;001-CHEFIA DE GABINETE;"0007-Meio Ambiente, Sustentabilidade e Bem-Estar Animal​";2.039-Limpeza Urbana e Gestão de Resíduos Sólidos ;3.3.90.30.00-MATERIAL DE CONSUMO;;"0,00";;vínculo em branco;01.110.0000
857;11 - SECRETARIA DE SERVIÇOS E OBRAS;001-CHEFIA DE GABINETE;"0007-Meio Ambiente, Sustentabilidade e Bem-Estar Animal​";2.039-Limpeza Urbana e Gestão de Resíduos Sólidos ;3.3.90.39.00-OUTROS SERVIÇOS DE TERCEIROS - PESSOA JURÍDICA;;"58801481,18";;vínculo em branco;01.110.0000
858;11 - SECRETARIA DE SERVIÇOS E OBRAS;001-CHEFIA DE GABINETE;"0007-Meio Ambiente, Sustentabilidade e Bem-Estar Animal​";2.039-Limpeza Urbana e Gestão de Resíduos Sólidos ;4.4.90.51.00-OBRAS E INSTALAÇÕES;;"1,00";;vínculo em branco;01.110.0000
859;11 - SECRETARIA DE SERVIÇOS E OBRAS;001-CHEFIA DE GABINETE;"0007-Meio Ambiente, Sustentabilidade e Bem-Estar Animal​";2.039-Limpeza Urbana e Gestão de Resíduos Sólidos ;4.4.90.52.00-EQUIPAMENTOS E MATERIAL PERMANENTE;;"0,00";;vínculo em branco;01.110.0000
860;11 - SECRETARIA DE SERVIÇOS E OBRAS;001-CHEFIA DE GABINETE;"0007-Meio Ambiente, Sustentabilidade e Bem-Estar Animal​";2.037-Ampliação e Manutenção de Áreas Verdes;3.3.50.39.00-OUTROS SERVIÇOS DE TERCEIROS - PESSOA JURÍDICA;;"0,00";;vínculo em branco;01.110.0000
861;11 - SECRETARIA DE SERVIÇOS E OBRAS;001-CHEFIA DE GABINETE;"0007-Meio Ambiente, Sustentabilidade e Bem-Estar Animal​";2.037-Ampliação e Manutenção de Áreas Verdes;3.3.90.39.00-OUTROS SERVIÇOS DE TERCEIROS - PESSOA JURÍDICA;;"58470749,88";;vínculo em branco;01.110.0000
862;11 - SECRETARIA DE SERVIÇOS E OBRAS;001-CHEFIA DE GABINETE;0005-Resiliência Urbana​;2.035-Manutenção e Serviços de Drenagem Urbana ;3.3.90.39.00-OUTROS SERVIÇOS DE TERCEIROS - PESSOA JURÍDICA;;"34137842,25";;vínculo em branco;01.110.0000
863;11 - SECRETARIA DE SERVIÇOS E OBRAS;008-DIRETORIA GERAL DE ATENÇÃO PRIMÁRIA EM SAÚDE;"0007-Meio Ambiente, Sustentabilidade e Bem-Estar Animal​";2.039-Limpeza Urbana e Gestão de Resíduos Sólidos ;3.3.90.39.00-OUTROS SERVIÇOS DE TERCEIROS - PESSOA JURÍDICA;;"137610322,99";;vínculo em branco;01.110.0000
864;11 - SECRETARIA DE SERVIÇOS E OBRAS;008-DIRETORIA GERAL DE ATENÇÃO PRIMÁRIA EM SAÚDE;"0007-Meio Ambiente, Sustentabilidade e Bem-Estar Animal​";2.039-Limpeza Urbana e Gestão de Resíduos Sólidos ;4.4.90.51.00-OBRAS E INSTALAÇÕES;;"0,00";;vínculo em branco;01.110.0000
865;11 - SECRETARIA DE SERVIÇOS E OBRAS;014-FUNDO MUNICIPAL DE MANUTENÇÃO DE VELÓRIOS;0011-Zeladoria Urbana e Cuidados com a Cidade​;2.011-Manutenção de Equipamentos Públicos ;3.3.90.30.00-MATERIAL DE CONSUMO;;"826510,59";;vínculo em branco;01.110.0000
866;11 - SECRETARIA DE SERVIÇOS E OBRAS;014-FUNDO MUNICIPAL DE MANUTENÇÃO DE VELÓRIOS;0011-Zeladoria Urbana e Cuidados com a Cidade​;2.011-Manutenção de Equipamentos Públicos ;3.3.90.39.00-OUTROS SERVIÇOS DE TERCEIROS - PESSOA JURÍDICA;;"299828,00";;vínculo em branco;01.110.0000
867;11 - SECRETARIA DE SERVIÇOS E OBRAS;014-FUNDO MUNICIPAL DE MANUTENÇÃO DE VELÓRIOS;0011-Zeladoria Urbana e Cuidados com a Cidade​;2.011-Manutenção de Equipamentos Públicos ;4.4.90.52.00-EQUIPAMENTOS E MATERIAL PERMANENTE;;"187038,00";;vínculo em branco;01.110.0000
868;11 - SECRETARIA DE SERVIÇOS E OBRAS;014-FUNDO MUNICIPAL DE MANUTENÇÃO DE VELÓRIOS;0011-Zeladoria Urbana e Cuidados com a Cidade​;2.011-Manutenção de Equipamentos Públicos ;4.5.90.62.00-AQUISIÇÃO DE PRODUTOS PARA REVENDA;;"1200001,00";;vínculo em branco;01.110.0000
869;11 - SECRETARIA DE SERVIÇOS E OBRAS;014-FUNDO MUNICIPAL DE MANUTENÇÃO DE VELÓRIOS;"0007-Meio Ambiente, Sustentabilidade e Bem-Estar Animal​";2.037-Ampliação e Manutenção de Áreas Verdes;3.3.90.39.00-OUTROS SERVIÇOS DE TERCEIROS - PESSOA JURÍDICA;;"0,00";;vínculo em branco;01.110.0000
870;11 - SECRETARIA DE SERVIÇOS E OBRAS;001-CHEFIA DE GABINETE;0011-Zeladoria Urbana e Cuidados com a Cidade​;2.011-Manutenção de Equipamentos Públicos ;4.4.90.52.00-EQUIPAMENTOS E MATERIAL PERMANENTE;;"0,00";;vínculo em branco;01.110.0000
871;11 - SECRETARIA DE SERVIÇOS E OBRAS;001-CHEFIA DE GABINETE;0011-Zeladoria Urbana e Cuidados com a Cidade​;2.034-Manutenção da Infraestrutura Viária;3.3.90.39.00-OUTROS SERVIÇOS DE TERCEIROS - PESSOA JURÍDICA;;"0,00";;vínculo em branco;01.110.0000
872;11 - SECRETARIA DE SERVIÇOS E OBRAS;001-CHEFIA DE GABINETE;0011-Zeladoria Urbana e Cuidados com a Cidade​;2.011-Manutenção de Equipamentos Públicos ;3.3.90.93.00-INDENIZAÇÕES E RESTITUIÇÕES;;"0,00";;vínculo em branco;01.110.0000
873;11 - SECRETARIA DE SERVIÇOS E OBRAS;001-CHEFIA DE GABINETE;0011-Zeladoria Urbana e Cuidados com a Cidade​;2.011-Manutenção de Equipamentos Públicos ;4.4.90.51.00-OBRAS E INSTALAÇÕES;;"0,00";;vínculo em branco;01.110.0000
874;11 - SECRETARIA DE SERVIÇOS E OBRAS;001-CHEFIA DE GABINETE;0004-Planejamento e Gestão de Políticas Públicas ;"1.001-Estudos, Pesquisas, Planos e Projetos ";3.3.90.39.00-OUTROS SERVIÇOS DE TERCEIROS - PESSOA JURÍDICA;;"0,00";;vínculo em branco;01.110.0000
875;11 - SECRETARIA DE SERVIÇOS E OBRAS;001-CHEFIA DE GABINETE;0004-Planejamento e Gestão de Políticas Públicas ;"1.001-Estudos, Pesquisas, Planos e Projetos ";3.3.90.40.00-SERVIÇOS DE TECNOLOGIA DA INFORMAÇÃO E COMUNICAÇÃO - PESSOA JURÍDICA;;"4690,00";;vínculo em branco;01.110.0000
876;11 - SECRETARIA DE SERVIÇOS E OBRAS;001-CHEFIA DE GABINETE;0001-Administração e Coordenação Geral​;"2.001-Remuneração, Benefícios e Encargos";3.1.90.11.00;;"25807024,86";;vínculo em branco;01.110.0000
877;11 - SECRETARIA DE SERVIÇOS E OBRAS;001-CHEFIA DE GABINETE;0001-Administração e Coordenação Geral​;"2.001-Remuneração, Benefícios e Encargos";3.1.90.13.00;;"1811535,26";;vínculo em branco;01.110.0000
878;11 - SECRETARIA DE SERVIÇOS E OBRAS;001-CHEFIA DE GABINETE;0001-Administração e Coordenação Geral​;"2.001-Remuneração, Benefícios e Encargos";3.1.91.13.00;;"3163361,70";;vínculo em branco;01.110.0000
879;11 - SECRETARIA DE SERVIÇOS E OBRAS;001-CHEFIA DE GABINETE;0001-Administração e Coordenação Geral​;"2.001-Remuneração, Benefícios e Encargos";3.3.90.46.00;;"10,12";;vínculo em branco;01.110.0000
880;11 - SECRETARIA DE SERVIÇOS E OBRAS;001-CHEFIA DE GABINETE;0001-Administração e Coordenação Geral​;"2.001-Remuneração, Benefícios e Encargos";3.3.90.49.00;;"523801,67";;vínculo em branco;01.110.0000
881;11 - SECRETARIA DE SERVIÇOS E OBRAS;001-CHEFIA DE GABINETE;0011-Zeladoria Urbana e Cuidados com a Cidade​;1.002-Reforma e Ampliação de Unidades;3.3.90.39.00-OUTROS SERVIÇOS DE TERCEIROS - PESSOA JURÍDICA;;"4731238,69";;vínculo em branco;01.110.0000
882;11 - SECRETARIA DE SERVIÇOS E OBRAS;001-CHEFIA DE GABINETE;0011-Zeladoria Urbana e Cuidados com a Cidade​;1.003-Implantação de Novas Unidades;4.4.90.51.00-OBRAS E INSTALAÇÕES;;"0,00";;vínculo em branco;01.110.0000
883;11 - SECRETARIA DE SERVIÇOS E OBRAS;001-CHEFIA DE GABINETE;0011-Zeladoria Urbana e Cuidados com a Cidade​;1.005-Desenvolvimento da Infraestrutura Urbana;3.3.90.39.00-OUTROS SERVIÇOS DE TERCEIROS - PESSOA JURÍDICA;;"64945,02";;vínculo em branco;01.110.0000
884;11 - SECRETARIA DE SERVIÇOS E OBRAS;001-CHEFIA DE GABINETE;0013-Mobilidade Urbana e Infraestrutura Viária​;1.005-Desenvolvimento da Infraestrutura Urbana;4.4.90.51.00-OBRAS E INSTALAÇÕES;;"2,00";;vínculo em branco;01.110.0000
885;11 - SECRETARIA DE SERVIÇOS E OBRAS;001-CHEFIA DE GABINETE;0013-Mobilidade Urbana e Infraestrutura Viária​;1.006-Desenvolvimento da Infraestrutura Viária;4.4.90.51.00-OBRAS E INSTALAÇÕES;;"2208743,86";;vínculo em branco;01.110.0000
886;11 - SECRETARIA DE SERVIÇOS E OBRAS;001-CHEFIA DE GABINETE;"0007-Meio Ambiente, Sustentabilidade e Bem-Estar Animal​";1.003-Implantação de Novas Unidades;3.3.90.39.00-OUTROS SERVIÇOS DE TERCEIROS - PESSOA JURÍDICA;;"1,00";;vínculo em branco;01.110.0000
887;11 - SECRETARIA DE SERVIÇOS E OBRAS;001-CHEFIA DE GABINETE;0005-Resiliência Urbana​;1.007-Drenagem Urbana;4.4.90.51.00-OBRAS E INSTALAÇÕES;;"809561,80";;vínculo em branco;01.110.0000
888;11 - SECRETARIA DE SERVIÇOS E OBRAS;001-CHEFIA DE GABINETE;0005-Resiliência Urbana​;1.008-Microdrenagem Urbana;4.4.90.51.00-OBRAS E INSTALAÇÕES;;"2,00";;vínculo em branco;01.110.0000
889;11 - SECRETARIA DE SERVIÇOS E OBRAS;014-FUNDO MUNICIPAL DE MANUTENÇÃO DE VELÓRIOS;0011-Zeladoria Urbana e Cuidados com a Cidade​;1.003-Implantação de Novas Unidades;4.4.90.51.00-OBRAS E INSTALAÇÕES;;"385317,12";;vínculo em branco;01.110.0000
890;11 - SECRETARIA DE SERVIÇOS E OBRAS;001-CHEFIA DE GABINETE;0001-Administração e Coordenação Geral​;"1.001-Estudos, Pesquisas, Planos e Projetos ";3.3.90.30.00-MATERIAL DE CONSUMO;;"0,00";;vínculo em branco;01.110.0000
891;11 - SECRETARIA DE SERVIÇOS E OBRAS;001-CHEFIA DE GABINETE;0001-Administração e Coordenação Geral​;1.002-Reforma e Ampliação de Unidades;3.3.90.30.00-MATERIAL DE CONSUMO;;"0,00";;vínculo em branco;01.110.0000
892;11 - SECRETARIA DE SERVIÇOS E OBRAS;001-CHEFIA DE GABINETE;0011-Zeladoria Urbana e Cuidados com a Cidade​;1.003-Implantação de Novas Unidades;3.3.90.39.00-OUTROS SERVIÇOS DE TERCEIROS - PESSOA JURÍDICA;;"0,00";;vínculo em branco;01.110.0000
934;"12 - SECRETARIA DE ESPORTE, RECREAÇÃO E LAZER";001-CHEFIA DE GABINETE;0001-Administração e Coordenação Geral​;2.006-Representações Oficiais ;3.3.90.33.00-PASSAGENS E DESPESAS COM LOCOMOÇÃO;;"1,00";;vínculo em branco;01.110.0000
935;"12 - SECRETARIA DE ESPORTE, RECREAÇÃO E LAZER";001-CHEFIA DE GABINETE;0001-Administração e Coordenação Geral​;2.006-Representações Oficiais ;3.3.90.39.00-OUTROS SERVIÇOS DE TERCEIROS - PESSOA JURÍDICA;;"1,00";;vínculo em branco;01.110.0000
936;"12 - SECRETARIA DE ESPORTE, RECREAÇÃO E LAZER";001-CHEFIA DE GABINETE;"0002-Governo Inteligente, Aberto e Inovador​";2.003-Qualificação de Servidores e Processos Institucionais;3.3.90.30.00-MATERIAL DE CONSUMO;;"1,00";;vínculo em branco;01.110.0000
937;"12 - SECRETARIA DE ESPORTE, RECREAÇÃO E LAZER";001-CHEFIA DE GABINETE;"0002-Governo Inteligente, Aberto e Inovador​";2.003-Qualificação de Servidores e Processos Institucionais;3.3.90.36.00-OUTROS SERVIÇOS DE TERCEIROS - PESSOA FÍSICA;;"1,00";;vínculo em branco;01.110.0000
938;"12 - SECRETARIA DE ESPORTE, RECREAÇÃO E LAZER";001-CHEFIA DE GABINETE;"0002-Governo Inteligente, Aberto e Inovador​";2.003-Qualificação de Servidores e Processos Institucionais;3.3.90.39.00-OUTROS SERVIÇOS DE TERCEIROS - PESSOA JURÍDICA;;"1,00";;vínculo em branco;01.110.0000
939;"12 - SECRETARIA DE ESPORTE, RECREAÇÃO E LAZER";001-CHEFIA DE GABINETE;"0002-Governo Inteligente, Aberto e Inovador​";"2.005-Promoção de Eventos, Comunicação e Participação Social ";3.3.90.30.00-MATERIAL DE CONSUMO;;"140954,95";;vínculo em branco;01.110.0000
940;"12 - SECRETARIA DE ESPORTE, RECREAÇÃO E LAZER";001-CHEFIA DE GABINETE;"0002-Governo Inteligente, Aberto e Inovador​";"2.005-Promoção de Eventos, Comunicação e Participação Social ";3.3.90.39.00-OUTROS SERVIÇOS DE TERCEIROS - PESSOA JURÍDICA;;"86209,89";;vínculo em branco;01.110.0000
941;"12 - SECRETARIA DE ESPORTE, RECREAÇÃO E LAZER";001-CHEFIA DE GABINETE;"0010-Esporte, Lazer e Bem-Estar​";2.030-Apoio ao Esporte de Alto Rendimento;3.3.50.39.00-OUTROS SERVIÇOS DE TERCEIROS - PESSOA JURÍDICA;;"0,00";;vínculo em branco;01.110.0000
942;"12 - SECRETARIA DE ESPORTE, RECREAÇÃO E LAZER";001-CHEFIA DE GABINETE;"0010-Esporte, Lazer e Bem-Estar​";2.030-Apoio ao Esporte de Alto Rendimento;3.3.90.30.00-MATERIAL DE CONSUMO;;"763290,65";;vínculo em branco;01.110.0000
943;"12 - SECRETARIA DE ESPORTE, RECREAÇÃO E LAZER";001-CHEFIA DE GABINETE;"0010-Esporte, Lazer e Bem-Estar​";2.030-Apoio ao Esporte de Alto Rendimento;3.3.90.39.00-OUTROS SERVIÇOS DE TERCEIROS - PESSOA JURÍDICA;;"2376920,00";;vínculo em branco;01.110.0000
944;"12 - SECRETARIA DE ESPORTE, RECREAÇÃO E LAZER";001-CHEFIA DE GABINETE;"0010-Esporte, Lazer e Bem-Estar​";2.030-Apoio ao Esporte de Alto Rendimento;3.3.90.48.00 - OUTROS AUXILIOS FINANCEIROS A PESSOAS FISICAS;;"6442420,00";;vínculo em branco;01.110.0000
945;"12 - SECRETARIA DE ESPORTE, RECREAÇÃO E LAZER";001-CHEFIA DE GABINETE;"0010-Esporte, Lazer e Bem-Estar​";2.030-Apoio ao Esporte de Alto Rendimento;4.4.50.52.00-EQUIPAMENTOS E MATERIAL PERMANENTE;;"0,00";;vínculo em branco;01.110.0000
946;"12 - SECRETARIA DE ESPORTE, RECREAÇÃO E LAZER";001-CHEFIA DE GABINETE;"0010-Esporte, Lazer e Bem-Estar​";2.030-Apoio ao Esporte de Alto Rendimento;4.4.90.51.00-OBRAS E INSTALAÇÕES;;"1,00";;vínculo em branco;01.110.0000
947;"12 - SECRETARIA DE ESPORTE, RECREAÇÃO E LAZER";001-CHEFIA DE GABINETE;"0010-Esporte, Lazer e Bem-Estar​";2.011-Manutenção de Equipamentos Públicos ;3.3.90.30.00-MATERIAL DE CONSUMO;;"189236,74";;vínculo em branco;01.110.0000
948;"12 - SECRETARIA DE ESPORTE, RECREAÇÃO E LAZER";001-CHEFIA DE GABINETE;"0010-Esporte, Lazer e Bem-Estar​";2.011-Manutenção de Equipamentos Públicos ;3.3.90.39.00-OUTROS SERVIÇOS DE TERCEIROS - PESSOA JURÍDICA;;"1700000,00";;vínculo em branco;01.110.0000
949;"12 - SECRETARIA DE ESPORTE, RECREAÇÃO E LAZER";001-CHEFIA DE GABINETE;"0010-Esporte, Lazer e Bem-Estar​";2.028-Disseminação de Atividades Culturais e Esportivas Decentralizadas;3.3.90.30.00-MATERIAL DE CONSUMO;;"0,00";;vínculo em branco;01.110.0000
950;"12 - SECRETARIA DE ESPORTE, RECREAÇÃO E LAZER";001-CHEFIA DE GABINETE;"0010-Esporte, Lazer e Bem-Estar​";2.028-Disseminação de Atividades Culturais e Esportivas Decentralizadas;3.3.90.36.00-OUTROS SERVIÇOS DE TERCEIROS - PESSOA FÍSICA;;"37800,00";;vínculo em branco;01.110.0000
951;"12 - SECRETARIA DE ESPORTE, RECREAÇÃO E LAZER";001-CHEFIA DE GABINETE;"0010-Esporte, Lazer e Bem-Estar​";2.028-Disseminação de Atividades Culturais e Esportivas Decentralizadas;3.3.90.39.00-OUTROS SERVIÇOS DE TERCEIROS - PESSOA JURÍDICA;;"199920,00";;vínculo em branco;01.110.0000
952;"12 - SECRETARIA DE ESPORTE, RECREAÇÃO E LAZER";001-CHEFIA DE GABINETE;"0010-Esporte, Lazer e Bem-Estar​";2.028-Disseminação de Atividades Culturais e Esportivas Decentralizadas;4.4.90.52.00-EQUIPAMENTOS E MATERIAL PERMANENTE;;"0,00";;vínculo em branco;01.110.0000
953;"12 - SECRETARIA DE ESPORTE, RECREAÇÃO E LAZER";001-CHEFIA DE GABINETE;"0010-Esporte, Lazer e Bem-Estar​";2.030-Apoio ao Esporte de Alto Rendimento;4.4.90.51.00-OBRAS E INSTALAÇÕES;;"1,00";;vínculo em branco;01.110.0000
954;"12 - SECRETARIA DE ESPORTE, RECREAÇÃO E LAZER";001-CHEFIA DE GABINETE;"0010-Esporte, Lazer e Bem-Estar​";2.031-Esporte Amador ;3.3.50.39.00-OUTROS SERVIÇOS DE TERCEIROS - PESSOA JURÍDICA;;"0,00";;vínculo em branco;01.110.0000
955;"12 - SECRETARIA DE ESPORTE, RECREAÇÃO E LAZER";001-CHEFIA DE GABINETE;"0010-Esporte, Lazer e Bem-Estar​";2.031-Esporte Amador ;3.3.90.30.00-MATERIAL DE CONSUMO;;"60952,57";;vínculo em branco;01.110.0000
956;"12 - SECRETARIA DE ESPORTE, RECREAÇÃO E LAZER";001-CHEFIA DE GABINETE;"0010-Esporte, Lazer e Bem-Estar​";2.031-Esporte Amador ;"3.3.90.31.00-PREMIAÇÕES CULTURAIS, ARTÍSTICAS, CIENTÍFICAS, DESPORTIVAS E OUTRAS";;"0,00";;vínculo em branco;01.110.0000
957;"12 - SECRETARIA DE ESPORTE, RECREAÇÃO E LAZER";001-CHEFIA DE GABINETE;"0010-Esporte, Lazer e Bem-Estar​";2.031-Esporte Amador ;3.3.90.39.00-OUTROS SERVIÇOS DE TERCEIROS - PESSOA JURÍDICA;;"1,00";;vínculo em branco;01.110.0000
958;"12 - SECRETARIA DE ESPORTE, RECREAÇÃO E LAZER";001-CHEFIA DE GABINETE;"0010-Esporte, Lazer e Bem-Estar​";2.031-Esporte Amador ;4.4.50.52.00-EQUIPAMENTOS E MATERIAL PERMANENTE;;"0,00";;vínculo em branco;01.110.0000
959;"12 - SECRETARIA DE ESPORTE, RECREAÇÃO E LAZER";001-CHEFIA DE GABINETE;"0010-Esporte, Lazer e Bem-Estar​";2.031-Esporte Amador ;4.4.90.52.00-EQUIPAMENTOS E MATERIAL PERMANENTE;;"0,00";;vínculo em branco;01.110.0000
960;"12 - SECRETARIA DE ESPORTE, RECREAÇÃO E LAZER";001-CHEFIA DE GABINETE;"0010-Esporte, Lazer e Bem-Estar​";2.032-Iniciação Esportiva ;3.3.90.30.00-MATERIAL DE CONSUMO;;"173278,20";;vínculo em branco;01.110.0000
961;"12 - SECRETARIA DE ESPORTE, RECREAÇÃO E LAZER";001-CHEFIA DE GABINETE;"0010-Esporte, Lazer e Bem-Estar​";2.032-Iniciação Esportiva ;3.3.90.39.00-OUTROS SERVIÇOS DE TERCEIROS - PESSOA JURÍDICA;;"1,00";;vínculo em branco;01.110.0000
962;"12 - SECRETARIA DE ESPORTE, RECREAÇÃO E LAZER";001-CHEFIA DE GABINETE;"0010-Esporte, Lazer e Bem-Estar​";2.028-Disseminação de Atividades Culturais e Esportivas Descentralizadas;.3.50.39..00;;"702215,47";;vínculo em branco;01.110.0000
963;"12 - SECRETARIA DE ESPORTE, RECREAÇÃO E LAZER";001-CHEFIA DE GABINETE;"0002-Governo Inteligente, Aberto e Inovador​";2.032-Iniciação Esportiva ;3.3.50.39.00-OUTROS SERVIÇOS DE TERCEIROS - PESSOA JURÍDICA;;"0,00";;vínculo em branco;01.110.0000
964;"12 - SECRETARIA DE ESPORTE, RECREAÇÃO E LAZER";001-CHEFIA DE GABINETE;0001-Administração e Coordenação Geral​;2.011-Manutenção de Equipamentos Públicos ;3.3.90.30.00-MATERIAL DE CONSUMO;;"0,00";;vínculo em branco;01.110.0000
965;"12 - SECRETARIA DE ESPORTE, RECREAÇÃO E LAZER";001-CHEFIA DE GABINETE;"0010-Esporte, Lazer e Bem-Estar​";2.030-Apoio ao Esporte de Alto Rendimento;3.3.90.33.00-PASSAGENS E DESPESAS COM LOCOMOÇÃO;;"0,00";;vínculo em branco;01.110.0000
966;"12 - SECRETARIA DE ESPORTE, RECREAÇÃO E LAZER";001-CHEFIA DE GABINETE;"0010-Esporte, Lazer e Bem-Estar​";"2.005-Promoção de Eventos, Comunicação e Participação Social ";3.3.90.39.00-OUTROS SERVIÇOS DE TERCEIROS - PESSOA JURÍDICA;;"0,00";;vínculo em branco;01.110.0000
967;"12 - SECRETARIA DE ESPORTE, RECREAÇÃO E LAZER";001-CHEFIA DE GABINETE;0004-Planejamento e Gestão de Políticas Públicas ;2.011-Manutenção de Equipamentos Públicos ;3.3.90.39.00-OUTROS SERVIÇOS DE TERCEIROS - PESSOA JURÍDICA;;"0,00";;vínculo em branco;01.110.0000
968;"12 - SECRETARIA DE ESPORTE, RECREAÇÃO E LAZER";001-CHEFIA DE GABINETE;0001-Administração e Coordenação Geral​;2.011-Manutenção de Equipamentos Públicos ;3.3.90.39.00-OUTROS SERVIÇOS DE TERCEIROS - PESSOA JURÍDICA;;"0,00";;vínculo em branco;01.110.0000
969;"12 - SECRETARIA DE ESPORTE, RECREAÇÃO E LAZER";001-CHEFIA DE GABINETE;0001-Administração e Coordenação Geral​;2.011-Manutenção de Equipamentos Públicos ;3.3.90.39.00-OUTROS SERVIÇOS DE TERCEIROS - PESSOA JURÍDICA;;"0,00";;vínculo em branco;01.110.0000
970;"12 - SECRETARIA DE ESPORTE, RECREAÇÃO E LAZER";001-CHEFIA DE GABINETE;0001-Administração e Coordenação Geral​;2.006-Representações Oficiais ;3.3.90.39.00-OUTROS SERVIÇOS DE TERCEIROS - PESSOA JURÍDICA;;"0,00";;vínculo em branco;01.110.0000
971;"12 - SECRETARIA DE ESPORTE, RECREAÇÃO E LAZER";001-CHEFIA DE GABINETE;0001-Administração e Coordenação Geral​;2.032-Iniciação Esportiva ;3.3.90.92.00-DESPESAS DE EXERCÍCIOS ANTERIORES;;"0,00";;vínculo em branco;01.110.0000
972;"12 - SECRETARIA DE ESPORTE, RECREAÇÃO E LAZER";001-CHEFIA DE GABINETE;0001-Administração e Coordenação Geral​;2.006-Representações Oficiais ;3.3.90.93.00-INDENIZAÇÕES E RESTITUIÇÕES;;"0,00";;vínculo em branco;01.110.0000
973;"12 - SECRETARIA DE ESPORTE, RECREAÇÃO E LAZER";001-CHEFIA DE GABINETE;"0010-Esporte, Lazer e Bem-Estar​";2.030-Apoio ao Esporte de Alto Rendimento;4.4.90.52.00-EQUIPAMENTOS E MATERIAL PERMANENTE;;"0,00";;vínculo em branco;01.110.0000
974;"12 - SECRETARIA DE ESPORTE, RECREAÇÃO E LAZER";001-CHEFIA DE GABINETE;"0002-Governo Inteligente, Aberto e Inovador​";2.028-Disseminação de Atividades Culturais e Esportivas Decentralizadas;3.3.90.39.00-OUTROS SERVIÇOS DE TERCEIROS - PESSOA JURÍDICA;;"0,00";;vínculo em branco;01.110.0000
975;"12 - SECRETARIA DE ESPORTE, RECREAÇÃO E LAZER";001-CHEFIA DE GABINETE;"0010-Esporte, Lazer e Bem-Estar​";2.031-Esporte Amador ;"3.3.90.31.00-PREMIAÇÕES CULTURAIS, ARTÍSTICAS, CIENTÍFICAS, DESPORTIVAS E OUTRAS";;"0,00";;vínculo em branco;01.110.0000
976;"12 - SECRETARIA DE ESPORTE, RECREAÇÃO E LAZER";001-CHEFIA DE GABINETE;"0010-Esporte, Lazer e Bem-Estar​";2.032-Iniciação Esportiva ;3.3.90.36.00-OUTROS SERVIÇOS DE TERCEIROS - PESSOA FÍSICA;;"0,00";;vínculo em branco;01.110.0000
977;"12 - SECRETARIA DE ESPORTE, RECREAÇÃO E LAZER";001-CHEFIA DE GABINETE;"0010-Esporte, Lazer e Bem-Estar​";2.030-Apoio ao Esporte de Alto Rendimento;3.3.90.39.00-OUTROS SERVIÇOS DE TERCEIROS - PESSOA JURÍDICA;;"0,00";;vínculo em branco;01.110.0000
978;"12 - SECRETARIA DE ESPORTE, RECREAÇÃO E LAZER";001-CHEFIA DE GABINETE;"0010-Esporte, Lazer e Bem-Estar​";2.006-Representações Oficiais ;3.3.90.39.00-OUTROS SERVIÇOS DE TERCEIROS - PESSOA JURÍDICA;;"0,00";;vínculo em branco;01.110.0000
979;"12 - SECRETARIA DE ESPORTE, RECREAÇÃO E LAZER";001-CHEFIA DE GABINETE;0001-Administração e Coordenação Geral​;2.032-Iniciação Esportiva ;3.3.90.39.00-OUTROS SERVIÇOS DE TERCEIROS - PESSOA JURÍDICA;;"0,00";;vínculo em branco;01.110.0000
980;"12 - SECRETARIA DE ESPORTE, RECREAÇÃO E LAZER";001-CHEFIA DE GABINETE;0004-Planejamento e Gestão de Políticas Públicas ;"1.001-Estudos, Pesquisas, Planos e Projetos ";3.3.90.35.00-SERVIÇOS DE CONSULTORIA;;"1,00";;vínculo em branco;01.110.0000
981;"12 - SECRETARIA DE ESPORTE, RECREAÇÃO E LAZER";001-CHEFIA DE GABINETE;0001-Administração e Coordenação Geral​;"2.001-Remuneração, Benefícios e Encargos";3.1.90.11.00;;"14586441,27";;vínculo em branco;01.110.0000
982;"12 - SECRETARIA DE ESPORTE, RECREAÇÃO E LAZER";001-CHEFIA DE GABINETE;0001-Administração e Coordenação Geral​;"2.001-Remuneração, Benefícios e Encargos";3.1.90.13.00;;"1228912,97";;vínculo em branco;01.110.0000
983;"12 - SECRETARIA DE ESPORTE, RECREAÇÃO E LAZER";001-CHEFIA DE GABINETE;0001-Administração e Coordenação Geral​;"2.001-Remuneração, Benefícios e Encargos";3.1.91.13.00;;"1986891,85";;vínculo em branco;01.110.0000
984;"12 - SECRETARIA DE ESPORTE, RECREAÇÃO E LAZER";001-CHEFIA DE GABINETE;0001-Administração e Coordenação Geral​;"2.001-Remuneração, Benefícios e Encargos";3.3.90.46.00;;"2,11";;vínculo em branco;01.110.0000
985;"12 - SECRETARIA DE ESPORTE, RECREAÇÃO E LAZER";001-CHEFIA DE GABINETE;0001-Administração e Coordenação Geral​;"2.001-Remuneração, Benefícios e Encargos";3.3.90.49.00;;"160614,36";;vínculo em branco;01.110.0000
986;"12 - SECRETARIA DE ESPORTE, RECREAÇÃO E LAZER";001-CHEFIA DE GABINETE;"0010-Esporte, Lazer e Bem-Estar​";1.002-Reforma e Ampliação de Unidades;3.3.90.39.00-OUTROS SERVIÇOS DE TERCEIROS - PESSOA JURÍDICA;;"3,00";;vínculo em branco;01.110.0000
987;"12 - SECRETARIA DE ESPORTE, RECREAÇÃO E LAZER";001-CHEFIA DE GABINETE;"0010-Esporte, Lazer e Bem-Estar​";1.002-Reforma e Ampliação de Unidades;4.4.90.51.00-OBRAS E INSTALAÇÕES;;"1,00";;vínculo em branco;01.110.0000
988;"12 - SECRETARIA DE ESPORTE, RECREAÇÃO E LAZER";001-CHEFIA DE GABINETE;"0010-Esporte, Lazer e Bem-Estar​";1.003-Implantação de Novas Unidades;3.3.90.39.00-OUTROS SERVIÇOS DE TERCEIROS - PESSOA JURÍDICA;;"1,00";;vínculo em branco;01.110.0000
989;"12 - SECRETARIA DE ESPORTE, RECREAÇÃO E LAZER";001-CHEFIA DE GABINETE;"0010-Esporte, Lazer e Bem-Estar​";1.003-Implantação de Novas Unidades;4.4.90.51.00-OBRAS E INSTALAÇÕES;;"1,00";;vínculo em branco;01.110.0000
990;"12 - SECRETARIA DE ESPORTE, RECREAÇÃO E LAZER";001-CHEFIA DE GABINETE;0001-Administração e Coordenação Geral​;1.003-Implantação de Novas Unidades;3.3.90.39.00-OUTROS SERVIÇOS DE TERCEIROS - PESSOA JURÍDICA;;"0,00";;vínculo em branco;01.110.0000
991;"12 - SECRETARIA DE ESPORTE, RECREAÇÃO E LAZER";001-CHEFIA DE GABINETE;0001-Administração e Coordenação Geral​;"2.001-Remuneração, Benefícios e Encargos";3.3.90.93.00-INDENIZAÇÕES E RESTITUIÇÕES;;"0,00";;vínculo em branco;01.110.0000
992;"12 - SECRETARIA DE ESPORTE, RECREAÇÃO E LAZER";001-CHEFIA DE GABINETE;"0002-Governo Inteligente, Aberto e Inovador​";1.002-Reforma e Ampliação de Unidades;4.4.90.51.00-OBRAS E INSTALAÇÕES;;"0,00";;vínculo em branco;01.110.0000
1047;13 - SECRETARIA DE HABITAÇÃO;001-CHEFIA DE GABINETE;0001-Administração e Coordenação Geral​;2.006-Representações Oficiais ;3.3.90.33.00-PASSAGENS E DESPESAS COM LOCOMOÇÃO;;"1,00";;vínculo em branco;01.110.0000
1048;13 - SECRETARIA DE HABITAÇÃO;001-CHEFIA DE GABINETE;0001-Administração e Coordenação Geral​;2.006-Representações Oficiais ;3.3.90.39.00-OUTROS SERVIÇOS DE TERCEIROS - PESSOA JURÍDICA;;"1,00";;vínculo em branco;01.110.0000
1049;13 - SECRETARIA DE HABITAÇÃO;001-CHEFIA DE GABINETE;0001-Administração e Coordenação Geral​;2.011-Manutenção de Equipamentos Públicos ;3.3.90.30.00-MATERIAL DE CONSUMO;;"389662,50";;vínculo em branco;01.110.0000
1050;13 - SECRETARIA DE HABITAÇÃO;001-CHEFIA DE GABINETE;0001-Administração e Coordenação Geral​;2.011-Manutenção de Equipamentos Públicos ;3.3.90.39.00-OUTROS SERVIÇOS DE TERCEIROS - PESSOA JURÍDICA;;"1268367,00";;vínculo em branco;01.110.0000
1051;13 - SECRETARIA DE HABITAÇÃO;001-CHEFIA DE GABINETE;0001-Administração e Coordenação Geral​;2.011-Manutenção de Equipamentos Públicos ;4.4.90.52.00-EQUIPAMENTOS E MATERIAL PERMANENTE;;"62346,00";;vínculo em branco;01.110.0000
1052;13 - SECRETARIA DE HABITAÇÃO;001-CHEFIA DE GABINETE;"0002-Governo Inteligente, Aberto e Inovador​";2.003-Qualificação de Servidores e Processos Institucionais;3.3.90.36.00-OUTROS SERVIÇOS DE TERCEIROS - PESSOA FÍSICA;;"1,00";;vínculo em branco;01.110.0000
1053;13 - SECRETARIA DE HABITAÇÃO;001-CHEFIA DE GABINETE;"0002-Governo Inteligente, Aberto e Inovador​";2.003-Qualificação de Servidores e Processos Institucionais;3.3.90.39.00-OUTROS SERVIÇOS DE TERCEIROS - PESSOA JURÍDICA;;"1,00";;vínculo em branco;01.110.0000
1054;13 - SECRETARIA DE HABITAÇÃO;001-CHEFIA DE GABINETE;"0002-Governo Inteligente, Aberto e Inovador​";"2.005-Promoção de Eventos, Comunicação e Participação Social ";3.3.90.30.00-MATERIAL DE CONSUMO;;"7793,25";;vínculo em branco;01.110.0000
1055;13 - SECRETARIA DE HABITAÇÃO;001-CHEFIA DE GABINETE;"0002-Governo Inteligente, Aberto e Inovador​";"2.005-Promoção de Eventos, Comunicação e Participação Social ";3.3.90.39.00-OUTROS SERVIÇOS DE TERCEIROS - PESSOA JURÍDICA;;"20783,00";;vínculo em branco;01.110.0000
1056;13 - SECRETARIA DE HABITAÇÃO;001-CHEFIA DE GABINETE;0012-Moradia Digna​;2.040-Auxílio para Acesso à Moradia;3.3.90.48.00 - OUTROS AUXILIOS FINANCEIROS A PESSOAS FISICAS;;"10202956,11";;vínculo em branco;01.110.0000
1057;13 - SECRETARIA DE HABITAÇÃO;001-CHEFIA DE GABINETE;0001-Administração e Coordenação Geral​;2.003-Qualificação de Servidores e Processos Institucionais;3.3.90.36.00-OUTROS SERVIÇOS DE TERCEIROS - PESSOA FÍSICA;;"0,00";;vínculo em branco;01.110.0000
1058;13 - SECRETARIA DE HABITAÇÃO;001-CHEFIA DE GABINETE;0001-Administração e Coordenação Geral​;2.003-Qualificação de Servidores e Processos Institucionais;3.3.90.39.00-OUTROS SERVIÇOS DE TERCEIROS - PESSOA JURÍDICA;;"0,00";;vínculo em branco;01.110.0000
1059;13 - SECRETARIA DE HABITAÇÃO;001-CHEFIA DE GABINETE;0001-Administração e Coordenação Geral​;"2.005-Promoção de Eventos, Comunicação e Participação Social ";3.3.90.93.00-INDENIZAÇÕES E RESTITUIÇÕES;;"0,00";;vínculo em branco;01.110.0000
1060;13 - SECRETARIA DE HABITAÇÃO;008-DIRETORIA GERAL DE ATENÇÃO PRIMÁRIA EM SAÚDE;0001-Administração e Coordenação Geral​;"2.005-Promoção de Eventos, Comunicação e Participação Social ";3.3.90.93.00-INDENIZAÇÕES E RESTITUIÇÕES;;"0,00";;vínculo em branco;01.110.0000
1061;13 - SECRETARIA DE HABITAÇÃO;001-CHEFIA DE GABINETE;0001-Administração e Coordenação Geral​;"2.005-Promoção de Eventos, Comunicação e Participação Social ";3.3.90.39.00-OUTROS SERVIÇOS DE TERCEIROS - PESSOA JURÍDICA;;"0,00";;vínculo em branco;01.110.0000
1062;13 - SECRETARIA DE HABITAÇÃO;001-CHEFIA DE GABINETE;0004-Planejamento e Gestão de Políticas Públicas ;"1.001-Estudos, Pesquisas, Planos e Projetos ";3.3.90.35.00-SERVIÇOS DE CONSULTORIA;;"1,00";;vínculo em branco;01.110.0000
1063;13 - SECRETARIA DE HABITAÇÃO;001-CHEFIA DE GABINETE;0001-Administração e Coordenação Geral​;1.002-Reforma e Ampliação de Unidades;3.3.90.39.00-OUTROS SERVIÇOS DE TERCEIROS - PESSOA JURÍDICA;;"1,00";;vínculo em branco;01.110.0000
1064;13 - SECRETARIA DE HABITAÇÃO;001-CHEFIA DE GABINETE;0001-Administração e Coordenação Geral​;"2.001-Remuneração, Benefícios e Encargos";3.1.90.11.00;;"13887930,15";;vínculo em branco;01.110.0000
1065;13 - SECRETARIA DE HABITAÇÃO;001-CHEFIA DE GABINETE;0001-Administração e Coordenação Geral​;"2.001-Remuneração, Benefícios e Encargos";3.1.90.13.00;;"1477097,15";;vínculo em branco;01.110.0000
1066;13 - SECRETARIA DE HABITAÇÃO;001-CHEFIA DE GABINETE;0001-Administração e Coordenação Geral​;"2.001-Remuneração, Benefícios e Encargos";3.1.91.13.00;;"1166361,26";;vínculo em branco;01.110.0000
1067;13 - SECRETARIA DE HABITAÇÃO;001-CHEFIA DE GABINETE;0001-Administração e Coordenação Geral​;"2.001-Remuneração, Benefícios e Encargos";3.3.90.46.00;;"2,18";;vínculo em branco;01.110.0000
1068;13 - SECRETARIA DE HABITAÇÃO;001-CHEFIA DE GABINETE;0001-Administração e Coordenação Geral​;"2.001-Remuneração, Benefícios e Encargos";3.3.90.49.00;;"65720,88";;vínculo em branco;01.110.0000
1069;13 - SECRETARIA DE HABITAÇÃO;001-CHEFIA DE GABINETE;0005-Resiliência Urbana​;1.009-Urbanização de Favelas e Comunidades ;4.4.90.51.00-OBRAS E INSTALAÇÕES;;"798099,79";;vínculo em branco;01.110.0000
1070;13 - SECRETARIA DE HABITAÇÃO;001-CHEFIA DE GABINETE;0012-Moradia Digna​;1.009-Urbanização de Favelas e Comunidades ;4.4.90.51.00-OBRAS E INSTALAÇÕES;;"18831833,00";;vínculo em branco;01.110.0000
1071;13 - SECRETARIA DE HABITAÇÃO;001-CHEFIA DE GABINETE;0012-Moradia Digna​;1.009-Urbanização de Favelas e Comunidades ;4.4.90.52.00-EQUIPAMENTOS E MATERIAL PERMANENTE;;"0,00";;vínculo em branco;01.110.0000
1072;13 - SECRETARIA DE HABITAÇÃO;001-CHEFIA DE GABINETE;0012-Moradia Digna​;1.010-Requalificação de Favelas e Comunidades;4.4.90.51.00-OBRAS E INSTALAÇÕES;;"9164000,00";;vínculo em branco;01.110.0000
1073;13 - SECRETARIA DE HABITAÇÃO;001-CHEFIA DE GABINETE;0012-Moradia Digna​;"1.011-Regularização Fundiária de Assentamentos Precários, Loteamentos e Conjuntos Habitacionais ";3.3.90.39.00-OUTROS SERVIÇOS DE TERCEIROS - PESSOA JURÍDICA;;"30752,00";;vínculo em branco;01.110.0000
1074;13 - SECRETARIA DE HABITAÇÃO;001-CHEFIA DE GABINETE;0012-Moradia Digna​;1.012-Construção de Unidades Habitacionais;4.4.90.51.00-OBRAS E INSTALAÇÕES;;"2,00";;vínculo em branco;01.110.0000
1075;13 - SECRETARIA DE HABITAÇÃO;001-CHEFIA DE GABINETE;0012-Moradia Digna​;1.013-Melhoria das Unidades Habitacionais;4.4.90.51.00-OBRAS E INSTALAÇÕES;;"1,00";;vínculo em branco;01.110.0000
1076;13 - SECRETARIA DE HABITAÇÃO;001-CHEFIA DE GABINETE;0012-Moradia Digna​;1.014-Recuperação de Conjuntos Habitacionais;4.4.90.51.00-OBRAS E INSTALAÇÕES;;"1,00";;vínculo em branco;01.110.0000
1077;13 - SECRETARIA DE HABITAÇÃO;008-DIRETORIA GERAL DE ATENÇÃO PRIMÁRIA EM SAÚDE;0005-Resiliência Urbana​;1.009-Urbanização de Favelas e Comunidades ;4.4.90.51.00-OBRAS E INSTALAÇÕES;;"1,00";;vínculo em branco;01.110.0000
1078;13 - SECRETARIA DE HABITAÇÃO;008-DIRETORIA GERAL DE ATENÇÃO PRIMÁRIA EM SAÚDE;0012-Moradia Digna​;1.013-Melhoria das Unidades Habitacionais;4.4.90.51.00-OBRAS E INSTALAÇÕES;;"1,00";;vínculo em branco;01.110.0000
1079;13 - SECRETARIA DE HABITAÇÃO;001-CHEFIA DE GABINETE;0012-Moradia Digna​;1.010-Requalificação de Favelas e Comunidades;3.3.90.39.00-OUTROS SERVIÇOS DE TERCEIROS - PESSOA JURÍDICA;;"0,00";;vínculo em branco;01.110.0000
1085;14 - SECRETARIA DE ASSISTÊNCIA SOCIAL;001-GABINETE DA SECRETARIA DE ASSISTÊNCIA SOCIAL;0001-Administração e Coordenação Geral​;"1.001-Estudos, Pesquisas, Planos e Projetos ";3.3.90.39.00-OUTROS SERVIÇOS DE TERCEIROS - PESSOA JURÍDICA;OUTROS SERVIÇOS DE TERCEIROS - PESSOA JURÍDICA;"1,00";;vínculo em branco;01.110.0000
1086;14 - SECRETARIA DE ASSISTÊNCIA SOCIAL;001-GABINETE DA SECRETARIA DE ASSISTÊNCIA SOCIAL;"0002-Governo Inteligente, Aberto e Inovador​";"2.005-Promoção de Eventos, Comunicação e Participação Social ";3.3.90.39.00-OUTROS SERVIÇOS DE TERCEIROS - PESSOA JURÍDICA;LOCAÇÃO DE MÁQUINAS E EQUIPAMENTOS;"250000,00";;vínculo em branco;01.110.0000
1087;14 - SECRETARIA DE ASSISTÊNCIA SOCIAL;001-GABINETE DA SECRETARIA DE ASSISTÊNCIA SOCIAL;"0002-Governo Inteligente, Aberto e Inovador​";"2.007-Ampliação e Manutenção de Sistemas de Inteligência, Fiscalização e Tecnologia";3.3.90.40.00-SERVIÇOS DE TECNOLOGIA DA INFORMAÇÃO E COMUNICAÇÃO - PESSOA JURÍDICA;;"1378090,00";;vínculo em branco;01.110.0000
1088;14 - SECRETARIA DE ASSISTÊNCIA SOCIAL;005-FUNDO MUNICIPAL DE ASSISTÊNCIA SOCIAL;"0002-Governo Inteligente, Aberto e Inovador​";2.003-Qualificação de Servidores e Processos Institucionais;3.3.90.39.00-OUTROS SERVIÇOS DE TERCEIROS - PESSOA JURÍDICA;SERVIÇO DE SELEÇÃO E TREINAMENTO;"280000,00";;vínculo em branco;01.110.0000
1089;14 - SECRETARIA DE ASSISTÊNCIA SOCIAL;001-GABINETE DA SECRETARIA DE ASSISTÊNCIA SOCIAL;"0002-Governo Inteligente, Aberto e Inovador​";"2.005-Promoção de Eventos, Comunicação e Participação Social ";3.3.90.39.00-OUTROS SERVIÇOS DE TERCEIROS - PESSOA JURÍDICA;OUTROS SERVIÇOS DE TERCEIROS - PESSOA JURÍDICA;"115000,00";;vínculo em branco;01.110.0000
1090;14 - SECRETARIA DE ASSISTÊNCIA SOCIAL;001-GABINETE DA SECRETARIA DE ASSISTÊNCIA SOCIAL;"0002-Governo Inteligente, Aberto e Inovador​";"2.005-Promoção de Eventos, Comunicação e Participação Social ";3.3.90.30.00-MATERIAL DE CONSUMO;GÊNEROS DE ALIMENTAÇÃO;"50000,00";;vínculo em branco;01.110.0000
1091;14 - SECRETARIA DE ASSISTÊNCIA SOCIAL;001-GABINETE DA SECRETARIA DE ASSISTÊNCIA SOCIAL;0001-Administração e Coordenação Geral​;2.006-Representações Oficiais ;3.3.90.39.00-OUTROS SERVIÇOS DE TERCEIROS - PESSOA JURÍDICA;OUTROS SERVIÇOS DE TERCEIRO PESSOA JURÍDICA - PAGAMENTO ANTECIPADO;"50000,00";;vínculo em branco;01.110.0000
1092;14 - SECRETARIA DE ASSISTÊNCIA SOCIAL;001-GABINETE DA SECRETARIA DE ASSISTÊNCIA SOCIAL;0004-Planejamento e Gestão de Políticas Públicas ;"1.001-Estudos, Pesquisas, Planos e Projetos ";3.3.90.40.00-SERVIÇOS DE TECNOLOGIA DA INFORMAÇÃO E COMUNICAÇÃO - PESSOA JURÍDICA;;"1,00";;vínculo em branco;01.110.0000
1093;14 - SECRETARIA DE ASSISTÊNCIA SOCIAL;001-GABINETE DA SECRETARIA DE ASSISTÊNCIA SOCIAL;0001-Administração e Coordenação Geral​;"2.005-Promoção de Eventos, Comunicação e Participação Social ";3.3.90.39.00-OUTROS SERVIÇOS DE TERCEIROS - PESSOA JURÍDICA;OUTROS SERVIÇOS DE TERCEIROS - PESSOA JURÍDICA;"30000,00";;vínculo em branco;01.110.0000
1094;14 - SECRETARIA DE ASSISTÊNCIA SOCIAL;001-GABINETE DA SECRETARIA DE ASSISTÊNCIA SOCIAL;0001-Administração e Coordenação Geral​;2.011-Manutenção de Equipamentos Públicos ;3.3.90.30.00-MATERIAL DE CONSUMO;GÁS ENGARRAFADO;"13000,00";;vínculo em branco;01.110.0000
1095;14 - SECRETARIA DE ASSISTÊNCIA SOCIAL;001-GABINETE DA SECRETARIA DE ASSISTÊNCIA SOCIAL;0001-Administração e Coordenação Geral​;2.011-Manutenção de Equipamentos Públicos ;3.3.90.30.00-MATERIAL DE CONSUMO;MATERIAL DE LIMPEZA E PRODUTOS DE HIGIENIZAÇÃO;"170000,00";;vínculo em branco;01.110.0000
1096;14 - SECRETARIA DE ASSISTÊNCIA SOCIAL;001-GABINETE DA SECRETARIA DE ASSISTÊNCIA SOCIAL;0001-Administração e Coordenação Geral​;2.011-Manutenção de Equipamentos Públicos ;3.3.90.30.00-MATERIAL DE CONSUMO;MATERIAL DE EXPEDIENTE;"20000,00";;vínculo em branco;01.110.0000
1097;14 - SECRETARIA DE ASSISTÊNCIA SOCIAL;001-GABINETE DA SECRETARIA DE ASSISTÊNCIA SOCIAL;0001-Administração e Coordenação Geral​;2.011-Manutenção de Equipamentos Públicos ;3.3.90.30.00-MATERIAL DE CONSUMO;GÊNEROS DE ALIMENTAÇÃO;"21500,00";;vínculo em branco;01.110.0000
1098;14 - SECRETARIA DE ASSISTÊNCIA SOCIAL;001-GABINETE DA SECRETARIA DE ASSISTÊNCIA SOCIAL;0001-Administração e Coordenação Geral​;2.011-Manutenção de Equipamentos Públicos ;3.3.90.39.00-OUTROS SERVIÇOS DE TERCEIROS - PESSOA JURÍDICA;MANUTENÇÃO E CONSERVAÇÃO DE BENS MÓVEIS DE OUTRAS NATUREZAS;"125000,00";;vínculo em branco;01.110.0000
1099;14 - SECRETARIA DE ASSISTÊNCIA SOCIAL;001-GABINETE DA SECRETARIA DE ASSISTÊNCIA SOCIAL;0001-Administração e Coordenação Geral​;2.011-Manutenção de Equipamentos Públicos ;3.3.90.93.00-INDENIZAÇÕES E RESTITUIÇÕES;OUTROS MATERIAIS DE CONSUMO;"5000,00";;vínculo em branco;01.110.0000
1100;14 - SECRETARIA DE ASSISTÊNCIA SOCIAL;001-GABINETE DA SECRETARIA DE ASSISTÊNCIA SOCIAL;0001-Administração e Coordenação Geral​;2.011-Manutenção de Equipamentos Públicos ;4.4.90.52.00-EQUIPAMENTOS E MATERIAL PERMANENTE;MOBILIÁRIO EM GERAL;"70000,00";;vínculo em branco;01.110.0000
1101;14 - SECRETARIA DE ASSISTÊNCIA SOCIAL;001-GABINETE DA SECRETARIA DE ASSISTÊNCIA SOCIAL;"0002-Governo Inteligente, Aberto e Inovador​";2.003-Qualificação de Servidores e Processos Institucionais;3.3.90.39.00-OUTROS SERVIÇOS DE TERCEIROS - PESSOA JURÍDICA;SERVIÇO DE SELEÇÃO E TREINAMENTO;"10000,00";;vínculo em branco;01.110.0000
1102;14 - SECRETARIA DE ASSISTÊNCIA SOCIAL;001-GABINETE DA SECRETARIA DE ASSISTÊNCIA SOCIAL;"0002-Governo Inteligente, Aberto e Inovador​";"2.005-Promoção de Eventos, Comunicação e Participação Social ";3.3.90.39.00-OUTROS SERVIÇOS DE TERCEIROS - PESSOA JURÍDICA;"SERVIÇO DE APOIO ADMINISTRATIVO, TÉCNICO E OPERACIONAL";"40000,00";;vínculo em branco;01.110.0000
1103;14 - SECRETARIA DE ASSISTÊNCIA SOCIAL;001-GABINETE DA SECRETARIA DE ASSISTÊNCIA SOCIAL;0001-Administração e Coordenação Geral​;2.011-Manutenção de Equipamentos Públicos ;4.4.90.52.00-EQUIPAMENTOS E MATERIAL PERMANENTE;;"0,00";;vínculo em branco;01.110.0000
1104;14 - SECRETARIA DE ASSISTÊNCIA SOCIAL;001-GABINETE DA SECRETARIA DE ASSISTÊNCIA SOCIAL;0019-Segurança Alimentar e Combate à Pobreza​;2.024-Distribuição de Alimentos e Benefícios para as Famílias em Situação de Vulnerabilidade;3.3.90.39.00-OUTROS SERVIÇOS DE TERCEIROS - PESSOA JURÍDICA;OUTROS SERVIÇOS DE TERCEIROS - PESSOA JURÍDICA;"0,00";;vínculo em branco;01.110.0000
1105;14 - SECRETARIA DE ASSISTÊNCIA SOCIAL;005-FUNDO MUNICIPAL DE ASSISTÊNCIA SOCIAL;0018-Proteção Social e Garantia de Direitos​;2.015-Manutenção de Equipamentos Públicos - Proteção Básica ;3.3.50.39.00-OUTROS SERVIÇOS DE TERCEIROS - PESSOA JURÍDICA;;"6083040,00";;vínculo em branco;01.110.0000
1106;14 - SECRETARIA DE ASSISTÊNCIA SOCIAL;005-FUNDO MUNICIPAL DE ASSISTÊNCIA SOCIAL;0018-Proteção Social e Garantia de Direitos​;2.016-Manutenção de Equipamentos Públicos - Proteção Especial ;3.3.50.39.00-OUTROS SERVIÇOS DE TERCEIROS - PESSOA JURÍDICA;;"30604000,00";;vínculo em branco;01.110.0000
1107;14 - SECRETARIA DE ASSISTÊNCIA SOCIAL;001-GABINETE DA SECRETARIA DE ASSISTÊNCIA SOCIAL;0018-Proteção Social e Garantia de Direitos​;2.026-Residências e Internações Compulsórias;3.3.90.39.00-OUTROS SERVIÇOS DE TERCEIROS - PESSOA JURÍDICA;OUTROS SERVIÇOS DE TERCEIROS - PESSOA JURÍDICA;"1700000,00";;vínculo em branco;01.110.0000
1108;14 - SECRETARIA DE ASSISTÊNCIA SOCIAL;005-FUNDO MUNICIPAL DE ASSISTÊNCIA SOCIAL;0018-Proteção Social e Garantia de Direitos​;2.016-Manutenção de Equipamentos Públicos - Proteção Especial ;3.3.71.70.00-RATEIO PELA PARTICIPAÇÃO EM CONSÓRCIO PÚBLICO;TERMO DE COLABORAÇÃO;"81049,00";;vínculo em branco;01.110.0000
1109;14 - SECRETARIA DE ASSISTÊNCIA SOCIAL;005-FUNDO MUNICIPAL DE ASSISTÊNCIA SOCIAL;0018-Proteção Social e Garantia de Direitos​;2.016-Manutenção de Equipamentos Públicos - Proteção Especial ;4.4.71.70.00-RATEIO PELA PARTICIPAÇÃO EM CONSÓRCIO PÚBLICO;TERMO DE COLABORAÇÃO;"9351,00";;vínculo em branco;01.110.0000
1110;14 - SECRETARIA DE ASSISTÊNCIA SOCIAL;001-GABINETE DA SECRETARIA DE ASSISTÊNCIA SOCIAL;0018-Proteção Social e Garantia de Direitos​;2.026-Residências e Internações Compulsórias;3.3.90.39.00-OUTROS SERVIÇOS DE TERCEIROS - PESSOA JURÍDICA;OUTROS SERVIÇOS DE TERCEIROS - PESSOA JURÍDICA;"680000,00";;vínculo em branco;01.110.0000
1111;14 - SECRETARIA DE ASSISTÊNCIA SOCIAL;005-FUNDO MUNICIPAL DE ASSISTÊNCIA SOCIAL;0018-Proteção Social e Garantia de Direitos​;"2.005-Promoção de Eventos, Comunicação e Participação Social ";3.3.90.39.00-OUTROS SERVIÇOS DE TERCEIROS - PESSOA JURÍDICA;OUTROS SERVIÇOS DE TERCEIROS - PESSOA JURÍDICA;"565000,00";;vínculo em branco;01.110.0000
1112;14 - SECRETARIA DE ASSISTÊNCIA SOCIAL;005-FUNDO MUNICIPAL DE ASSISTÊNCIA SOCIAL;0018-Proteção Social e Garantia de Direitos​;"2.005-Promoção de Eventos, Comunicação e Participação Social ";3.3.90.30.00-MATERIAL DE CONSUMO;GÊNEROS DE ALIMENTAÇÃO;"477000,00";;vínculo em branco;01.110.0000
1113;14 - SECRETARIA DE ASSISTÊNCIA SOCIAL;001-GABINETE DA SECRETARIA DE ASSISTÊNCIA SOCIAL;0018-Proteção Social e Garantia de Direitos​;2.027-Intermediação Profissional ;3.3.90.39.00-OUTROS SERVIÇOS DE TERCEIROS - PESSOA JURÍDICA;"SERVIÇO DE APOIO ADMINISTRATIVO, TÉCNICO E OPERACIONAL";"3356640,00";;vínculo em branco;01.110.0000
1114;14 - SECRETARIA DE ASSISTÊNCIA SOCIAL;001-GABINETE DA SECRETARIA DE ASSISTÊNCIA SOCIAL;0001-Administração e Coordenação Geral​;1.002-Reforma e Ampliação de Unidades;3.3.90.39.00-OUTROS SERVIÇOS DE TERCEIROS - PESSOA JURÍDICA;MANUTENÇÃO E CONSERVAÇÃO DE BENS IMÓVEIS;"1,00";;vínculo em branco;01.110.0000
1115;14 - SECRETARIA DE ASSISTÊNCIA SOCIAL;005-FUNDO MUNICIPAL DE ASSISTÊNCIA SOCIAL;0018-Proteção Social e Garantia de Direitos​;2.015-Manutenção de Equipamentos Públicos - Proteção Básica ;4.4.50.52.00-EQUIPAMENTOS E MATERIAL PERMANENTE;;"1,00";;vínculo em branco;01.110.0000
1116;14 - SECRETARIA DE ASSISTÊNCIA SOCIAL;005-FUNDO MUNICIPAL DE ASSISTÊNCIA SOCIAL;0018-Proteção Social e Garantia de Direitos​;2.016-Manutenção de Equipamentos Públicos - Proteção Especial ;4.4.50.52.00-EQUIPAMENTOS E MATERIAL PERMANENTE;;"920852,00";;vínculo em branco;01.110.0000
1117;14 - SECRETARIA DE ASSISTÊNCIA SOCIAL;007-DEPARTAMENTO DE PROTEÇÃO SOCIAL BÁSICA;0018-Proteção Social e Garantia de Direitos​;1.003-Implantação de Novas Unidades;3.3.90.39.00-OUTROS SERVIÇOS DE TERCEIROS - PESSOA JURÍDICA;MANUTENÇÃO E CONSERVAÇÃO DE BENS IMÓVEIS;"1,00";;vínculo em branco;01.110.0000
1118;14 - SECRETARIA DE ASSISTÊNCIA SOCIAL;005-FUNDO MUNICIPAL DE ASSISTÊNCIA SOCIAL;0018-Proteção Social e Garantia de Direitos​;2.011-Manutenção de Equipamentos Públicos ;3.3.90.30.00-MATERIAL DE CONSUMO;GÊNEROS DE ALIMENTAÇÃO;"30000,00";;vínculo em branco;01.110.0000
1119;14 - SECRETARIA DE ASSISTÊNCIA SOCIAL;005-FUNDO MUNICIPAL DE ASSISTÊNCIA SOCIAL;0018-Proteção Social e Garantia de Direitos​;2.011-Manutenção de Equipamentos Públicos ;3.3.90.30.00-MATERIAL DE CONSUMO;MATERIAL DE LIMPEZA E PRODUTOS DE HIGIENIZAÇÃO;"50000,00";;vínculo em branco;01.110.0000
1120;14 - SECRETARIA DE ASSISTÊNCIA SOCIAL;005-FUNDO MUNICIPAL DE ASSISTÊNCIA SOCIAL;0018-Proteção Social e Garantia de Direitos​;2.011-Manutenção de Equipamentos Públicos ;3.3.90.30.00-MATERIAL DE CONSUMO;MATERIAL DE EXPEDIENTE;"30000,00";;vínculo em branco;01.110.0000
1121;14 - SECRETARIA DE ASSISTÊNCIA SOCIAL;005-FUNDO MUNICIPAL DE ASSISTÊNCIA SOCIAL;0018-Proteção Social e Garantia de Direitos​;2.011-Manutenção de Equipamentos Públicos ;3.3.90.39.00-OUTROS SERVIÇOS DE TERCEIROS - PESSOA JURÍDICA;OUTROS SERVIÇOS DE TERCEIROS - PESSOA JURÍDICA;"1100000,00";;vínculo em branco;01.110.0000
1122;14 - SECRETARIA DE ASSISTÊNCIA SOCIAL;005-FUNDO MUNICIPAL DE ASSISTÊNCIA SOCIAL;0018-Proteção Social e Garantia de Direitos​;2.011-Manutenção de Equipamentos Públicos ;3.3.90.39.00-OUTROS SERVIÇOS DE TERCEIROS - PESSOA JURÍDICA;MANUTENÇÃO E CONSERVAÇÃO DE BENS IMÓVEIS;"300000,00";;vínculo em branco;01.110.0000
1123;14 - SECRETARIA DE ASSISTÊNCIA SOCIAL;005-FUNDO MUNICIPAL DE ASSISTÊNCIA SOCIAL;0018-Proteção Social e Garantia de Direitos​;2.011-Manutenção de Equipamentos Públicos ;3.3.90.39.00-OUTROS SERVIÇOS DE TERCEIROS - PESSOA JURÍDICA;MANUTENÇÃO E CONSERVAÇÃO DE MÁQUINAS E EQUIPAMENTOS;"50000,00";;vínculo em branco;01.110.0000
1124;14 - SECRETARIA DE ASSISTÊNCIA SOCIAL;005-FUNDO MUNICIPAL DE ASSISTÊNCIA SOCIAL;0018-Proteção Social e Garantia de Direitos​;2.015-Manutenção de Equipamentos Públicos - Proteção Básica ;3.3.90.30.00-MATERIAL DE CONSUMO;GÊNEROS DE ALIMENTAÇÃO;"560000,00";;vínculo em branco;01.110.0000
1125;14 - SECRETARIA DE ASSISTÊNCIA SOCIAL;005-FUNDO MUNICIPAL DE ASSISTÊNCIA SOCIAL;0018-Proteção Social e Garantia de Direitos​;2.015-Manutenção de Equipamentos Públicos - Proteção Básica ;3.3.90.30.00-MATERIAL DE CONSUMO;MATERIAL DE LIMPEZA E PRODUTOS DE HIGIENIZAÇÃO;"710000,00";;vínculo em branco;01.110.0000
1126;14 - SECRETARIA DE ASSISTÊNCIA SOCIAL;005-FUNDO MUNICIPAL DE ASSISTÊNCIA SOCIAL;0018-Proteção Social e Garantia de Direitos​;2.015-Manutenção de Equipamentos Públicos - Proteção Básica ;3.3.90.30.00-MATERIAL DE CONSUMO;MATERIAL DE EXPEDIENTE;"53000,00";;vínculo em branco;01.110.0000
1127;14 - SECRETARIA DE ASSISTÊNCIA SOCIAL;005-FUNDO MUNICIPAL DE ASSISTÊNCIA SOCIAL;0018-Proteção Social e Garantia de Direitos​;2.015-Manutenção de Equipamentos Públicos - Proteção Básica ;3.3.90.30.00-MATERIAL DE CONSUMO;"MATERIAL DE CAMA, MESA E BANHO";"50000,00";;vínculo em branco;01.110.0000
1128;14 - SECRETARIA DE ASSISTÊNCIA SOCIAL;005-FUNDO MUNICIPAL DE ASSISTÊNCIA SOCIAL;0018-Proteção Social e Garantia de Direitos​;2.015-Manutenção de Equipamentos Públicos - Proteção Básica ;3.3.90.30.00-MATERIAL DE CONSUMO;FERRAMENTAS;"330000,00";;vínculo em branco;01.110.0000
1129;14 - SECRETARIA DE ASSISTÊNCIA SOCIAL;005-FUNDO MUNICIPAL DE ASSISTÊNCIA SOCIAL;0018-Proteção Social e Garantia de Direitos​;2.015-Manutenção de Equipamentos Públicos - Proteção Básica ;3.3.90.39.00-OUTROS SERVIÇOS DE TERCEIROS - PESSOA JURÍDICA;LOCAÇÃO DE MÁQUINAS E EQUIPAMENTOS;"250000,00";;vínculo em branco;01.110.0000
1130;14 - SECRETARIA DE ASSISTÊNCIA SOCIAL;005-FUNDO MUNICIPAL DE ASSISTÊNCIA SOCIAL;0018-Proteção Social e Garantia de Direitos​;2.015-Manutenção de Equipamentos Públicos - Proteção Básica ;3.3.90.39.00-OUTROS SERVIÇOS DE TERCEIROS - PESSOA JURÍDICA;OUTROS SERVIÇOS DE TERCEIROS - PESSOA JURÍDICA;"400000,00";;vínculo em branco;01.110.0000
1131;14 - SECRETARIA DE ASSISTÊNCIA SOCIAL;005-FUNDO MUNICIPAL DE ASSISTÊNCIA SOCIAL;0018-Proteção Social e Garantia de Direitos​;2.015-Manutenção de Equipamentos Públicos - Proteção Básica ;3.3.90.39.00-OUTROS SERVIÇOS DE TERCEIROS - PESSOA JURÍDICA;OUTROS SERVIÇOS DE TERCEIROS - PESSOA JURÍDICA;"300000,00";;vínculo em branco;01.110.0000
1132;14 - SECRETARIA DE ASSISTÊNCIA SOCIAL;005-FUNDO MUNICIPAL DE ASSISTÊNCIA SOCIAL;0018-Proteção Social e Garantia de Direitos​;2.015-Manutenção de Equipamentos Públicos - Proteção Básica ;3.3.90.93.00-INDENIZAÇÕES E RESTITUIÇÕES;OUTROS MATERIAIS DE CONSUMO;"20000,00";;vínculo em branco;01.110.0000
1133;14 - SECRETARIA DE ASSISTÊNCIA SOCIAL;005-FUNDO MUNICIPAL DE ASSISTÊNCIA SOCIAL;0018-Proteção Social e Garantia de Direitos​;2.015-Manutenção de Equipamentos Públicos - Proteção Básica ;4.4.90.52.00-EQUIPAMENTOS E MATERIAL PERMANENTE;MOBILIÁRIO EM GERAL;"149000,00";;vínculo em branco;01.110.0000
1134;14 - SECRETARIA DE ASSISTÊNCIA SOCIAL;005-FUNDO MUNICIPAL DE ASSISTÊNCIA SOCIAL;0018-Proteção Social e Garantia de Direitos​;2.016-Manutenção de Equipamentos Públicos - Proteção Especial ;4.4.90.52.00-EQUIPAMENTOS E MATERIAL PERMANENTE;MOBILIÁRIO EM GERAL;"300000,00";;vínculo em branco;01.110.0000
1135;14 - SECRETARIA DE ASSISTÊNCIA SOCIAL;005-FUNDO MUNICIPAL DE ASSISTÊNCIA SOCIAL;0018-Proteção Social e Garantia de Direitos​;2.016-Manutenção de Equipamentos Públicos - Proteção Especial ;3.3.90.30.00-MATERIAL DE CONSUMO;;"20000,00";;vínculo em branco;01.110.0000
1136;14 - SECRETARIA DE ASSISTÊNCIA SOCIAL;005-FUNDO MUNICIPAL DE ASSISTÊNCIA SOCIAL;0018-Proteção Social e Garantia de Direitos​;2.016-Manutenção de Equipamentos Públicos - Proteção Especial ;3.3.90.30.00-MATERIAL DE CONSUMO;GÊNEROS DE ALIMENTAÇÃO;"3100000,00";;vínculo em branco;01.110.0000
1137;14 - SECRETARIA DE ASSISTÊNCIA SOCIAL;005-FUNDO MUNICIPAL DE ASSISTÊNCIA SOCIAL;0018-Proteção Social e Garantia de Direitos​;2.016-Manutenção de Equipamentos Públicos - Proteção Especial ;3.3.90.30.00-MATERIAL DE CONSUMO;MATERIAL DE LIMPEZA E PRODUTOS DE HIGIENIZAÇÃO;"450000,00";;vínculo em branco;01.110.0000
1138;14 - SECRETARIA DE ASSISTÊNCIA SOCIAL;005-FUNDO MUNICIPAL DE ASSISTÊNCIA SOCIAL;0018-Proteção Social e Garantia de Direitos​;2.016-Manutenção de Equipamentos Públicos - Proteção Especial ;3.3.90.30.00-MATERIAL DE CONSUMO;MATERIAL DE EXPEDIENTE;"53000,00";;vínculo em branco;01.110.0000
1139;14 - SECRETARIA DE ASSISTÊNCIA SOCIAL;005-FUNDO MUNICIPAL DE ASSISTÊNCIA SOCIAL;0018-Proteção Social e Garantia de Direitos​;2.016-Manutenção de Equipamentos Públicos - Proteção Especial ;3.3.90.30.00-MATERIAL DE CONSUMO;"MATERIAL DE CAMA, MESA E BANHO";"170000,00";;vínculo em branco;01.110.0000
1140;14 - SECRETARIA DE ASSISTÊNCIA SOCIAL;005-FUNDO MUNICIPAL DE ASSISTÊNCIA SOCIAL;0018-Proteção Social e Garantia de Direitos​;2.016-Manutenção de Equipamentos Públicos - Proteção Especial ;3.3.90.30.00-MATERIAL DE CONSUMO;FERRAMENTAS;"330000,00";;vínculo em branco;01.110.0000
1141;14 - SECRETARIA DE ASSISTÊNCIA SOCIAL;005-FUNDO MUNICIPAL DE ASSISTÊNCIA SOCIAL;0018-Proteção Social e Garantia de Direitos​;2.016-Manutenção de Equipamentos Públicos - Proteção Especial ;3.3.90.39.00-OUTROS SERVIÇOS DE TERCEIROS - PESSOA JURÍDICA;LOCAÇÃO DE MÁQUINAS E EQUIPAMENTOS;"250000,00";;vínculo em branco;01.110.0000
1142;14 - SECRETARIA DE ASSISTÊNCIA SOCIAL;005-FUNDO MUNICIPAL DE ASSISTÊNCIA SOCIAL;0018-Proteção Social e Garantia de Direitos​;2.016-Manutenção de Equipamentos Públicos - Proteção Especial ;3.3.90.39.00-OUTROS SERVIÇOS DE TERCEIROS - PESSOA JURÍDICA;OUTROS SERVIÇOS DE TERCEIROS - PESSOA JURÍDICA;"110000,00";;vínculo em branco;01.110.0000
1143;14 - SECRETARIA DE ASSISTÊNCIA SOCIAL;005-FUNDO MUNICIPAL DE ASSISTÊNCIA SOCIAL;0018-Proteção Social e Garantia de Direitos​;2.016-Manutenção de Equipamentos Públicos - Proteção Especial ;3.3.90.39.00-OUTROS SERVIÇOS DE TERCEIROS - PESSOA JURÍDICA;OUTROS SERVIÇOS DE TERCEIROS - PESSOA JURÍDICA;"120000,00";;vínculo em branco;01.110.0000
1144;14 - SECRETARIA DE ASSISTÊNCIA SOCIAL;005-FUNDO MUNICIPAL DE ASSISTÊNCIA SOCIAL;0018-Proteção Social e Garantia de Direitos​;2.016-Manutenção de Equipamentos Públicos - Proteção Especial ;3.3.90.39.00-OUTROS SERVIÇOS DE TERCEIROS - PESSOA JURÍDICA;OUTROS SERVIÇOS DE TERCEIRO PESSOA JURÍDICA - PAGAMENTO ANTECIPADO;"20000,00";;vínculo em branco;01.110.0000
1145;14 - SECRETARIA DE ASSISTÊNCIA SOCIAL;005-FUNDO MUNICIPAL DE ASSISTÊNCIA SOCIAL;0018-Proteção Social e Garantia de Direitos​;2.015-Manutenção de Equipamentos Públicos - Proteção Básica ;3.3.90.39.00-OUTROS SERVIÇOS DE TERCEIROS - PESSOA JURÍDICA;OUTROS SERVIÇOS DE TERCEIRO PESSOA JURÍDICA - PAGAMENTO ANTECIPADO;"20000,00";;vínculo em branco;01.110.0000
1146;14 - SECRETARIA DE ASSISTÊNCIA SOCIAL;005-FUNDO MUNICIPAL DE ASSISTÊNCIA SOCIAL;0018-Proteção Social e Garantia de Direitos​;2.011-Manutenção de Equipamentos Públicos ;3.3.90.39.00-OUTROS SERVIÇOS DE TERCEIROS - PESSOA JURÍDICA;OUTROS SERVIÇOS DE TERCEIRO PESSOA JURÍDICA - PAGAMENTO ANTECIPADO;"20000,00";;vínculo em branco;01.110.0000
1147;14 - SECRETARIA DE ASSISTÊNCIA SOCIAL;005-FUNDO MUNICIPAL DE ASSISTÊNCIA SOCIAL;0018-Proteção Social e Garantia de Direitos​;2.016-Manutenção de Equipamentos Públicos - Proteção Especial ;3.3.90.36.00-OUTROS SERVIÇOS DE TERCEIROS - PESSOA FÍSICA;OUTROS SERVIÇOS DE TERCEIRO PESSOA JURÍDICA - PAGAMENTO ANTECIPADO;"0,00";;vínculo em branco;01.110.0000
1148;14 - SECRETARIA DE ASSISTÊNCIA SOCIAL;005-FUNDO MUNICIPAL DE ASSISTÊNCIA SOCIAL;0018-Proteção Social e Garantia de Direitos​;2.016-Manutenção de Equipamentos Públicos - Proteção Especial ;3.3.90.93.00-INDENIZAÇÕES E RESTITUIÇÕES;OUTROS MATERIAIS DE CONSUMO;"20000,00";;vínculo em branco;01.110.0000
1149;14 - SECRETARIA DE ASSISTÊNCIA SOCIAL;005-FUNDO MUNICIPAL DE ASSISTÊNCIA SOCIAL;0018-Proteção Social e Garantia de Direitos​;2.024-Distribuição de Alimentos e Benefícios para as Famílias em Situação de Vulnerabilidade;3.3.90.30.00-MATERIAL DE CONSUMO;;"0,00";;vínculo em branco;01.110.0000
1150;14 - SECRETARIA DE ASSISTÊNCIA SOCIAL;005-FUNDO MUNICIPAL DE ASSISTÊNCIA SOCIAL;0018-Proteção Social e Garantia de Direitos​;2.024-Distribuição de Alimentos e Benefícios para as Famílias em Situação de Vulnerabilidade;3.3.90.39.00-OUTROS SERVIÇOS DE TERCEIROS - PESSOA JURÍDICA;;"0,00";;vínculo em branco;01.110.0000
1151;14 - SECRETARIA DE ASSISTÊNCIA SOCIAL;005-FUNDO MUNICIPAL DE ASSISTÊNCIA SOCIAL;0018-Proteção Social e Garantia de Direitos​;2.024-Distribuição de Alimentos e Benefícios para as Famílias em Situação de Vulnerabilidade;4.4.90.52.00-EQUIPAMENTOS E MATERIAL PERMANENTE;EQUIPAMENTOS DE PROCESSAMENTO DE DADOS;"0,00";;vínculo em branco;01.110.0000
1152;14 - SECRETARIA DE ASSISTÊNCIA SOCIAL;007-DEPARTAMENTO DE PROTEÇÃO SOCIAL BÁSICA;0018-Proteção Social e Garantia de Direitos​;"2.005-Promoção de Eventos, Comunicação e Participação Social ";3.3.90.30.00-MATERIAL DE CONSUMO;GÊNEROS DE ALIMENTAÇÃO;"30000,00";;vínculo em branco;01.110.0000
1153;14 - SECRETARIA DE ASSISTÊNCIA SOCIAL;007-DEPARTAMENTO DE PROTEÇÃO SOCIAL BÁSICA;0018-Proteção Social e Garantia de Direitos​;"2.005-Promoção de Eventos, Comunicação e Participação Social ";3.3.90.39.00-OUTROS SERVIÇOS DE TERCEIROS - PESSOA JURÍDICA;OUTROS SERVIÇOS DE TERCEIROS - PESSOA JURÍDICA;"20000,00";;vínculo em branco;01.110.0000
1154;14 - SECRETARIA DE ASSISTÊNCIA SOCIAL;007-DEPARTAMENTO DE PROTEÇÃO SOCIAL BÁSICA;0018-Proteção Social e Garantia de Direitos​;2.015-Manutenção de Equipamentos Públicos - Proteção Básica ;3.3.90.30.00-MATERIAL DE CONSUMO;GÊNEROS DE ALIMENTAÇÃO;"10000,00";;vínculo em branco;01.110.0000
1155;14 - SECRETARIA DE ASSISTÊNCIA SOCIAL;007-DEPARTAMENTO DE PROTEÇÃO SOCIAL BÁSICA;0018-Proteção Social e Garantia de Direitos​;2.015-Manutenção de Equipamentos Públicos - Proteção Básica ;3.3.90.30.00-MATERIAL DE CONSUMO;GÊNEROS DE ALIMENTAÇÃO;"20000,00";;vínculo em branco;01.110.0000
1156;14 - SECRETARIA DE ASSISTÊNCIA SOCIAL;007-DEPARTAMENTO DE PROTEÇÃO SOCIAL BÁSICA;0018-Proteção Social e Garantia de Direitos​;2.015-Manutenção de Equipamentos Públicos - Proteção Básica ;3.3.90.30.00-MATERIAL DE CONSUMO;MATERIAL DE LIMPEZA E PRODUTOS DE HIGIENIZAÇÃO;"15000,00";;vínculo em branco;01.110.0000
1157;14 - SECRETARIA DE ASSISTÊNCIA SOCIAL;007-DEPARTAMENTO DE PROTEÇÃO SOCIAL BÁSICA;0018-Proteção Social e Garantia de Direitos​;2.015-Manutenção de Equipamentos Públicos - Proteção Básica ;3.3.90.30.00-MATERIAL DE CONSUMO;MATERIAL DE EXPEDIENTE;"30000,00";;vínculo em branco;01.110.0000
1158;14 - SECRETARIA DE ASSISTÊNCIA SOCIAL;007-DEPARTAMENTO DE PROTEÇÃO SOCIAL BÁSICA;0018-Proteção Social e Garantia de Direitos​;2.015-Manutenção de Equipamentos Públicos - Proteção Básica ;3.3.90.39.00-OUTROS SERVIÇOS DE TERCEIROS - PESSOA JURÍDICA;LOCAÇÃO DE MÁQUINAS E EQUIPAMENTOS;"44328,00";;vínculo em branco;01.110.0000
1159;14 - SECRETARIA DE ASSISTÊNCIA SOCIAL;007-DEPARTAMENTO DE PROTEÇÃO SOCIAL BÁSICA;0018-Proteção Social e Garantia de Direitos​;2.015-Manutenção de Equipamentos Públicos - Proteção Básica ;3.3.90.39.00-OUTROS SERVIÇOS DE TERCEIROS - PESSOA JURÍDICA;MANUTENÇÃO E CONSERVAÇÃO DE BENS IMÓVEIS;"40000,00";;vínculo em branco;01.110.0000
1160;14 - SECRETARIA DE ASSISTÊNCIA SOCIAL;007-DEPARTAMENTO DE PROTEÇÃO SOCIAL BÁSICA;0018-Proteção Social e Garantia de Direitos​;2.015-Manutenção de Equipamentos Públicos - Proteção Básica ;3.3.90.39.00-OUTROS SERVIÇOS DE TERCEIROS - PESSOA JURÍDICA;OUTROS SERVIÇOS DE TERCEIRO PESSOA JURÍDICA - PAGAMENTO ANTECIPADO;"8000,00";;vínculo em branco;01.110.0000
1161;14 - SECRETARIA DE ASSISTÊNCIA SOCIAL;007-DEPARTAMENTO DE PROTEÇÃO SOCIAL BÁSICA;0018-Proteção Social e Garantia de Direitos​;2.015-Manutenção de Equipamentos Públicos - Proteção Básica ;4.4.90.52.00-EQUIPAMENTOS E MATERIAL PERMANENTE;MOBILIÁRIO EM GERAL;"50000,00";;vínculo em branco;01.110.0000
1162;14 - SECRETARIA DE ASSISTÊNCIA SOCIAL;008-DEPARTAMENTO DE PROTEÇÃO SOCIAL ESPECIAL;0018-Proteção Social e Garantia de Direitos​;1.002-Reforma e Ampliação de Unidades;3.3.90.39.00-OUTROS SERVIÇOS DE TERCEIROS - PESSOA JURÍDICA;MANUTENÇÃO E CONSERVAÇÃO DE BENS IMÓVEIS;"1,00";;vínculo em branco;01.110.0000
1163;14 - SECRETARIA DE ASSISTÊNCIA SOCIAL;008-DEPARTAMENTO DE PROTEÇÃO SOCIAL ESPECIAL;0018-Proteção Social e Garantia de Direitos​;2.016-Manutenção de Equipamentos Públicos - Proteção Especial ;3.3.90.30.00-MATERIAL DE CONSUMO;GÊNEROS DE ALIMENTAÇÃO;"30000,00";;vínculo em branco;01.110.0000
1164;14 - SECRETARIA DE ASSISTÊNCIA SOCIAL;008-DEPARTAMENTO DE PROTEÇÃO SOCIAL ESPECIAL;0018-Proteção Social e Garantia de Direitos​;2.016-Manutenção de Equipamentos Públicos - Proteção Especial ;3.3.90.39.00-OUTROS SERVIÇOS DE TERCEIROS - PESSOA JURÍDICA;OUTROS SERVIÇOS DE TERCEIROS - PESSOA JURÍDICA;"20000,00";;vínculo em branco;01.110.0000
1165;14 - SECRETARIA DE ASSISTÊNCIA SOCIAL;008-DEPARTAMENTO DE PROTEÇÃO SOCIAL ESPECIAL;0018-Proteção Social e Garantia de Direitos​;2.016-Manutenção de Equipamentos Públicos - Proteção Especial ;3.3.90.30.00-MATERIAL DE CONSUMO;GÁS ENGARRAFADO;"10000,00";;vínculo em branco;01.110.0000
1166;14 - SECRETARIA DE ASSISTÊNCIA SOCIAL;008-DEPARTAMENTO DE PROTEÇÃO SOCIAL ESPECIAL;0018-Proteção Social e Garantia de Direitos​;2.016-Manutenção de Equipamentos Públicos - Proteção Especial ;3.3.90.30.00-MATERIAL DE CONSUMO;GÊNEROS DE ALIMENTAÇÃO;"20000,00";;vínculo em branco;01.110.0000
1167;14 - SECRETARIA DE ASSISTÊNCIA SOCIAL;008-DEPARTAMENTO DE PROTEÇÃO SOCIAL ESPECIAL;0018-Proteção Social e Garantia de Direitos​;2.016-Manutenção de Equipamentos Públicos - Proteção Especial ;3.3.90.30.00-MATERIAL DE CONSUMO;MATERIAL DE LIMPEZA E PRODUTOS DE HIGIENIZAÇÃO;"15000,00";;vínculo em branco;01.110.0000
1168;14 - SECRETARIA DE ASSISTÊNCIA SOCIAL;008-DEPARTAMENTO DE PROTEÇÃO SOCIAL ESPECIAL;0018-Proteção Social e Garantia de Direitos​;2.016-Manutenção de Equipamentos Públicos - Proteção Especial ;3.3.90.30.00-MATERIAL DE CONSUMO;MATERIAL DE EXPEDIENTE;"30000,00";;vínculo em branco;01.110.0000
1169;14 - SECRETARIA DE ASSISTÊNCIA SOCIAL;008-DEPARTAMENTO DE PROTEÇÃO SOCIAL ESPECIAL;0018-Proteção Social e Garantia de Direitos​;2.016-Manutenção de Equipamentos Públicos - Proteção Especial ;3.3.90.39.00-OUTROS SERVIÇOS DE TERCEIROS - PESSOA JURÍDICA;LOCAÇÃO DE MÁQUINAS E EQUIPAMENTOS;"44328,00";;vínculo em branco;01.110.0000
1170;14 - SECRETARIA DE ASSISTÊNCIA SOCIAL;008-DEPARTAMENTO DE PROTEÇÃO SOCIAL ESPECIAL;0018-Proteção Social e Garantia de Direitos​;2.016-Manutenção de Equipamentos Públicos - Proteção Especial ;3.3.90.39.00-OUTROS SERVIÇOS DE TERCEIROS - PESSOA JURÍDICA;MANUTENÇÃO E CONSERVAÇÃO DE BENS IMÓVEIS;"40000,00";;vínculo em branco;01.110.0000
1171;14 - SECRETARIA DE ASSISTÊNCIA SOCIAL;008-DEPARTAMENTO DE PROTEÇÃO SOCIAL ESPECIAL;0018-Proteção Social e Garantia de Direitos​;2.016-Manutenção de Equipamentos Públicos - Proteção Especial ;3.3.90.39.00-OUTROS SERVIÇOS DE TERCEIROS - PESSOA JURÍDICA;OUTROS SERVIÇOS DE TERCEIRO PESSOA JURÍDICA - PAGAMENTO ANTECIPADO;"8000,00";;vínculo em branco;01.110.0000
1172;14 - SECRETARIA DE ASSISTÊNCIA SOCIAL;008-DEPARTAMENTO DE PROTEÇÃO SOCIAL ESPECIAL;0018-Proteção Social e Garantia de Direitos​;2.016-Manutenção de Equipamentos Públicos - Proteção Especial ;4.4.90.52.00-EQUIPAMENTOS E MATERIAL PERMANENTE;MOBILIÁRIO EM GERAL;"50000,00";;vínculo em branco;01.110.0000
1173;14 - SECRETARIA DE ASSISTÊNCIA SOCIAL;005-FUNDO MUNICIPAL DE ASSISTÊNCIA SOCIAL;0018-Proteção Social e Garantia de Direitos​;2.011-Manutenção de Equipamentos Públicos ;4.4.90.52.00-EQUIPAMENTOS E MATERIAL PERMANENTE;MOBILIÁRIO EM GERAL;"200000,00";;vínculo em branco;01.110.0000
1174;14 - SECRETARIA DE ASSISTÊNCIA SOCIAL;001-GABINETE DA SECRETARIA DE ASSISTÊNCIA SOCIAL;0018-Proteção Social e Garantia de Direitos​;2.041-Ação Transversal de Garantia de Direitos;3.3.50.39.00-OUTROS SERVIÇOS DE TERCEIROS - PESSOA JURÍDICA;;"30000,00";;vínculo em branco;01.110.0000
1175;14 - SECRETARIA DE ASSISTÊNCIA SOCIAL;001-GABINETE DA SECRETARIA DE ASSISTÊNCIA SOCIAL;0018-Proteção Social e Garantia de Direitos​;2.041-Ação Transversal de Garantia de Direitos;3.3.90.30.00-MATERIAL DE CONSUMO;MATERIAL DE EXPEDIENTE;"30000,00";;vínculo em branco;01.110.0000
1176;14 - SECRETARIA DE ASSISTÊNCIA SOCIAL;001-GABINETE DA SECRETARIA DE ASSISTÊNCIA SOCIAL;0018-Proteção Social e Garantia de Direitos​;2.041-Ação Transversal de Garantia de Direitos;3.3.90.39.00-OUTROS SERVIÇOS DE TERCEIROS - PESSOA JURÍDICA;OUTROS SERVIÇOS DE TERCEIROS - PESSOA JURÍDICA;"30000,00";;vínculo em branco;01.110.0000
1177;14 - SECRETARIA DE ASSISTÊNCIA SOCIAL;001-GABINETE DA SECRETARIA DE ASSISTÊNCIA SOCIAL;0018-Proteção Social e Garantia de Direitos​;2.041-Ação Transversal de Garantia de Direitos;4.4.90.52.00-EQUIPAMENTOS E MATERIAL PERMANENTE;"UNIFORMES, TECIDOS E AVIAMENTOS";"30000,00";;vínculo em branco;01.110.0000
1178;14 - SECRETARIA DE ASSISTÊNCIA SOCIAL;001-GABINETE DA SECRETARIA DE ASSISTÊNCIA SOCIAL;0018-Proteção Social e Garantia de Direitos​;2.041-Ação Transversal de Garantia de Direitos;3.3.90.30.00-MATERIAL DE CONSUMO;MATERIAL DE EXPEDIENTE;"30000,00";;vínculo em branco;01.110.0000
1179;14 - SECRETARIA DE ASSISTÊNCIA SOCIAL;001-GABINETE DA SECRETARIA DE ASSISTÊNCIA SOCIAL;0018-Proteção Social e Garantia de Direitos​;2.041-Ação Transversal de Garantia de Direitos;3.3.90.39.00-OUTROS SERVIÇOS DE TERCEIROS - PESSOA JURÍDICA;OUTROS SERVIÇOS DE TERCEIROS - PESSOA JURÍDICA;"50000,00";;vínculo em branco;01.110.0000
1180;14 - SECRETARIA DE ASSISTÊNCIA SOCIAL;001-GABINETE DA SECRETARIA DE ASSISTÊNCIA SOCIAL;0018-Proteção Social e Garantia de Direitos​;2.041-Ação Transversal de Garantia de Direitos;4.4.90.52.00-EQUIPAMENTOS E MATERIAL PERMANENTE;MOBILIÁRIO EM GERAL;"20000,00";;vínculo em branco;01.110.0000
1181;14 - SECRETARIA DE ASSISTÊNCIA SOCIAL;001-GABINETE DA SECRETARIA DE ASSISTÊNCIA SOCIAL;0018-Proteção Social e Garantia de Direitos​;2.041-Ação Transversal de Garantia de Direitos;3.3.90.36.00-OUTROS SERVIÇOS DE TERCEIROS - PESSOA FÍSICA;;"3000,00";;vínculo em branco;01.110.0000
1182;14 - SECRETARIA DE ASSISTÊNCIA SOCIAL;005-FUNDO MUNICIPAL DE ASSISTÊNCIA SOCIAL;0018-Proteção Social e Garantia de Direitos​;2.015-Manutenção de Equipamentos Públicos - Proteção Básica ;4.4.90.52.00-EQUIPAMENTOS E MATERIAL PERMANENTE;APARELHOS E UTENSÍLIOS DOMÉSTICOS;"100000,00";;vínculo em branco;01.110.0000
1183;14 - SECRETARIA DE ASSISTÊNCIA SOCIAL;005-FUNDO MUNICIPAL DE ASSISTÊNCIA SOCIAL;0018-Proteção Social e Garantia de Direitos​;2.016-Manutenção de Equipamentos Públicos - Proteção Especial ;4.4.90.52.00-EQUIPAMENTOS E MATERIAL PERMANENTE;APARELHOS E UTENSÍLIOS DOMÉSTICOS;"100000,00";;vínculo em branco;01.110.0000
1184;14 - SECRETARIA DE ASSISTÊNCIA SOCIAL;005-FUNDO MUNICIPAL DE ASSISTÊNCIA SOCIAL;0018-Proteção Social e Garantia de Direitos​;2.016-Manutenção de Equipamentos Públicos - Proteção Especial ;4.4.90.52.00-EQUIPAMENTOS E MATERIAL PERMANENTE;APARELHOS E UTENSÍLIOS DOMÉSTICOS;"100000,00";;vínculo em branco;01.110.0000
1185;14 - SECRETARIA DE ASSISTÊNCIA SOCIAL;007-DEPARTAMENTO DE PROTEÇÃO SOCIAL BÁSICA;0018-Proteção Social e Garantia de Direitos​;2.015-Manutenção de Equipamentos Públicos - Proteção Básica ;4.4.90.52.00-EQUIPAMENTOS E MATERIAL PERMANENTE;APARELHOS E UTENSÍLIOS DOMÉSTICOS;"30000,00";;vínculo em branco;01.110.0000
1186;14 - SECRETARIA DE ASSISTÊNCIA SOCIAL;008-DEPARTAMENTO DE PROTEÇÃO SOCIAL ESPECIAL;0018-Proteção Social e Garantia de Direitos​;2.016-Manutenção de Equipamentos Públicos - Proteção Especial ;4.4.90.52.00-EQUIPAMENTOS E MATERIAL PERMANENTE;APARELHOS E UTENSÍLIOS DOMÉSTICOS;"30000,00";;vínculo em branco;01.110.0000
1187;14 - SECRETARIA DE ASSISTÊNCIA SOCIAL;005-FUNDO MUNICIPAL DE ASSISTÊNCIA SOCIAL;0018-Proteção Social e Garantia de Direitos​;2.011-Manutenção de Equipamentos Públicos ;4.4.90.52.00-EQUIPAMENTOS E MATERIAL PERMANENTE;EQUIPAMENTOS DE PROCESSAMENTO DE DADOS;"61083,00";;vínculo em branco;01.110.0000
1188;14 - SECRETARIA DE ASSISTÊNCIA SOCIAL;001-CHEFIA DE GABINETE;0001-Administração e Coordenação Geral​;"2.005-Promoção de Eventos, Comunicação e Participação Social ";3.3.90.39.00-OUTROS SERVIÇOS DE TERCEIROS - PESSOA JURÍDICA;;"1,00";;vínculo em branco;01.110.0000
1189;14 - SECRETARIA DE ASSISTÊNCIA SOCIAL;001-CHEFIA DE GABINETE;0001-Administração e Coordenação Geral​;2.006-Representações Oficiais ;3.3.90.33.00-PASSAGENS E DESPESAS COM LOCOMOÇÃO;;"1,00";;vínculo em branco;01.110.0000
1190;14 - SECRETARIA DE ASSISTÊNCIA SOCIAL;001-CHEFIA DE GABINETE;0001-Administração e Coordenação Geral​;2.006-Representações Oficiais ;3.3.90.39.00-OUTROS SERVIÇOS DE TERCEIROS - PESSOA JURÍDICA;;"1,00";;vínculo em branco;01.110.0000
1191;14 - SECRETARIA DE ASSISTÊNCIA SOCIAL;001-CHEFIA DE GABINETE;0001-Administração e Coordenação Geral​;2.011-Manutenção de Equipamentos Públicos ;3.3.90.30.00-MATERIAL DE CONSUMO;;"316225,77";;vínculo em branco;01.110.0000
1192;14 - SECRETARIA DE ASSISTÊNCIA SOCIAL;001-CHEFIA DE GABINETE;0001-Administração e Coordenação Geral​;2.011-Manutenção de Equipamentos Públicos ;3.3.90.39.00-OUTROS SERVIÇOS DE TERCEIROS - PESSOA JURÍDICA;;"57150,50";;vínculo em branco;01.110.0000
1193;14 - SECRETARIA DE ASSISTÊNCIA SOCIAL;001-CHEFIA DE GABINETE;0001-Administração e Coordenação Geral​;2.011-Manutenção de Equipamentos Públicos ;3.3.90.93.00-INDENIZAÇÕES E RESTITUIÇÕES;;"5195,50";;vínculo em branco;01.110.0000
1194;14 - SECRETARIA DE ASSISTÊNCIA SOCIAL;001-CHEFIA DE GABINETE;0001-Administração e Coordenação Geral​;2.011-Manutenção de Equipamentos Públicos ;4.4.90.52.00-EQUIPAMENTOS E MATERIAL PERMANENTE;;"202624,50";;vínculo em branco;01.110.0000
1195;14 - SECRETARIA DE ASSISTÊNCIA SOCIAL;001-CHEFIA DE GABINETE;"0002-Governo Inteligente, Aberto e Inovador​";"2.007-Ampliação e Manutenção de Sistemas de Inteligência, Fiscalização e Tecnologia";3.3.90.40.00-SERVIÇOS DE TECNOLOGIA DA INFORMAÇÃO E COMUNICAÇÃO - PESSOA JURÍDICA;;"1378090,08";;vínculo em branco;01.110.0000
1196;14 - SECRETARIA DE ASSISTÊNCIA SOCIAL;001-CHEFIA DE GABINETE;"0002-Governo Inteligente, Aberto e Inovador​";2.003-Qualificação de Servidores e Processos Institucionais;3.3.90.39.00-OUTROS SERVIÇOS DE TERCEIROS - PESSOA JURÍDICA;;"145475,00";;vínculo em branco;01.110.0000
1197;14 - SECRETARIA DE ASSISTÊNCIA SOCIAL;001-CHEFIA DE GABINETE;0001-Administração e Coordenação Geral​;"2.005-Promoção de Eventos, Comunicação e Participação Social ";3.3.90.30.00-MATERIAL DE CONSUMO;;"15586,50";;vínculo em branco;01.110.0000
1198;14 - SECRETARIA DE ASSISTÊNCIA SOCIAL;001-CHEFIA DE GABINETE;"0002-Governo Inteligente, Aberto e Inovador​";"2.005-Promoção de Eventos, Comunicação e Participação Social ";3.3.90.30.00-MATERIAL DE CONSUMO;;"10391,00";;vínculo em branco;01.110.0000
1199;14 - SECRETARIA DE ASSISTÊNCIA SOCIAL;001-CHEFIA DE GABINETE;"0002-Governo Inteligente, Aberto e Inovador​";"2.005-Promoção de Eventos, Comunicação e Participação Social ";3.3.90.39.00-OUTROS SERVIÇOS DE TERCEIROS - PESSOA JURÍDICA;;"51956,00";;vínculo em branco;01.110.0000
1200;14 - SECRETARIA DE ASSISTÊNCIA SOCIAL;001-CHEFIA DE GABINETE;0018-Proteção Social e Garantia de Direitos​;2.041-Ação Transversal de Garantia de Direitos;3.3.50.39.00-OUTROS SERVIÇOS DE TERCEIROS - PESSOA JURÍDICA;;"1167939,05";;vínculo em branco;01.110.0000
1201;14 - SECRETARIA DE ASSISTÊNCIA SOCIAL;001-CHEFIA DE GABINETE;0018-Proteção Social e Garantia de Direitos​;2.041-Ação Transversal de Garantia de Direitos;3.3.90.30.00-MATERIAL DE CONSUMO;;"20783,00";;vínculo em branco;01.110.0000
1202;14 - SECRETARIA DE ASSISTÊNCIA SOCIAL;001-CHEFIA DE GABINETE;0018-Proteção Social e Garantia de Direitos​;2.041-Ação Transversal de Garantia de Direitos;3.3.90.36.00-OUTROS SERVIÇOS DE TERCEIROS - PESSOA FÍSICA;;"5196,50";;vínculo em branco;01.110.0000
1203;14 - SECRETARIA DE ASSISTÊNCIA SOCIAL;001-CHEFIA DE GABINETE;0018-Proteção Social e Garantia de Direitos​;2.041-Ação Transversal de Garantia de Direitos;3.3.90.39.00-OUTROS SERVIÇOS DE TERCEIROS - PESSOA JURÍDICA;;"31174,00";;vínculo em branco;01.110.0000
1204;14 - SECRETARIA DE ASSISTÊNCIA SOCIAL;001-CHEFIA DE GABINETE;0018-Proteção Social e Garantia de Direitos​;2.041-Ação Transversal de Garantia de Direitos;4.4.50.52.00-EQUIPAMENTOS E MATERIAL PERMANENTE;;"0,00";;vínculo em branco;01.110.0000
1205;14 - SECRETARIA DE ASSISTÊNCIA SOCIAL;001-CHEFIA DE GABINETE;0018-Proteção Social e Garantia de Direitos​;2.041-Ação Transversal de Garantia de Direitos;4.4.90.52.00-EQUIPAMENTOS E MATERIAL PERMANENTE;;"31174,00";;vínculo em branco;01.110.0000
1206;14 - SECRETARIA DE ASSISTÊNCIA SOCIAL;001-CHEFIA DE GABINETE;0018-Proteção Social e Garantia de Direitos​;2.015-Manutenção de Equipamentos Públicos - Proteção Básica ;3.3.90.39.00-OUTROS SERVIÇOS DE TERCEIROS - PESSOA JURÍDICA;;"405612,59";;vínculo em branco;01.110.0000
1207;14 - SECRETARIA DE ASSISTÊNCIA SOCIAL;001-CHEFIA DE GABINETE;0018-Proteção Social e Garantia de Direitos​;2.026-Residências e Internações Compulsórias;3.3.90.39.00-OUTROS SERVIÇOS DE TERCEIROS - PESSOA JURÍDICA;;"1819269,73";;vínculo em branco;01.110.0000
1208;14 - SECRETARIA DE ASSISTÊNCIA SOCIAL;001-CHEFIA DE GABINETE;0018-Proteção Social e Garantia de Direitos​;2.041-Ação Transversal de Garantia de Direitos;3.3.50.39.00-OUTROS SERVIÇOS DE TERCEIROS - PESSOA JURÍDICA;;"0,00";;vínculo em branco;01.110.0000
1209;14 - SECRETARIA DE ASSISTÊNCIA SOCIAL;001-CHEFIA DE GABINETE;0018-Proteção Social e Garantia de Direitos​;2.041-Ação Transversal de Garantia de Direitos;3.3.90.30.00-MATERIAL DE CONSUMO;;"10391,00";;vínculo em branco;01.110.0000
1210;14 - SECRETARIA DE ASSISTÊNCIA SOCIAL;001-CHEFIA DE GABINETE;0018-Proteção Social e Garantia de Direitos​;2.041-Ação Transversal de Garantia de Direitos;3.3.90.36.00-OUTROS SERVIÇOS DE TERCEIROS - PESSOA FÍSICA;;"5195,50";;vínculo em branco;01.110.0000
1211;14 - SECRETARIA DE ASSISTÊNCIA SOCIAL;001-CHEFIA DE GABINETE;0018-Proteção Social e Garantia de Direitos​;2.041-Ação Transversal de Garantia de Direitos;3.3.90.39.00-OUTROS SERVIÇOS DE TERCEIROS - PESSOA JURÍDICA;;"83128,00";;vínculo em branco;01.110.0000
1212;14 - SECRETARIA DE ASSISTÊNCIA SOCIAL;001-CHEFIA DE GABINETE;0018-Proteção Social e Garantia de Direitos​;2.041-Ação Transversal de Garantia de Direitos;4.4.50.51.00-OBRAS E INSTALAÇÕES;;"0,00";;vínculo em branco;01.110.0000
1213;14 - SECRETARIA DE ASSISTÊNCIA SOCIAL;001-CHEFIA DE GABINETE;0018-Proteção Social e Garantia de Direitos​;2.041-Ação Transversal de Garantia de Direitos;4.4.50.52.00-EQUIPAMENTOS E MATERIAL PERMANENTE;;"0,00";;vínculo em branco;01.110.0000
1214;14 - SECRETARIA DE ASSISTÊNCIA SOCIAL;001-CHEFIA DE GABINETE;0018-Proteção Social e Garantia de Direitos​;2.041-Ação Transversal de Garantia de Direitos;4.4.90.52.00-EQUIPAMENTOS E MATERIAL PERMANENTE;;"20782,00";;vínculo em branco;01.110.0000
1215;14 - SECRETARIA DE ASSISTÊNCIA SOCIAL;001-CHEFIA DE GABINETE;0018-Proteção Social e Garantia de Direitos​;2.027-Intermediação Profissional ;3.3.90.39.00-OUTROS SERVIÇOS DE TERCEIROS - PESSOA JURÍDICA;;"3212030,92";;vínculo em branco;01.110.0000
1216;14 - SECRETARIA DE ASSISTÊNCIA SOCIAL;001-CHEFIA DE GABINETE;0019-Segurança Alimentar e Combate à Pobreza​;2.024-Distribuição de Alimentos e Benefícios para as Famílias em Situação de Vulnerabilidade;3.3.90.48.00 - OUTROS AUXILIOS FINANCEIROS A PESSOAS FISICAS;;"60000000,00";;vínculo em branco;01.110.0000
1217;14 - SECRETARIA DE ASSISTÊNCIA SOCIAL;005-FUNDO MUNICIPAL DE ASSISTÊNCIA SOCIAL;"0002-Governo Inteligente, Aberto e Inovador​";2.003-Qualificação de Servidores e Processos Institucionais;3.3.90.39.00-OUTROS SERVIÇOS DE TERCEIROS - PESSOA JURÍDICA;;"145474,00";;vínculo em branco;01.110.0000
1218;14 - SECRETARIA DE ASSISTÊNCIA SOCIAL;005-FUNDO MUNICIPAL DE ASSISTÊNCIA SOCIAL;"0002-Governo Inteligente, Aberto e Inovador​";"2.005-Promoção de Eventos, Comunicação e Participação Social ";3.3.90.30.00-MATERIAL DE CONSUMO;;"159329,36";;vínculo em branco;01.110.0000
1219;14 - SECRETARIA DE ASSISTÊNCIA SOCIAL;005-FUNDO MUNICIPAL DE ASSISTÊNCIA SOCIAL;"0002-Governo Inteligente, Aberto e Inovador​";"2.005-Promoção de Eventos, Comunicação e Participação Social ";3.3.90.39.00-OUTROS SERVIÇOS DE TERCEIROS - PESSOA JURÍDICA;;"318658,72";;vínculo em branco;01.110.0000
1220;14 - SECRETARIA DE ASSISTÊNCIA SOCIAL;005-FUNDO MUNICIPAL DE ASSISTÊNCIA SOCIAL;0018-Proteção Social e Garantia de Direitos​;2.011-Manutenção de Equipamentos Públicos ;3.3.90.30.00-MATERIAL DE CONSUMO;;"12988,75";;vínculo em branco;01.110.0000
1221;14 - SECRETARIA DE ASSISTÊNCIA SOCIAL;005-FUNDO MUNICIPAL DE ASSISTÊNCIA SOCIAL;0018-Proteção Social e Garantia de Direitos​;2.011-Manutenção de Equipamentos Públicos ;3.3.90.39.00-OUTROS SERVIÇOS DE TERCEIROS - PESSOA JURÍDICA;;"12988,75";;vínculo em branco;01.110.0000
1222;14 - SECRETARIA DE ASSISTÊNCIA SOCIAL;005-FUNDO MUNICIPAL DE ASSISTÊNCIA SOCIAL;0018-Proteção Social e Garantia de Direitos​;2.011-Manutenção de Equipamentos Públicos ;4.4.90.52.00-EQUIPAMENTOS E MATERIAL PERMANENTE;;"12988,75";;vínculo em branco;01.110.0000
1223;14 - SECRETARIA DE ASSISTÊNCIA SOCIAL;005-FUNDO MUNICIPAL DE ASSISTÊNCIA SOCIAL;0018-Proteção Social e Garantia de Direitos​;2.015-Manutenção de Equipamentos Públicos - Proteção Básica ;4.4.90.52.00-EQUIPAMENTOS E MATERIAL PERMANENTE;;"0,00";;vínculo em branco;01.110.0000
1224;14 - SECRETARIA DE ASSISTÊNCIA SOCIAL;005-FUNDO MUNICIPAL DE ASSISTÊNCIA SOCIAL;0018-Proteção Social e Garantia de Direitos​;"2.005-Promoção de Eventos, Comunicação e Participação Social ";3.3.90.30.00-MATERIAL DE CONSUMO;;"633851,00";;vínculo em branco;01.110.0000
1225;14 - SECRETARIA DE ASSISTÊNCIA SOCIAL;005-FUNDO MUNICIPAL DE ASSISTÊNCIA SOCIAL;0018-Proteção Social e Garantia de Direitos​;"2.005-Promoção de Eventos, Comunicação e Participação Social ";3.3.90.39.00-OUTROS SERVIÇOS DE TERCEIROS - PESSOA JURÍDICA;;"519553,00";;vínculo em branco;01.110.0000
1226;14 - SECRETARIA DE ASSISTÊNCIA SOCIAL;005-FUNDO MUNICIPAL DE ASSISTÊNCIA SOCIAL;0018-Proteção Social e Garantia de Direitos​;2.015-Manutenção de Equipamentos Públicos - Proteção Básica ;3.3.50.39.00-OUTROS SERVIÇOS DE TERCEIROS - PESSOA JURÍDICA;;"4601000,00";;vínculo em branco;01.110.0000
1227;14 - SECRETARIA DE ASSISTÊNCIA SOCIAL;005-FUNDO MUNICIPAL DE ASSISTÊNCIA SOCIAL;0018-Proteção Social e Garantia de Direitos​;2.015-Manutenção de Equipamentos Públicos - Proteção Básica ;3.3.90.30.00-MATERIAL DE CONSUMO;;"684762,95";;vínculo em branco;01.110.0000
1228;14 - SECRETARIA DE ASSISTÊNCIA SOCIAL;005-FUNDO MUNICIPAL DE ASSISTÊNCIA SOCIAL;0018-Proteção Social e Garantia de Direitos​;2.015-Manutenção de Equipamentos Públicos - Proteção Básica ;3.3.90.39.00-OUTROS SERVIÇOS DE TERCEIROS - PESSOA JURÍDICA;;"609033,41";;vínculo em branco;01.110.0000
1229;14 - SECRETARIA DE ASSISTÊNCIA SOCIAL;005-FUNDO MUNICIPAL DE ASSISTÊNCIA SOCIAL;0018-Proteção Social e Garantia de Direitos​;2.015-Manutenção de Equipamentos Públicos - Proteção Básica ;3.3.90.93.00-INDENIZAÇÕES E RESTITUIÇÕES;;"36368,50";;vínculo em branco;01.110.0000
1230;14 - SECRETARIA DE ASSISTÊNCIA SOCIAL;005-FUNDO MUNICIPAL DE ASSISTÊNCIA SOCIAL;0018-Proteção Social e Garantia de Direitos​;2.015-Manutenção de Equipamentos Públicos - Proteção Básica ;4.4.50.52.00-EQUIPAMENTOS E MATERIAL PERMANENTE;;"1,00";;vínculo em branco;01.110.0000
1231;14 - SECRETARIA DE ASSISTÊNCIA SOCIAL;005-FUNDO MUNICIPAL DE ASSISTÊNCIA SOCIAL;0018-Proteção Social e Garantia de Direitos​;2.015-Manutenção de Equipamentos Públicos - Proteção Básica ;4.4.90.52.00-EQUIPAMENTOS E MATERIAL PERMANENTE;;"207820,00";;vínculo em branco;01.110.0000
1232;14 - SECRETARIA DE ASSISTÊNCIA SOCIAL;005-FUNDO MUNICIPAL DE ASSISTÊNCIA SOCIAL;0018-Proteção Social e Garantia de Direitos​;2.016-Manutenção de Equipamentos Públicos - Proteção Especial ;3.3.50.39.00-OUTROS SERVIÇOS DE TERCEIROS - PESSOA JURÍDICA;;"20670361,53";;vínculo em branco;01.110.0000
1233;14 - SECRETARIA DE ASSISTÊNCIA SOCIAL;005-FUNDO MUNICIPAL DE ASSISTÊNCIA SOCIAL;0018-Proteção Social e Garantia de Direitos​;2.016-Manutenção de Equipamentos Públicos - Proteção Especial ;3.3.71.70.00-RATEIO PELA PARTICIPAÇÃO EM CONSÓRCIO PÚBLICO;;"81049,80";;vínculo em branco;01.110.0000
1234;14 - SECRETARIA DE ASSISTÊNCIA SOCIAL;005-FUNDO MUNICIPAL DE ASSISTÊNCIA SOCIAL;0018-Proteção Social e Garantia de Direitos​;2.016-Manutenção de Equipamentos Públicos - Proteção Especial ;3.3.90.30.00-MATERIAL DE CONSUMO;;"2370682,82";;vínculo em branco;01.110.0000
1235;14 - SECRETARIA DE ASSISTÊNCIA SOCIAL;005-FUNDO MUNICIPAL DE ASSISTÊNCIA SOCIAL;0018-Proteção Social e Garantia de Direitos​;2.016-Manutenção de Equipamentos Públicos - Proteção Especial ;3.3.90.39.00-OUTROS SERVIÇOS DE TERCEIROS - PESSOA JURÍDICA;;"727348,50";;vínculo em branco;01.110.0000
1236;14 - SECRETARIA DE ASSISTÊNCIA SOCIAL;005-FUNDO MUNICIPAL DE ASSISTÊNCIA SOCIAL;0018-Proteção Social e Garantia de Direitos​;2.016-Manutenção de Equipamentos Públicos - Proteção Especial ;3.3.90.48.00 - OUTROS AUXILIOS FINANCEIROS A PESSOAS FISICAS;;"1436588,96";;vínculo em branco;01.110.0000
1237;14 - SECRETARIA DE ASSISTÊNCIA SOCIAL;005-FUNDO MUNICIPAL DE ASSISTÊNCIA SOCIAL;0018-Proteção Social e Garantia de Direitos​;2.016-Manutenção de Equipamentos Públicos - Proteção Especial ;3.3.90.93.00-INDENIZAÇÕES E RESTITUIÇÕES;;"83128,00";;vínculo em branco;01.110.0000
1238;14 - SECRETARIA DE ASSISTÊNCIA SOCIAL;005-FUNDO MUNICIPAL DE ASSISTÊNCIA SOCIAL;0018-Proteção Social e Garantia de Direitos​;2.016-Manutenção de Equipamentos Públicos - Proteção Especial ;4.4.50.52.00-EQUIPAMENTOS E MATERIAL PERMANENTE;;"920852,97";;vínculo em branco;01.110.0000
1239;14 - SECRETARIA DE ASSISTÊNCIA SOCIAL;005-FUNDO MUNICIPAL DE ASSISTÊNCIA SOCIAL;0018-Proteção Social e Garantia de Direitos​;2.016-Manutenção de Equipamentos Públicos - Proteção Especial ;4.4.71.70.00-RATEIO PELA PARTICIPAÇÃO EM CONSÓRCIO PÚBLICO;;"9351,90";;vínculo em branco;01.110.0000
1240;14 - SECRETARIA DE ASSISTÊNCIA SOCIAL;005-FUNDO MUNICIPAL DE ASSISTÊNCIA SOCIAL;0018-Proteção Social e Garantia de Direitos​;2.016-Manutenção de Equipamentos Públicos - Proteção Especial ;4.4.90.52.00-EQUIPAMENTOS E MATERIAL PERMANENTE;;"311729,96";;vínculo em branco;01.110.0000
1241;14 - SECRETARIA DE ASSISTÊNCIA SOCIAL;005-FUNDO MUNICIPAL DE ASSISTÊNCIA SOCIAL;0018-Proteção Social e Garantia de Direitos​;2.024-Distribuição de Alimentos e Benefícios para as Famílias em Situação de Vulnerabilidade;3.3.90.30.00-MATERIAL DE CONSUMO;;"102369,01";;vínculo em branco;01.110.0000
1242;14 - SECRETARIA DE ASSISTÊNCIA SOCIAL;005-FUNDO MUNICIPAL DE ASSISTÊNCIA SOCIAL;0018-Proteção Social e Garantia de Direitos​;2.024-Distribuição de Alimentos e Benefícios para as Famílias em Situação de Vulnerabilidade;3.3.90.39.00-OUTROS SERVIÇOS DE TERCEIROS - PESSOA JURÍDICA;;"773194,08";;vínculo em branco;01.110.0000
1243;14 - SECRETARIA DE ASSISTÊNCIA SOCIAL;005-FUNDO MUNICIPAL DE ASSISTÊNCIA SOCIAL;0018-Proteção Social e Garantia de Direitos​;2.024-Distribuição de Alimentos e Benefícios para as Famílias em Situação de Vulnerabilidade;3.3.90.93.00-INDENIZAÇÕES E RESTITUIÇÕES;;"10391,00";;vínculo em branco;01.110.0000
1244;14 - SECRETARIA DE ASSISTÊNCIA SOCIAL;005-FUNDO MUNICIPAL DE ASSISTÊNCIA SOCIAL;0018-Proteção Social e Garantia de Direitos​;2.024-Distribuição de Alimentos e Benefícios para as Famílias em Situação de Vulnerabilidade;4.4.90.52.00-EQUIPAMENTOS E MATERIAL PERMANENTE;;"181842,50";;vínculo em branco;01.110.0000
1245;14 - SECRETARIA DE ASSISTÊNCIA SOCIAL;007-DEPARTAMENTO DE PROTEÇÃO SOCIAL BÁSICA;0018-Proteção Social e Garantia de Direitos​;"2.005-Promoção de Eventos, Comunicação e Participação Social ";3.3.90.30.00-MATERIAL DE CONSUMO;;"62346,00";;vínculo em branco;01.110.0000
1246;14 - SECRETARIA DE ASSISTÊNCIA SOCIAL;007-DEPARTAMENTO DE PROTEÇÃO SOCIAL BÁSICA;0018-Proteção Social e Garantia de Direitos​;"2.005-Promoção de Eventos, Comunicação e Participação Social ";3.3.90.39.00-OUTROS SERVIÇOS DE TERCEIROS - PESSOA JURÍDICA;;"5196,50";;vínculo em branco;01.110.0000
1247;14 - SECRETARIA DE ASSISTÊNCIA SOCIAL;007-DEPARTAMENTO DE PROTEÇÃO SOCIAL BÁSICA;0018-Proteção Social e Garantia de Direitos​;2.015-Manutenção de Equipamentos Públicos - Proteção Básica ;3.3.90.30.00-MATERIAL DE CONSUMO;;"108998,26";;vínculo em branco;01.110.0000
1248;14 - SECRETARIA DE ASSISTÊNCIA SOCIAL;007-DEPARTAMENTO DE PROTEÇÃO SOCIAL BÁSICA;0018-Proteção Social e Garantia de Direitos​;2.015-Manutenção de Equipamentos Públicos - Proteção Básica ;3.3.90.39.00-OUTROS SERVIÇOS DE TERCEIROS - PESSOA JURÍDICA;;"1,00";;vínculo em branco;01.110.0000
1249;14 - SECRETARIA DE ASSISTÊNCIA SOCIAL;007-DEPARTAMENTO DE PROTEÇÃO SOCIAL BÁSICA;0018-Proteção Social e Garantia de Direitos​;2.015-Manutenção de Equipamentos Públicos - Proteção Básica ;3.3.90.93.00-INDENIZAÇÕES E RESTITUIÇÕES;;"5195,50";;vínculo em branco;01.110.0000
1250;14 - SECRETARIA DE ASSISTÊNCIA SOCIAL;007-DEPARTAMENTO DE PROTEÇÃO SOCIAL BÁSICA;0018-Proteção Social e Garantia de Direitos​;2.015-Manutenção de Equipamentos Públicos - Proteção Básica ;4.4.90.52.00-EQUIPAMENTOS E MATERIAL PERMANENTE;;"62345,92";;vínculo em branco;01.110.0000
1251;14 - SECRETARIA DE ASSISTÊNCIA SOCIAL;008-DIRETORIA GERAL DE ATENÇÃO PRIMÁRIA EM SAÚDE;0018-Proteção Social e Garantia de Direitos​;"2.005-Promoção de Eventos, Comunicação e Participação Social ";3.3.90.39.00-OUTROS SERVIÇOS DE TERCEIROS - PESSOA JURÍDICA;;"157014,21";;vínculo em branco;01.110.0000
1252;14 - SECRETARIA DE ASSISTÊNCIA SOCIAL;008-DIRETORIA GERAL DE ATENÇÃO PRIMÁRIA EM SAÚDE;0018-Proteção Social e Garantia de Direitos​;2.016-Manutenção de Equipamentos Públicos - Proteção Especial ;3.3.90.30.00-MATERIAL DE CONSUMO;;"409637,05";;vínculo em branco;01.110.0000
1253;14 - SECRETARIA DE ASSISTÊNCIA SOCIAL;008-DIRETORIA GERAL DE ATENÇÃO PRIMÁRIA EM SAÚDE;0018-Proteção Social e Garantia de Direitos​;2.016-Manutenção de Equipamentos Públicos - Proteção Especial ;3.3.90.48.00 - OUTROS AUXILIOS FINANCEIROS A PESSOAS FISICAS;;"171109,96";;vínculo em branco;01.110.0000
1254;14 - SECRETARIA DE ASSISTÊNCIA SOCIAL;008-DIRETORIA GERAL DE ATENÇÃO PRIMÁRIA EM SAÚDE;0018-Proteção Social e Garantia de Direitos​;2.016-Manutenção de Equipamentos Públicos - Proteção Especial ;3.3.90.93.00-INDENIZAÇÕES E RESTITUIÇÕES;;"10391,00";;vínculo em branco;01.110.0000
1255;14 - SECRETARIA DE ASSISTÊNCIA SOCIAL;008-DIRETORIA GERAL DE ATENÇÃO PRIMÁRIA EM SAÚDE;0018-Proteção Social e Garantia de Direitos​;2.016-Manutenção de Equipamentos Públicos - Proteção Especial ;4.4.90.52.00-EQUIPAMENTOS E MATERIAL PERMANENTE;;"259775,00";;vínculo em branco;01.110.0000
1256;14 - SECRETARIA DE ASSISTÊNCIA SOCIAL;001-CHEFIA DE GABINETE;0019-Segurança Alimentar e Combate à Pobreza​;2.024-Distribuição de Alimentos e Benefícios para as Famílias em Situação de Vulnerabilidade;3.3.90.39.00-OUTROS SERVIÇOS DE TERCEIROS - PESSOA JURÍDICA;;"0,00";;vínculo em branco;01.110.0000
1257;14 - SECRETARIA DE ASSISTÊNCIA SOCIAL;005-FUNDO MUNICIPAL DE ASSISTÊNCIA SOCIAL;0018-Proteção Social e Garantia de Direitos​;2.011-Manutenção de Equipamentos Públicos ;3.3.90.39.00-OUTROS SERVIÇOS DE TERCEIROS - PESSOA JURÍDICA;;"0,00";;vínculo em branco;01.110.0000
1258;14 - SECRETARIA DE ASSISTÊNCIA SOCIAL;005-FUNDO MUNICIPAL DE ASSISTÊNCIA SOCIAL;0018-Proteção Social e Garantia de Direitos​;2.016-Manutenção de Equipamentos Públicos - Proteção Especial ;3.3.90.36.00-OUTROS SERVIÇOS DE TERCEIROS - PESSOA FÍSICA;;"0,00";;vínculo em branco;01.110.0000
1259;14 - SECRETARIA DE ASSISTÊNCIA SOCIAL;008-DIRETORIA GERAL DE ATENÇÃO PRIMÁRIA EM SAÚDE;0018-Proteção Social e Garantia de Direitos​;2.016-Manutenção de Equipamentos Públicos - Proteção Especial ;3.3.90.39.00-OUTROS SERVIÇOS DE TERCEIROS - PESSOA JURÍDICA;;"0,00";;vínculo em branco;01.110.0000
1260;14 - SECRETARIA DE ASSISTÊNCIA SOCIAL;001-CHEFIA DE GABINETE;0004-Planejamento e Gestão de Políticas Públicas ;"1.001-Estudos, Pesquisas, Planos e Projetos ";3.3.90.35.00-SERVIÇOS DE CONSULTORIA;;"1,00";;vínculo em branco;01.110.0000
1261;14 - SECRETARIA DE ASSISTÊNCIA SOCIAL;001-CHEFIA DE GABINETE;0001-Administração e Coordenação Geral​;"2.001-Remuneração, Benefícios e Encargos";3.1.90.11.00;;"35886548,16";;vínculo em branco;01.110.0000
1262;14 - SECRETARIA DE ASSISTÊNCIA SOCIAL;001-CHEFIA DE GABINETE;0001-Administração e Coordenação Geral​;"2.001-Remuneração, Benefícios e Encargos";3.1.90.13.00;;"3163862,52";;vínculo em branco;01.110.0000
1263;14 - SECRETARIA DE ASSISTÊNCIA SOCIAL;001-CHEFIA DE GABINETE;0001-Administração e Coordenação Geral​;"2.001-Remuneração, Benefícios e Encargos";3.1.91.13.00;;"7065888,79";;vínculo em branco;01.110.0000
1264;14 - SECRETARIA DE ASSISTÊNCIA SOCIAL;001-CHEFIA DE GABINETE;0001-Administração e Coordenação Geral​;"2.001-Remuneração, Benefícios e Encargos";3.3.90.46.00;;"2,08";;vínculo em branco;01.110.0000
1265;14 - SECRETARIA DE ASSISTÊNCIA SOCIAL;001-CHEFIA DE GABINETE;0001-Administração e Coordenação Geral​;"2.001-Remuneração, Benefícios e Encargos";3.3.90.49.00;;"1033963,71";;vínculo em branco;01.110.0000
1266;14 - SECRETARIA DE ASSISTÊNCIA SOCIAL;001-CHEFIA DE GABINETE;0001-Administração e Coordenação Geral​;1.002-Reforma e Ampliação de Unidades;3.3.90.39.00-OUTROS SERVIÇOS DE TERCEIROS - PESSOA JURÍDICA;;"1,00";;vínculo em branco;01.110.0000
1267;14 - SECRETARIA DE ASSISTÊNCIA SOCIAL;007-DEPARTAMENTO DE PROTEÇÃO SOCIAL BÁSICA;0018-Proteção Social e Garantia de Direitos​;1.003-Implantação de Novas Unidades;3.3.90.39.00-OUTROS SERVIÇOS DE TERCEIROS - PESSOA JURÍDICA;;"311730,00";;vínculo em branco;01.110.0000
1268;14 - SECRETARIA DE ASSISTÊNCIA SOCIAL;008-DIRETORIA GERAL DE ATENÇÃO PRIMÁRIA EM SAÚDE;0018-Proteção Social e Garantia de Direitos​;1.002-Reforma e Ampliação de Unidades;3.3.90.30.00-MATERIAL DE CONSUMO;;"1,00";;vínculo em branco;01.110.0000
1269;14 - SECRETARIA DE ASSISTÊNCIA SOCIAL;001-CHEFIA DE GABINETE;0001-Administração e Coordenação Geral​;"1.001-Estudos, Pesquisas, Planos e Projetos ";3.3.90.39.00-OUTROS SERVIÇOS DE TERCEIROS - PESSOA JURÍDICA;;"0,00";;vínculo em branco;01.110.0000
1270;14 - SECRETARIA DE ASSISTÊNCIA SOCIAL;001-CHEFIA DE GABINETE;0004-Planejamento e Gestão de Políticas Públicas ;"1.001-Estudos, Pesquisas, Planos e Projetos ";3.3.90.40.00-SERVIÇOS DE TECNOLOGIA DA INFORMAÇÃO E COMUNICAÇÃO - PESSOA JURÍDICA;;"0,00";;vínculo em branco;01.110.0000
1271;14 - SECRETARIA DE ASSISTÊNCIA SOCIAL;008-DIRETORIA GERAL DE ATENÇÃO PRIMÁRIA EM SAÚDE;0018-Proteção Social e Garantia de Direitos​;1.002-Reforma e Ampliação de Unidades;3.3.90.39.00-OUTROS SERVIÇOS DE TERCEIROS - PESSOA JURÍDICA;;"0,00";;vínculo em branco;01.110.0000
1272;14 - SECRETARIA DE ASSISTÊNCIA SOCIAL;001- GABINETE DA SECRETARIA DE ASSISTÊNCIA SOCIAL;0001-Administração e Coordenação Geral​;"2.001-Remuneração, Benefícios e Encargos";3.1.90.11.00;FOLHA DE PAGAMENTO;"38605281,98";;vínculo em branco;01.110.0000
1273;14 - SECRETARIA DE ASSISTÊNCIA SOCIAL;001- GABINETE DA SECRETARIA DE ASSISTÊNCIA SOCIAL;0001-Administração e Coordenação Geral​;"2.001-Remuneração, Benefícios e Encargos";3.1.90.13.00;FOLHA DE PAGAMENTO;"1109500,65";;vínculo em branco;01.110.0000
1274;14 - SECRETARIA DE ASSISTÊNCIA SOCIAL;001- GABINETE DA SECRETARIA DE ASSISTÊNCIA SOCIAL;0001-Administração e Coordenação Geral​;"2.001-Remuneração, Benefícios e Encargos";3.1.91.13.00;FOLHA DE PAGAMENTO;"7051250,31";;vínculo em branco;01.110.0000
1275;14 - SECRETARIA DE ASSISTÊNCIA SOCIAL;001- GABINETE DA SECRETARIA DE ASSISTÊNCIA SOCIAL;0001-Administração e Coordenação Geral​;"2.001-Remuneração, Benefícios e Encargos";3.3.90.49.00;FOLHA DE PAGAMENTO;"736791,49";;vínculo em branco;01.110.0000
1276;14 - SECRETARIA DE ASSISTÊNCIA SOCIAL;001-CHEFIA DE GABINETE;0019-Segurança Alimentar e Combate à Pobreza​;2.024-Distribuição de Alimentos e Benefícios para as Famílias em Situação de Vulnerabilidade;3.3.90.48.00 - OUTROS AUXILIOS FINANCEIROS A PESSOAS FISICAS;;"60000000,00";;vínculo em branco;01.110.0000
1277;14 - SECRETARIA DE ASSISTÊNCIA SOCIAL;005-FUNDO MUNICIPAL DE ASSISTÊNCIA SOCIAL;0018-Proteção Social e Garantia de Direitos​;2.016-Manutenção de Equipamentos Públicos - Proteção Especial ;3.3.90.48.00 - OUTROS AUXILIOS FINANCEIROS A PESSOAS FISICAS;;"1436588,96";;vínculo em branco;01.110.0000
1278;14 - SECRETARIA DE ASSISTÊNCIA SOCIAL;008-DIRETORIA GERAL DE ATENÇÃO PRIMÁRIA EM SAÚDE;0018-Proteção Social e Garantia de Direitos​;2.016-Manutenção de Equipamentos Públicos - Proteção Especial ;3.3.90.48.00 - OUTROS AUXILIOS FINANCEIROS A PESSOAS FISICAS;;"171109,96";;vínculo em branco;01.110.0000
1293;15 - SECRETARIA DA CULTURA;001-CHEFIA DE GABINETE;0001-Administração e Coordenação Geral​;2.006-Representações Oficiais ;3.3.90.33.00-PASSAGENS E DESPESAS COM LOCOMOÇÃO;;"1,00";;vínculo em branco;01.110.0000
1294;15 - SECRETARIA DA CULTURA;001-CHEFIA DE GABINETE;0001-Administração e Coordenação Geral​;2.006-Representações Oficiais ;3.3.90.39.00-OUTROS SERVIÇOS DE TERCEIROS - PESSOA JURÍDICA;;"1,00";;vínculo em branco;01.110.0000
1295;15 - SECRETARIA DA CULTURA;001-CHEFIA DE GABINETE;"0002-Governo Inteligente, Aberto e Inovador​";2.003-Qualificação de Servidores e Processos Institucionais;3.3.90.36.00-OUTROS SERVIÇOS DE TERCEIROS - PESSOA FÍSICA;;"1,00";;vínculo em branco;01.110.0000
1296;15 - SECRETARIA DA CULTURA;001-CHEFIA DE GABINETE;"0002-Governo Inteligente, Aberto e Inovador​";2.003-Qualificação de Servidores e Processos Institucionais;3.3.90.39.00-OUTROS SERVIÇOS DE TERCEIROS - PESSOA JURÍDICA;;"1,00";;vínculo em branco;01.110.0000
1297;15 - SECRETARIA DA CULTURA;001-CHEFIA DE GABINETE;"0002-Governo Inteligente, Aberto e Inovador​";"2.005-Promoção de Eventos, Comunicação e Participação Social ";3.3.50.39.00-OUTROS SERVIÇOS DE TERCEIROS - PESSOA JURÍDICA;;"0,00";;vínculo em branco;01.110.0000
1298;15 - SECRETARIA DA CULTURA;001-CHEFIA DE GABINETE;"0002-Governo Inteligente, Aberto e Inovador​";"2.005-Promoção de Eventos, Comunicação e Participação Social ";3.3.90.30.00-MATERIAL DE CONSUMO;;"311730,00";;vínculo em branco;01.110.0000
1299;15 - SECRETARIA DA CULTURA;001-CHEFIA DE GABINETE;"0002-Governo Inteligente, Aberto e Inovador​";"2.005-Promoção de Eventos, Comunicação e Participação Social ";3.3.90.39.00-OUTROS SERVIÇOS DE TERCEIROS - PESSOA JURÍDICA;;"979845,93";;vínculo em branco;01.110.0000
1300;15 - SECRETARIA DA CULTURA;001-CHEFIA DE GABINETE;"0009-Cultura, Economia Criativa e Patrimônio Histórico​";2.033-Fortalecimento da Economia Criativa e Solidária ;3.3.90.30.00-MATERIAL DE CONSUMO;;"48639,23";;vínculo em branco;01.110.0000
1301;15 - SECRETARIA DA CULTURA;001-CHEFIA DE GABINETE;"0009-Cultura, Economia Criativa e Patrimônio Histórico​";2.029-Valorização do Patrimônio Histórico-Cultural;3.3.50.43.00;;"1,00";;vínculo em branco;01.110.0000
1302;15 - SECRETARIA DA CULTURA;001-CHEFIA DE GABINETE;"0009-Cultura, Economia Criativa e Patrimônio Histórico​";2.029-Valorização do Patrimônio Histórico-Cultural;3.3.90.39.00-OUTROS SERVIÇOS DE TERCEIROS - PESSOA JURÍDICA;;"4548,11";;vínculo em branco;01.110.0000
1303;15 - SECRETARIA DA CULTURA;001-CHEFIA DE GABINETE;"0009-Cultura, Economia Criativa e Patrimônio Histórico​";2.011-Manutenção de Equipamentos Públicos ;3.3.90.30.00-MATERIAL DE CONSUMO;;"94558,10";;vínculo em branco;01.110.0000
1304;15 - SECRETARIA DA CULTURA;001-CHEFIA DE GABINETE;"0009-Cultura, Economia Criativa e Patrimônio Histórico​";2.011-Manutenção de Equipamentos Públicos ;3.3.90.39.00-OUTROS SERVIÇOS DE TERCEIROS - PESSOA JURÍDICA;;"113463,30";;vínculo em branco;01.110.0000
1305;15 - SECRETARIA DA CULTURA;001-CHEFIA DE GABINETE;"0009-Cultura, Economia Criativa e Patrimônio Histórico​";2.023-Gestão Compartilhada de Equipamentos Públicos ;3.3.50.39.00-OUTROS SERVIÇOS DE TERCEIROS - PESSOA JURÍDICA;;"8934520,62";;vínculo em branco;01.110.0000
1306;15 - SECRETARIA DA CULTURA;001-CHEFIA DE GABINETE;"0009-Cultura, Economia Criativa e Patrimônio Histórico​";2.023-Gestão Compartilhada de Equipamentos Públicos ;4.4.50.51.00-OBRAS E INSTALAÇÕES;;"2679,07";;vínculo em branco;01.110.0000
1307;15 - SECRETARIA DA CULTURA;001-CHEFIA DE GABINETE;"0009-Cultura, Economia Criativa e Patrimônio Histórico​";2.023-Gestão Compartilhada de Equipamentos Públicos ;4.4.50.52.00-EQUIPAMENTOS E MATERIAL PERMANENTE;;"162696,95";;vínculo em branco;01.110.0000
1308;15 - SECRETARIA DA CULTURA;001-CHEFIA DE GABINETE;"0009-Cultura, Economia Criativa e Patrimônio Histórico​";2.028-Disseminação de Atividades Culturais e Esportivas Decentralizadas;3.3.50.39.00-OUTROS SERVIÇOS DE TERCEIROS - PESSOA JURÍDICA;;"0,00";;vínculo em branco;01.110.0000
1309;15 - SECRETARIA DA CULTURA;001-CHEFIA DE GABINETE;"0009-Cultura, Economia Criativa e Patrimônio Histórico​";2.028-Disseminação de Atividades Culturais e Esportivas Decentralizadas;3.3.90.36.00-OUTROS SERVIÇOS DE TERCEIROS - PESSOA FÍSICA;;"677103,80";;vínculo em branco;01.110.0000
1310;15 - SECRETARIA DA CULTURA;001-CHEFIA DE GABINETE;"0009-Cultura, Economia Criativa e Patrimônio Histórico​";2.028-Disseminação de Atividades Culturais e Esportivas Decentralizadas;3.3.90.39.00-OUTROS SERVIÇOS DE TERCEIROS - PESSOA JURÍDICA;;"224391,00";;vínculo em branco;01.110.0000
1311;15 - SECRETARIA DA CULTURA;002-RECURSOS SOB A SUPERVISÃO DA SECRETARIA DE ADMINISTRAÇÃO;"0009-Cultura, Economia Criativa e Patrimônio Histórico​";2.029-Valorização do Patrimônio Histórico-Cultural;3.3.90.39.00-OUTROS SERVIÇOS DE TERCEIROS - PESSOA JURÍDICA;;"176964,96";;vínculo em branco;01.110.0000
1312;15 - SECRETARIA DA CULTURA;002-RECURSOS SOB A SUPERVISÃO DA SECRETARIA DE ADMINISTRAÇÃO;"0009-Cultura, Economia Criativa e Patrimônio Histórico​";2.011-Manutenção de Equipamentos Públicos ;3.3.90.30.00-MATERIAL DE CONSUMO;;"4156,40";;vínculo em branco;01.110.0000
1313;15 - SECRETARIA DA CULTURA;002-RECURSOS SOB A SUPERVISÃO DA SECRETARIA DE ADMINISTRAÇÃO;"0009-Cultura, Economia Criativa e Patrimônio Histórico​";2.028-Disseminação de Atividades Culturais e Esportivas Decentralizadas;3.3.90.36.00-OUTROS SERVIÇOS DE TERCEIROS - PESSOA FÍSICA;;"555341,76";;vínculo em branco;01.110.0000
1314;15 - SECRETARIA DA CULTURA;002-RECURSOS SOB A SUPERVISÃO DA SECRETARIA DE ADMINISTRAÇÃO;"0009-Cultura, Economia Criativa e Patrimônio Histórico​";2.028-Disseminação de Atividades Culturais e Esportivas Decentralizadas;3.3.90.39.00-OUTROS SERVIÇOS DE TERCEIROS - PESSOA JURÍDICA;;"1,00";;vínculo em branco;01.110.0000
1315;15 - SECRETARIA DA CULTURA;001-CHEFIA DE GABINETE;"0009-Cultura, Economia Criativa e Patrimônio Histórico​";"2.005-Promoção de Eventos, Comunicação e Participação Social ";3.3.90.39.00-OUTROS SERVIÇOS DE TERCEIROS - PESSOA JURÍDICA;;"0,00";;vínculo em branco;01.110.0000
1316;15 - SECRETARIA DA CULTURA;001-CHEFIA DE GABINETE;0001-Administração e Coordenação Geral​;2.011-Manutenção de Equipamentos Públicos ;3.3.90.30.00-MATERIAL DE CONSUMO;;"0,00";;vínculo em branco;01.110.0000
1317;15 - SECRETARIA DA CULTURA;001-CHEFIA DE GABINETE;0004-Planejamento e Gestão de Políticas Públicas ;"1.001-Estudos, Pesquisas, Planos e Projetos ";3.3.90.35.00-SERVIÇOS DE CONSULTORIA;;"1,00";;vínculo em branco;01.110.0000
1318;15 - SECRETARIA DA CULTURA;001-CHEFIA DE GABINETE;0001-Administração e Coordenação Geral​;"2.001-Remuneração, Benefícios e Encargos";3.1.90.11.00;;"8686851,46";;vínculo em branco;01.110.0000
1319;15 - SECRETARIA DA CULTURA;001-CHEFIA DE GABINETE;0001-Administração e Coordenação Geral​;"2.001-Remuneração, Benefícios e Encargos";3.1.90.13.00;;"710124,51";;vínculo em branco;01.110.0000
1320;15 - SECRETARIA DA CULTURA;001-CHEFIA DE GABINETE;0001-Administração e Coordenação Geral​;"2.001-Remuneração, Benefícios e Encargos";3.1.91.13.00;;"1085610,23";;vínculo em branco;01.110.0000
1321;15 - SECRETARIA DA CULTURA;001-CHEFIA DE GABINETE;0001-Administração e Coordenação Geral​;"2.001-Remuneração, Benefícios e Encargos";3.3.90.46.00;;"3,23";;vínculo em branco;01.110.0000
1322;15 - SECRETARIA DA CULTURA;001-CHEFIA DE GABINETE;0001-Administração e Coordenação Geral​;"2.001-Remuneração, Benefícios e Encargos";3.3.90.49.00;;"114722,68";;vínculo em branco;01.110.0000
1323;15 - SECRETARIA DA CULTURA;001-CHEFIA DE GABINETE;"0009-Cultura, Economia Criativa e Patrimônio Histórico​";1.002-Reforma e Ampliação de Unidades;3.3.90.39.00-OUTROS SERVIÇOS DE TERCEIROS - PESSOA JURÍDICA;;"420001,00";;vínculo em branco;01.110.0000
1324;15 - SECRETARIA DA CULTURA;001-CHEFIA DE GABINETE;"0009-Cultura, Economia Criativa e Patrimônio Histórico​";1.002-Reforma e Ampliação de Unidades;4.4.50.51.00-OBRAS E INSTALAÇÕES;;"0,00";;vínculo em branco;01.110.0000
1325;15 - SECRETARIA DA CULTURA;001-CHEFIA DE GABINETE;"0009-Cultura, Economia Criativa e Patrimônio Histórico​";1.002-Reforma e Ampliação de Unidades;4.4.90.52.00-EQUIPAMENTOS E MATERIAL PERMANENTE;;"0,00";;vínculo em branco;01.110.0000
1412;17 - SECRETARIA DE MEIO AMBIENTE E RECURSOS HÍDRICOS;001-CHEFIA DE GABINETE;0001-Administração e Coordenação Geral​;2.006-Representações Oficiais ;3.3.90.33.00-PASSAGENS E DESPESAS COM LOCOMOÇÃO;;"1,00";;vínculo em branco;01.110.0000
1413;17 - SECRETARIA DE MEIO AMBIENTE E RECURSOS HÍDRICOS;001-CHEFIA DE GABINETE;0001-Administração e Coordenação Geral​;2.006-Representações Oficiais ;3.3.90.39.00-OUTROS SERVIÇOS DE TERCEIROS - PESSOA JURÍDICA;;"1,00";;vínculo em branco;01.110.0000
1414;17 - SECRETARIA DE MEIO AMBIENTE E RECURSOS HÍDRICOS;001-CHEFIA DE GABINETE;"0002-Governo Inteligente, Aberto e Inovador​";2.003-Qualificação de Servidores e Processos Institucionais;3.3.90.36.00-OUTROS SERVIÇOS DE TERCEIROS - PESSOA FÍSICA;;"1,00";;vínculo em branco;01.110.0000
1415;17 - SECRETARIA DE MEIO AMBIENTE E RECURSOS HÍDRICOS;001-CHEFIA DE GABINETE;"0002-Governo Inteligente, Aberto e Inovador​";2.003-Qualificação de Servidores e Processos Institucionais;3.3.90.39.00-OUTROS SERVIÇOS DE TERCEIROS - PESSOA JURÍDICA;;"1,00";;vínculo em branco;01.110.0000
1416;17 - SECRETARIA DE MEIO AMBIENTE E RECURSOS HÍDRICOS;001-CHEFIA DE GABINETE;"0002-Governo Inteligente, Aberto e Inovador​";"2.005-Promoção de Eventos, Comunicação e Participação Social ";3.3.90.30.00-MATERIAL DE CONSUMO;;"51955,00";;vínculo em branco;01.110.0000
1417;17 - SECRETARIA DE MEIO AMBIENTE E RECURSOS HÍDRICOS;001-CHEFIA DE GABINETE;"0002-Governo Inteligente, Aberto e Inovador​";"2.005-Promoção de Eventos, Comunicação e Participação Social ";3.3.90.39.00-OUTROS SERVIÇOS DE TERCEIROS - PESSOA JURÍDICA;;"101956,00";;vínculo em branco;01.110.0000
1418;17 - SECRETARIA DE MEIO AMBIENTE E RECURSOS HÍDRICOS;001-CHEFIA DE GABINETE;"0007-Meio Ambiente, Sustentabilidade e Bem-Estar Animal​";2.021-Educação Cidadã;3.3.90.30.00-MATERIAL DE CONSUMO;;"10390,96";;vínculo em branco;01.110.0000
1419;17 - SECRETARIA DE MEIO AMBIENTE E RECURSOS HÍDRICOS;001-CHEFIA DE GABINETE;"0007-Meio Ambiente, Sustentabilidade e Bem-Estar Animal​";2.021-Educação Cidadã;3.3.90.39.00-OUTROS SERVIÇOS DE TERCEIROS - PESSOA JURÍDICA;;"31173,96";;vínculo em branco;01.110.0000
1420;17 - SECRETARIA DE MEIO AMBIENTE E RECURSOS HÍDRICOS;001-CHEFIA DE GABINETE;"0007-Meio Ambiente, Sustentabilidade e Bem-Estar Animal​";2.011-Manutenção de Equipamentos Públicos ;3.3.50.39.00-OUTROS SERVIÇOS DE TERCEIROS - PESSOA JURÍDICA;;"0,00";;vínculo em branco;01.110.0000
1421;17 - SECRETARIA DE MEIO AMBIENTE E RECURSOS HÍDRICOS;001-CHEFIA DE GABINETE;"0007-Meio Ambiente, Sustentabilidade e Bem-Estar Animal​";2.011-Manutenção de Equipamentos Públicos ;3.3.50.85.00-CONTRATO DE GESTÃO;;"8028989,10";;vínculo em branco;01.110.0000
1422;17 - SECRETARIA DE MEIO AMBIENTE E RECURSOS HÍDRICOS;001-CHEFIA DE GABINETE;"0007-Meio Ambiente, Sustentabilidade e Bem-Estar Animal​";2.011-Manutenção de Equipamentos Públicos ;3.3.90.30.00-MATERIAL DE CONSUMO;;"644242,00";;vínculo em branco;01.110.0000
1423;17 - SECRETARIA DE MEIO AMBIENTE E RECURSOS HÍDRICOS;001-CHEFIA DE GABINETE;"0007-Meio Ambiente, Sustentabilidade e Bem-Estar Animal​";2.011-Manutenção de Equipamentos Públicos ;3.3.90.39.00-OUTROS SERVIÇOS DE TERCEIROS - PESSOA JURÍDICA;;"4909140,50";;vínculo em branco;01.110.0000
1424;17 - SECRETARIA DE MEIO AMBIENTE E RECURSOS HÍDRICOS;001-CHEFIA DE GABINETE;"0007-Meio Ambiente, Sustentabilidade e Bem-Estar Animal​";2.011-Manutenção de Equipamentos Públicos ;3.3.90.93.00-INDENIZAÇÕES E RESTITUIÇÕES;;"62346,00";;vínculo em branco;01.110.0000
1425;17 - SECRETARIA DE MEIO AMBIENTE E RECURSOS HÍDRICOS;001-CHEFIA DE GABINETE;"0007-Meio Ambiente, Sustentabilidade e Bem-Estar Animal​";2.011-Manutenção de Equipamentos Públicos ;4.4.90.52.00-EQUIPAMENTOS E MATERIAL PERMANENTE;;"33251,20";;vínculo em branco;01.110.0000
1426;17 - SECRETARIA DE MEIO AMBIENTE E RECURSOS HÍDRICOS;003-FUNDO MUNICIPAL DE MEIO AMBIENTE;"0007-Meio Ambiente, Sustentabilidade e Bem-Estar Animal​";2.021-Educação Cidadã;3.3.90.35.00-SERVIÇOS DE CONSULTORIA;;"1,00";;vínculo em branco;01.110.0000
1427;17 - SECRETARIA DE MEIO AMBIENTE E RECURSOS HÍDRICOS;001-CHEFIA DE GABINETE;"0007-Meio Ambiente, Sustentabilidade e Bem-Estar Animal​";2.011-Manutenção de Equipamentos Públicos ;3.3.90.30.00-MATERIAL DE CONSUMO;;"0,00";;vínculo em branco;01.110.0000
1428;17 - SECRETARIA DE MEIO AMBIENTE E RECURSOS HÍDRICOS;001-CHEFIA DE GABINETE;"0007-Meio Ambiente, Sustentabilidade e Bem-Estar Animal​";2.011-Manutenção de Equipamentos Públicos ;3.3.50.85.00-CONTRATO DE GESTÃO;;"0,00";;vínculo em branco;01.110.0000
1429;17 - SECRETARIA DE MEIO AMBIENTE E RECURSOS HÍDRICOS;001-CHEFIA DE GABINETE;"0007-Meio Ambiente, Sustentabilidade e Bem-Estar Animal​";2.011-Manutenção de Equipamentos Públicos ;3.3.90.39.00-OUTROS SERVIÇOS DE TERCEIROS - PESSOA JURÍDICA;;"0,00";;vínculo em branco;01.110.0000
1430;17 - SECRETARIA DE MEIO AMBIENTE E RECURSOS HÍDRICOS;001-CHEFIA DE GABINETE;"0007-Meio Ambiente, Sustentabilidade e Bem-Estar Animal​";2.011-Manutenção de Equipamentos Públicos ;3.3.90.39.00-OUTROS SERVIÇOS DE TERCEIROS - PESSOA JURÍDICA;;"0,00";;vínculo em branco;01.110.0000
1431;17 - SECRETARIA DE MEIO AMBIENTE E RECURSOS HÍDRICOS;001-CHEFIA DE GABINETE;0001-Administração e Coordenação Geral​;2.011-Manutenção de Equipamentos Públicos ;3.3.90.93.00-INDENIZAÇÕES E RESTITUIÇÕES;;"0,00";;vínculo em branco;01.110.0000
1432;17 - SECRETARIA DE MEIO AMBIENTE E RECURSOS HÍDRICOS;001-CHEFIA DE GABINETE;0001-Administração e Coordenação Geral​;"2.001-Remuneração, Benefícios e Encargos";3.1.90.11.00;;"9452593,88";;vínculo em branco;01.110.0000
1433;17 - SECRETARIA DE MEIO AMBIENTE E RECURSOS HÍDRICOS;001-CHEFIA DE GABINETE;0001-Administração e Coordenação Geral​;"2.001-Remuneração, Benefícios e Encargos";3.1.90.13.00;;"1024161,70";;vínculo em branco;01.110.0000
1434;17 - SECRETARIA DE MEIO AMBIENTE E RECURSOS HÍDRICOS;001-CHEFIA DE GABINETE;0001-Administração e Coordenação Geral​;"2.001-Remuneração, Benefícios e Encargos";3.1.91.13.00;;"790609,54";;vínculo em branco;01.110.0000
1435;17 - SECRETARIA DE MEIO AMBIENTE E RECURSOS HÍDRICOS;001-CHEFIA DE GABINETE;0001-Administração e Coordenação Geral​;"2.001-Remuneração, Benefícios e Encargos";3.3.90.46.00;;"2,24";;vínculo em branco;01.110.0000
1436;17 - SECRETARIA DE MEIO AMBIENTE E RECURSOS HÍDRICOS;001-CHEFIA DE GABINETE;0001-Administração e Coordenação Geral​;"2.001-Remuneração, Benefícios e Encargos";3.3.90.49.00;;"129186,38";;vínculo em branco;01.110.0000
1437;17 - SECRETARIA DE MEIO AMBIENTE E RECURSOS HÍDRICOS;001-CHEFIA DE GABINETE;"0007-Meio Ambiente, Sustentabilidade e Bem-Estar Animal​";1.002-Reforma e Ampliação de Unidades;3.3.90.39.00-OUTROS SERVIÇOS DE TERCEIROS - PESSOA JURÍDICA;;"11001,00";;vínculo em branco;01.110.0000
1438;17 - SECRETARIA DE MEIO AMBIENTE E RECURSOS HÍDRICOS;003-FUNDO MUNICIPAL DE MEIO AMBIENTE;0004-Planejamento e Gestão de Políticas Públicas ;"1.001-Estudos, Pesquisas, Planos e Projetos ";3.3.90.35.00-SERVIÇOS DE CONSULTORIA;;"2,00";;vínculo em branco;01.110.0000
1439;17 - SECRETARIA DE MEIO AMBIENTE E RECURSOS HÍDRICOS;001-CHEFIA DE GABINETE;"0007-Meio Ambiente, Sustentabilidade e Bem-Estar Animal​";"2.001-Remuneração, Benefícios e Encargos";3.3.90.30.00-MATERIAL DE CONSUMO;;"0,00";;vínculo em branco;01.110.0000
1440;17 - SECRETARIA DE MEIO AMBIENTE E RECURSOS HÍDRICOS;003-FUNDO MUNICIPAL DE MEIO AMBIENTE;"0007-Meio Ambiente, Sustentabilidade e Bem-Estar Animal​";"1.001-Estudos, Pesquisas, Planos e Projetos ";3.3.90.39.00-OUTROS SERVIÇOS DE TERCEIROS - PESSOA JURÍDICA;;"0,00";;vínculo em branco;01.110.0000
1502;18 - ENCARGOS/FINANÇAS;001-CHEFIA DE GABINETE;0001-Administração e Coordenação Geral​;2.011-Manutenção de Equipamentos Públicos ;3.3.90.39.00-OUTROS SERVIÇOS DE TERCEIROS - PESSOA JURÍDICA;;"5598002,00";;vínculo em branco;01.110.0000
1503;18 - ENCARGOS/FINANÇAS;001-CHEFIA DE GABINETE;0001-Administração e Coordenação Geral​;2.011-Manutenção de Equipamentos Públicos ;3.3.90.93.00-INDENIZAÇÕES E RESTITUIÇÕES;;"1558650,00";;vínculo em branco;01.110.0000
1504;18 - ENCARGOS/FINANÇAS;001-CHEFIA DE GABINETE;0013-Mobilidade Urbana e Infraestrutura Viária​;2.010-Manutenção do Transporte Coletivo ;3.3.90.93.00-INDENIZAÇÕES E RESTITUIÇÕES;;"45414279,85";;vínculo em branco;01.110.0000
1505;18 - ENCARGOS/ADMINISTRAÇÃO;002-RECURSOS SOB A SUPERVISÃO DA SECRETARIA DE ADMINISTRAÇÃO;0001-Administração e Coordenação Geral​;2.009-Locação de Imóveis;3.3.90.36.00-OUTROS SERVIÇOS DE TERCEIROS - PESSOA FÍSICA;;"7570917,60";;vínculo em branco;01.110.0000
1506;18 - ENCARGOS/ADMINISTRAÇÃO;002-RECURSOS SOB A SUPERVISÃO DA SECRETARIA DE ADMINISTRAÇÃO;0001-Administração e Coordenação Geral​;2.009-Locação de Imóveis;3.3.90.39.00-OUTROS SERVIÇOS DE TERCEIROS - PESSOA JURÍDICA;;"15714539,44";;vínculo em branco;01.110.0000
1507;18 - ENCARGOS/ADMINISTRAÇÃO;002-RECURSOS SOB A SUPERVISÃO DA SECRETARIA DE ADMINISTRAÇÃO;0001-Administração e Coordenação Geral​;2.009-Locação de Imóveis;3.3.90.93.00-INDENIZAÇÕES E RESTITUIÇÕES;;"100000,00";;vínculo em branco;01.110.0000
1508;18 - ENCARGOS/ADMINISTRAÇÃO;002-RECURSOS SOB A SUPERVISÃO DA SECRETARIA DE ADMINISTRAÇÃO;0001-Administração e Coordenação Geral​;2.011-Manutenção de Equipamentos Públicos ;3.3.90.39.00-OUTROS SERVIÇOS DE TERCEIROS - PESSOA JURÍDICA;;"11469391,68";;vínculo em branco;01.110.0000
1509;18 - ENCARGOS/ADMINISTRAÇÃO;002-RECURSOS SOB A SUPERVISÃO DA SECRETARIA DE ADMINISTRAÇÃO;0001-Administração e Coordenação Geral​;2.011-Manutenção de Equipamentos Públicos ;3.3.90.40.00-SERVIÇOS DE TECNOLOGIA DA INFORMAÇÃO E COMUNICAÇÃO - PESSOA JURÍDICA;;"4943460,96";;vínculo em branco;01.110.0000
1510;18 - ENCARGOS/ADMINISTRAÇÃO;002-RECURSOS SOB A SUPERVISÃO DA SECRETARIA DE ADMINISTRAÇÃO;0001-Administração e Coordenação Geral​;2.011-Manutenção de Equipamentos Públicos ;3.3.91.39.00;;"1,00";;vínculo em branco;01.110.0000
1511;18 - ENCARGOS/ADMINISTRAÇÃO;002-RECURSOS SOB A SUPERVISÃO DA SECRETARIA DE ADMINISTRAÇÃO;"0002-Governo Inteligente, Aberto e Inovador​";"2.007-Ampliação e Manutenção de Sistemas de Inteligência, Fiscalização e Tecnologia";3.3.90.40.00-SERVIÇOS DE TECNOLOGIA DA INFORMAÇÃO E COMUNICAÇÃO - PESSOA JURÍDICA;;"8106306,00";;vínculo em branco;01.110.0000
1512;18 - ENCARGOS/ADMINISTRAÇÃO;002-RECURSOS SOB A SUPERVISÃO DA SECRETARIA DE ADMINISTRAÇÃO;0001-Administração e Coordenação Geral​;2.008-Estágio e Aprendizagem;3.3.90.39.00-OUTROS SERVIÇOS DE TERCEIROS - PESSOA JURÍDICA;;"998693,92";;vínculo em branco;01.110.0000
1513;18 - ENCARGOS/ADMINISTRAÇÃO;002-RECURSOS SOB A SUPERVISÃO DA SECRETARIA DE ADMINISTRAÇÃO;0001-Administração e Coordenação Geral​;2.008-Estágio e Aprendizagem;3.3.90.48.00 - OUTROS AUXILIOS FINANCEIROS A PESSOAS FISICAS;;"24120489,91";;vínculo em branco;01.110.0000
1514;18 - ENCARGOS/TECNOLOGIA;003-FUNDO MUNICIPAL DE MEIO AMBIENTE;"0002-Governo Inteligente, Aberto e Inovador​";"2.007-Ampliação e Manutenção de Sistemas de Inteligência, Fiscalização e Tecnologia";3.3.90.30.00-MATERIAL DE CONSUMO;;"207820,00";;vínculo em branco;01.110.0000
1515;18 - ENCARGOS/TECNOLOGIA;003-FUNDO MUNICIPAL DE MEIO AMBIENTE;"0002-Governo Inteligente, Aberto e Inovador​";"2.007-Ampliação e Manutenção de Sistemas de Inteligência, Fiscalização e Tecnologia";3.3.90.39.00-OUTROS SERVIÇOS DE TERCEIROS - PESSOA JURÍDICA;;"311730,00";;vínculo em branco;01.110.0000
1516;18 - ENCARGOS/TECNOLOGIA;003-FUNDO MUNICIPAL DE MEIO AMBIENTE;"0002-Governo Inteligente, Aberto e Inovador​";"2.007-Ampliação e Manutenção de Sistemas de Inteligência, Fiscalização e Tecnologia";3.3.90.40.00-SERVIÇOS DE TECNOLOGIA DA INFORMAÇÃO E COMUNICAÇÃO - PESSOA JURÍDICA;;"96906225,61";;vínculo em branco;01.110.0000
1517;18 - ENCARGOS/TECNOLOGIA;003-FUNDO MUNICIPAL DE MEIO AMBIENTE;"0002-Governo Inteligente, Aberto e Inovador​";"2.007-Ampliação e Manutenção de Sistemas de Inteligência, Fiscalização e Tecnologia";4.4.90.40.00;;"1,00";;vínculo em branco;01.110.0000
1518;18 - ENCARGOS/TECNOLOGIA;003-FUNDO MUNICIPAL DE MEIO AMBIENTE;"0002-Governo Inteligente, Aberto e Inovador​";"2.007-Ampliação e Manutenção de Sistemas de Inteligência, Fiscalização e Tecnologia";4.4.90.52.00-EQUIPAMENTOS E MATERIAL PERMANENTE;;"2297631,90";;vínculo em branco;01.110.0000
1519;18 - ENCARGOS/ADMINISTRAÇÃO;002-RECURSOS SOB A SUPERVISÃO DA SECRETARIA DE ADMINISTRAÇÃO;0001-Administração e Coordenação Geral​;2.011-Manutenção de Equipamentos Públicos ;3.3.90.92.00-DESPESAS DE EXERCÍCIOS ANTERIORES;;"0,00";;vínculo em branco;01.110.0000
1520;18 - ENCARGOS/ADMINISTRAÇÃO;002-RECURSOS SOB A SUPERVISÃO DA SECRETARIA DE ADMINISTRAÇÃO;0001-Administração e Coordenação Geral​;2.011-Manutenção de Equipamentos Públicos ;3.3.90.93.00-INDENIZAÇÕES E RESTITUIÇÕES;;"0,00";;vínculo em branco;01.110.0000
1521;18 - ENCARGOS/ADMINISTRAÇÃO;002-RECURSOS SOB A SUPERVISÃO DA SECRETARIA DE ADMINISTRAÇÃO;0001-Administração e Coordenação Geral​;2.009-Locação de Imóveis;3.3.90.92.00-DESPESAS DE EXERCÍCIOS ANTERIORES;;"0,00";;vínculo em branco;01.110.0000
1522;18 - ENCARGOS/FINANÇAS;001-CHEFIA DE GABINETE;0001-Administração e Coordenação Geral​;2.011-Manutenção de Equipamentos Públicos ;3.3.90.91.00-SENTENÇAS JUDICIAIS;;"0,00";;vínculo em branco;01.110.0000
1523;18 - ENCARGOS/FINANÇAS;001-CHEFIA DE GABINETE;0021- Encargos Especiais;0.001-Serviços da Dívida Pública;3.2.90.21.00;;"79447850,05";;vínculo em branco;01.110.0000
1524;18 - ENCARGOS/FINANÇAS;001-CHEFIA DE GABINETE;0021- Encargos Especiais;0.001-Serviços da Dívida Pública;3.2.90.22.00;;"1000000,00";;vínculo em branco;01.110.0000
1525;18 - ENCARGOS/FINANÇAS;001-CHEFIA DE GABINETE;0021- Encargos Especiais;0.001-Serviços da Dívida Pública;3.2.91.21.00;;"5544936,27";;vínculo em branco;01.110.0000
1526;18 - ENCARGOS/FINANÇAS;001-CHEFIA DE GABINETE;0021- Encargos Especiais;0.001-Serviços da Dívida Pública;4.6.90.71.00;;"142548168,24";;vínculo em branco;01.110.0000
1527;18 - ENCARGOS/FINANÇAS;001-CHEFIA DE GABINETE;0021- Encargos Especiais;0.001-Serviços da Dívida Pública;4.6.91.71.00;;"714039,84";;vínculo em branco;01.110.0000
1528;18 - ENCARGOS/FINANÇAS;001-CHEFIA DE GABINETE;0021- Encargos Especiais;0.002-Obrigações Tributárias e Contributivas;3.3.90.47.00;;"55021000,00";;vínculo em branco;01.110.0000
1529;18 - ENCARGOS/FINANÇAS;001-CHEFIA DE GABINETE;0021- Encargos Especiais;0.002-Obrigações Tributárias e Contributivas;3.3.91.97.00;;"40000000,00";;vínculo em branco;01.110.0000
1530;18 - ENCARGOS/FINANÇAS;001-CHEFIA DE GABINETE;0021- Encargos Especiais;0.003-Precatórios e Sentenças Judiciais;3.1.90.91.00;;"4485130,83";;vínculo em branco;01.110.0000
1531;18 - ENCARGOS/FINANÇAS;001-CHEFIA DE GABINETE;0021- Encargos Especiais;0.003-Precatórios e Sentenças Judiciais;3.3.90.91.00-SENTENÇAS JUDICIAIS;;"2691078,50";;vínculo em branco;01.110.0000
1532;18 - ENCARGOS/FINANÇAS;001-CHEFIA DE GABINETE;0021- Encargos Especiais;0.003-Precatórios e Sentenças Judiciais;4.4.90.91.00;;"1,00";;vínculo em branco;01.110.0000
1533;18 - ENCARGOS/FINANÇAS;001-CHEFIA DE GABINETE;0021- Encargos Especiais;0.003-Precatórios e Sentenças Judiciais;4.6.90.91.00;;"47185370,43";;vínculo em branco;01.110.0000
1534;18 - ENCARGOS/FINANÇAS;001-CHEFIA DE GABINETE;0021- Encargos Especiais;0.003-Precatórios e Sentenças Judiciais;3.1.90.13.00;;"179405,23";;vínculo em branco;01.110.0000
1535;18 - ENCARGOS/FINANÇAS;001-CHEFIA DE GABINETE;0021- Encargos Especiais;0.003-Precatórios e Sentenças Judiciais;3.1.91.13.00;;"53818,90";;vínculo em branco;01.110.0000
1536;18 - ENCARGOS/FINANÇAS;001-CHEFIA DE GABINETE;0021- Encargos Especiais;0.003-Precatórios e Sentenças Judiciais;3.3.90.93.00-INDENIZAÇÕES E RESTITUIÇÕES;;"426087,43";;vínculo em branco;01.110.0000
1537;18 - ENCARGOS/ADMINISTRAÇÃO;002-RECURSOS SOB A SUPERVISÃO DA SECRETARIA DE ADMINISTRAÇÃO;0001-Administração e Coordenação Geral​;"1.001-Estudos, Pesquisas, Planos e Projetos ";3.3.90.35.00-SERVIÇOS DE CONSULTORIA;;"300000,00";;vínculo em branco;01.110.0000
1538;18 - ENCARGOS/ADMINISTRAÇÃO;002-RECURSOS SOB A SUPERVISÃO DA SECRETARIA DE ADMINISTRAÇÃO;0001-Administração e Coordenação Geral​;1.002-Reforma e Ampliação de Unidades;3.3.90.39.00-OUTROS SERVIÇOS DE TERCEIROS - PESSOA JURÍDICA;;"1,00";;vínculo em branco;01.110.0000
1539;18 - ENCARGOS/ADMINISTRAÇÃO;002-RECURSOS SOB A SUPERVISÃO DA SECRETARIA DE ADMINISTRAÇÃO;0001-Administração e Coordenação Geral​;"2.001-Remuneração, Benefícios e Encargos";3.1.90.11.00;;"1,73";;vínculo em branco;01.110.0000
1540;18 - ENCARGOS/ADMINISTRAÇÃO;002-RECURSOS SOB A SUPERVISÃO DA SECRETARIA DE ADMINISTRAÇÃO;0001-Administração e Coordenação Geral​;"2.001-Remuneração, Benefícios e Encargos";3.1.90.13.00;;"3,46";;vínculo em branco;01.110.0000
1541;18 - ENCARGOS/ADMINISTRAÇÃO;002-RECURSOS SOB A SUPERVISÃO DA SECRETARIA DE ADMINISTRAÇÃO;0001-Administração e Coordenação Geral​;"2.001-Remuneração, Benefícios e Encargos";3.1.90.94.00;;"529758,62";;vínculo em branco;01.110.0000
1542;18 - ENCARGOS/ADMINISTRAÇÃO;002-RECURSOS SOB A SUPERVISÃO DA SECRETARIA DE ADMINISTRAÇÃO;0001-Administração e Coordenação Geral​;"2.001-Remuneração, Benefícios e Encargos";3.1.91.13.00;;"3,46";;vínculo em branco;01.110.0000
1543;18 - ENCARGOS/ADMINISTRAÇÃO;002-RECURSOS SOB A SUPERVISÃO DA SECRETARIA DE ADMINISTRAÇÃO;0001-Administração e Coordenação Geral​;"2.001-Remuneração, Benefícios e Encargos";3.3.90.46.00;;"34466498,14";;vínculo em branco;01.110.0000
1544;18 - ENCARGOS/ADMINISTRAÇÃO;002-RECURSOS SOB A SUPERVISÃO DA SECRETARIA DE ADMINISTRAÇÃO;0001-Administração e Coordenação Geral​;"2.001-Remuneração, Benefícios e Encargos";3.3.90.49.00;;"1,73";;vínculo em branco;01.110.0000
1545;18 - ENCARGOS/ADMINISTRAÇÃO;002-RECURSOS SOB A SUPERVISÃO DA SECRETARIA DE ADMINISTRAÇÃO;0001-Administração e Coordenação Geral​;"2.001-Remuneração, Benefícios e Encargos";3.3.91.39.00;;"957848,22";;vínculo em branco;01.110.0000
1546;18 - ENCARGOS/TECNOLOGIA;003-FUNDO MUNICIPAL DE MEIO AMBIENTE;"0002-Governo Inteligente, Aberto e Inovador​";1.004-Expansão do Turismo;.4.90.52..00;;"1,00";;vínculo em branco;01.110.0000
1547;18 - ENCARGOS/FINANÇAS;001-CHEFIA DE GABINETE;0001-Administração e Coordenação Geral​;0.003-Precatórios e Sentenças Judiciais;3.3.90.39.00-OUTROS SERVIÇOS DE TERCEIROS - PESSOA JURÍDICA;;"0,00";;vínculo em branco;01.110.0000
1548;18 - ENCARGOS/FINANÇAS;001-CHEFIA DE GABINETE;0021- Encargos Especiais;0.001-Serviços da Dívida Pública;3.2.90.21.00;;"79447850,05";Confirmar com a Dani;texto livre (20 caracteres);01.110.0000
1549;18 - ENCARGOS/FINANÇAS;001-CHEFIA DE GABINETE;0021- Encargos Especiais;0.001-Serviços da Dívida Pública;3.2.90.22.00;;"1000000,00";Confirmar com a Dani;texto livre (20 caracteres);01.110.0000
1550;18 - ENCARGOS/FINANÇAS;001-CHEFIA DE GABINETE;0021- Encargos Especiais;0.001-Serviços da Dívida Pública;3.2.91.21.00;;"5544936,27";Confirmar com a Dani;texto livre (20 caracteres);01.110.0000
1551;18 - ENCARGOS/FINANÇAS;001-CHEFIA DE GABINETE;0021- Encargos Especiais;0.001-Serviços da Dívida Pública;4.6.90.71.00;;"142548168,24";Confirmar com a Dani;texto livre (20 caracteres);01.110.0000
1552;18 - ENCARGOS/FINANÇAS;001-CHEFIA DE GABINETE;0021- Encargos Especiais;0.001-Serviços da Dívida Pública;4.6.91.71.00;;"714039,84";Confirmar com a Dani;texto livre (20 caracteres);01.110.0000
1553;18 - ENCARGOS/FINANÇAS;001-CHEFIA DE GABINETE;0021- Encargos Especiais;0.002-Obrigações Tributárias e Contributivas;3.3.90.47.00;;"55021000,00";Confirmar com a Dani;texto livre (20 caracteres);01.110.0000
1554;18 - ENCARGOS/FINANÇAS;001-CHEFIA DE GABINETE;0021- Encargos Especiais;0.002-Obrigações Tributárias e Contributivas;3.3.91.97.00;;"40000000,00";Confirmar com a Dani;texto livre (20 caracteres);01.110.0000
1555;18 - ENCARGOS/FINANÇAS;001-CHEFIA DE GABINETE;0021- Encargos Especiais;0.003-Precatórios e Sentenças Judiciais;3.1.90.91.00;;"4485130,83";Confirmar com a Dani;texto livre (20 caracteres);01.110.0000
1556;18 - ENCARGOS/FINANÇAS;001-CHEFIA DE GABINETE;0021- Encargos Especiais;0.003-Precatórios e Sentenças Judiciais;3.3.90.91.00-SENTENÇAS JUDICIAIS;;"2691078,50";Confirmar com a Dani;texto livre (20 caracteres);01.110.0000
1557;18 - ENCARGOS/FINANÇAS;001-CHEFIA DE GABINETE;0021- Encargos Especiais;0.003-Precatórios e Sentenças Judiciais;4.4.90.91.00;;"1,00";Confirmar com a Dani;texto livre (20 caracteres);01.110.0000
1558;18 - ENCARGOS/FINANÇAS;001-CHEFIA DE GABINETE;0021- Encargos Especiais;0.003-Precatórios e Sentenças Judiciais;4.6.90.91.00;;"47185370,43";Confirmar com a Dani;texto livre (20 caracteres);01.110.0000
1559;18 - ENCARGOS/FINANÇAS;001-CHEFIA DE GABINETE;0021- Encargos Especiais;0.003-Precatórios e Sentenças Judiciais;3.1.90.13.00;;"179405,23";Confirmar com a Dani;texto livre (20 caracteres);01.110.0000
1560;18 - ENCARGOS/FINANÇAS;001-CHEFIA DE GABINETE;0021- Encargos Especiais;0.003-Precatórios e Sentenças Judiciais;3.1.91.13.00;;"53818,90";Confirmar com a Dani;texto livre (20 caracteres);01.110.0000
1561;18 - ENCARGOS/FINANÇAS;001-CHEFIA DE GABINETE;0021- Encargos Especiais;0.003-Precatórios e Sentenças Judiciais;3.3.90.93.00-INDENIZAÇÕES E RESTITUIÇÕES;;"426087,43";Confirmar com a Dani;texto livre (20 caracteres);01.110.0000
1616;19 - SECRETARIA DE TRANSPORTE E DA MOBILIDADE URBANA;001-CHEFIA DE GABINETE;0001-Administração e Coordenação Geral​;2.002-Abastecimento de Frota ;3.3.90.39.00-OUTROS SERVIÇOS DE TERCEIROS - PESSOA JURÍDICA;;"7960576,70";;vínculo em branco;01.110.0000
1617;19 - SECRETARIA DE TRANSPORTE E DA MOBILIDADE URBANA;001-CHEFIA DE GABINETE;0001-Administração e Coordenação Geral​;2.006-Representações Oficiais ;3.3.90.33.00-PASSAGENS E DESPESAS COM LOCOMOÇÃO;;"1,00";;vínculo em branco;01.110.0000
1618;19 - SECRETARIA DE TRANSPORTE E DA MOBILIDADE URBANA;001-CHEFIA DE GABINETE;0001-Administração e Coordenação Geral​;2.006-Representações Oficiais ;3.3.90.39.00-OUTROS SERVIÇOS DE TERCEIROS - PESSOA JURÍDICA;;"1,00";;vínculo em branco;01.110.0000
1619;19 - SECRETARIA DE TRANSPORTE E DA MOBILIDADE URBANA;001-CHEFIA DE GABINETE;"0002-Governo Inteligente, Aberto e Inovador​";2.003-Qualificação de Servidores e Processos Institucionais;3.3.90.39.00-OUTROS SERVIÇOS DE TERCEIROS - PESSOA JURÍDICA;;"1,00";;vínculo em branco;01.110.0000
1620;19 - SECRETARIA DE TRANSPORTE E DA MOBILIDADE URBANA;001-CHEFIA DE GABINETE;"0002-Governo Inteligente, Aberto e Inovador​";"2.005-Promoção de Eventos, Comunicação e Participação Social ";3.3.90.30.00-MATERIAL DE CONSUMO;;"12988,75";;vínculo em branco;01.110.0000
1621;19 - SECRETARIA DE TRANSPORTE E DA MOBILIDADE URBANA;001-CHEFIA DE GABINETE;"0002-Governo Inteligente, Aberto e Inovador​";"2.005-Promoção de Eventos, Comunicação e Participação Social ";3.3.90.39.00-OUTROS SERVIÇOS DE TERCEIROS - PESSOA JURÍDICA;;"39486,80";;vínculo em branco;01.110.0000
1622;19 - SECRETARIA DE TRANSPORTE E DA MOBILIDADE URBANA;001-CHEFIA DE GABINETE;0013-Mobilidade Urbana e Infraestrutura Viária​;"2.007-Ampliação e Manutenção de Sistemas de Inteligência, Fiscalização e Tecnologia";3.3.90.39.00-OUTROS SERVIÇOS DE TERCEIROS - PESSOA JURÍDICA;;"13287008,24";;vínculo em branco;01.110.0000
1623;19 - SECRETARIA DE TRANSPORTE E DA MOBILIDADE URBANA;001-CHEFIA DE GABINETE;0013-Mobilidade Urbana e Infraestrutura Viária​;2.021-Educação Cidadã;3.3.90.30.00-MATERIAL DE CONSUMO;;"5195,50";;vínculo em branco;01.110.0000
1624;19 - SECRETARIA DE TRANSPORTE E DA MOBILIDADE URBANA;001-CHEFIA DE GABINETE;0013-Mobilidade Urbana e Infraestrutura Viária​;2.021-Educação Cidadã;3.3.90.39.00-OUTROS SERVIÇOS DE TERCEIROS - PESSOA JURÍDICA;;"10391,96";;vínculo em branco;01.110.0000
1625;19 - SECRETARIA DE TRANSPORTE E DA MOBILIDADE URBANA;001-CHEFIA DE GABINETE;0013-Mobilidade Urbana e Infraestrutura Viária​;2.011-Manutenção de Equipamentos Públicos ;3.3.90.30.00-MATERIAL DE CONSUMO;;"52664,59";;vínculo em branco;01.110.0000
1626;19 - SECRETARIA DE TRANSPORTE E DA MOBILIDADE URBANA;001-CHEFIA DE GABINETE;0013-Mobilidade Urbana e Infraestrutura Viária​;2.011-Manutenção de Equipamentos Públicos ;3.3.90.36.00-OUTROS SERVIÇOS DE TERCEIROS - PESSOA FÍSICA;;"9601,00";;vínculo em branco;01.110.0000
1627;19 - SECRETARIA DE TRANSPORTE E DA MOBILIDADE URBANA;001-CHEFIA DE GABINETE;0013-Mobilidade Urbana e Infraestrutura Viária​;2.011-Manutenção de Equipamentos Públicos ;3.3.90.39.00-OUTROS SERVIÇOS DE TERCEIROS - PESSOA JURÍDICA;;"877237,88";;vínculo em branco;01.110.0000
1628;19 - SECRETARIA DE TRANSPORTE E DA MOBILIDADE URBANA;001-CHEFIA DE GABINETE;0013-Mobilidade Urbana e Infraestrutura Viária​;2.011-Manutenção de Equipamentos Públicos ;4.4.90.52.00-EQUIPAMENTOS E MATERIAL PERMANENTE;;"21198,68";;vínculo em branco;01.110.0000
1629;19 - SECRETARIA DE TRANSPORTE E DA MOBILIDADE URBANA;001-CHEFIA DE GABINETE;0013-Mobilidade Urbana e Infraestrutura Viária​;2.034-Manutenção da Infraestrutura Viária;3.3.90.39.00-OUTROS SERVIÇOS DE TERCEIROS - PESSOA JURÍDICA;;"22168876,80";;vínculo em branco;01.110.0000
1630;19 - SECRETARIA DE TRANSPORTE E DA MOBILIDADE URBANA;001-CHEFIA DE GABINETE;0013-Mobilidade Urbana e Infraestrutura Viária​;2.036-Manutenção da Mobilidade Ativa ;3.3.90.39.00-OUTROS SERVIÇOS DE TERCEIROS - PESSOA JURÍDICA;;"1440000,00";;vínculo em branco;01.110.0000
1631;19 - SECRETARIA DE TRANSPORTE E DA MOBILIDADE URBANA;001-CHEFIA DE GABINETE;0013-Mobilidade Urbana e Infraestrutura Viária​;2.010-Manutenção do Transporte Coletivo ;3.3.90.39.00-OUTROS SERVIÇOS DE TERCEIROS - PESSOA JURÍDICA;;"2805085,45";;vínculo em branco;01.110.0000
1632;19 - SECRETARIA DE TRANSPORTE E DA MOBILIDADE URBANA;005-FUNDO MUNICIPAL DE ASSISTÊNCIA SOCIAL;0001-Administração e Coordenação Geral​;2.002-Abastecimento de Frota ;3.3.90.39.00-OUTROS SERVIÇOS DE TERCEIROS - PESSOA JURÍDICA;;"1,00";;vínculo em branco;01.110.0000
1633;19 - SECRETARIA DE TRANSPORTE E DA MOBILIDADE URBANA;005-FUNDO MUNICIPAL DE ASSISTÊNCIA SOCIAL;0013-Mobilidade Urbana e Infraestrutura Viária​;"2.007-Ampliação e Manutenção de Sistemas de Inteligência, Fiscalização e Tecnologia";3.3.90.39.00-OUTROS SERVIÇOS DE TERCEIROS - PESSOA JURÍDICA;;"17709710,86";;vínculo em branco;01.110.0000
1634;19 - SECRETARIA DE TRANSPORTE E DA MOBILIDADE URBANA;005-FUNDO MUNICIPAL DE ASSISTÊNCIA SOCIAL;0013-Mobilidade Urbana e Infraestrutura Viária​;2.011-Manutenção de Equipamentos Públicos ;3.3.90.39.00-OUTROS SERVIÇOS DE TERCEIROS - PESSOA JURÍDICA;;"160000,00";;vínculo em branco;01.110.0000
1635;19 - SECRETARIA DE TRANSPORTE E DA MOBILIDADE URBANA;005-FUNDO MUNICIPAL DE ASSISTÊNCIA SOCIAL;0013-Mobilidade Urbana e Infraestrutura Viária​;2.034-Manutenção da Infraestrutura Viária;3.3.90.39.00-OUTROS SERVIÇOS DE TERCEIROS - PESSOA JURÍDICA;;"7300000,00";;vínculo em branco;01.110.0000
1636;19 - SECRETARIA DE TRANSPORTE E DA MOBILIDADE URBANA;001-CHEFIA DE GABINETE;0004-Planejamento e Gestão de Políticas Públicas ;"1.001-Estudos, Pesquisas, Planos e Projetos ";3.3.90.35.00-SERVIÇOS DE CONSULTORIA;;"1,00";;vínculo em branco;01.110.0000
1637;19 - SECRETARIA DE TRANSPORTE E DA MOBILIDADE URBANA;001-CHEFIA DE GABINETE;0001-Administração e Coordenação Geral​;"2.001-Remuneração, Benefícios e Encargos";3.1.90.11.00;;"14544161,86";;vínculo em branco;01.110.0000
1638;19 - SECRETARIA DE TRANSPORTE E DA MOBILIDADE URBANA;001-CHEFIA DE GABINETE;0001-Administração e Coordenação Geral​;"2.001-Remuneração, Benefícios e Encargos";3.1.90.13.00;;"854345,72";;vínculo em branco;01.110.0000
1639;19 - SECRETARIA DE TRANSPORTE E DA MOBILIDADE URBANA;001-CHEFIA DE GABINETE;0001-Administração e Coordenação Geral​;"2.001-Remuneração, Benefícios e Encargos";3.1.91.13.00;;"2122401,99";;vínculo em branco;01.110.0000
1640;19 - SECRETARIA DE TRANSPORTE E DA MOBILIDADE URBANA;001-CHEFIA DE GABINETE;0001-Administração e Coordenação Geral​;"2.001-Remuneração, Benefícios e Encargos";3.3.90.46.00;;"2,25";;vínculo em branco;01.110.0000
1641;19 - SECRETARIA DE TRANSPORTE E DA MOBILIDADE URBANA;001-CHEFIA DE GABINETE;0001-Administração e Coordenação Geral​;"2.001-Remuneração, Benefícios e Encargos";3.3.90.49.00;;"325399,88";;vínculo em branco;01.110.0000
1642;19 - SECRETARIA DE TRANSPORTE E DA MOBILIDADE URBANA;001-CHEFIA DE GABINETE;0013-Mobilidade Urbana e Infraestrutura Viária​;1.002-Reforma e Ampliação de Unidades;3.3.90.39.00-OUTROS SERVIÇOS DE TERCEIROS - PESSOA JURÍDICA;;"1,00";;vínculo em branco;01.110.0000
1643;19 - SECRETARIA DE TRANSPORTE E DA MOBILIDADE URBANA;001-CHEFIA DE GABINETE;0013-Mobilidade Urbana e Infraestrutura Viária​;1.006-Desenvolvimento da Infraestrutura Viária;4.4.90.52.00-EQUIPAMENTOS E MATERIAL PERMANENTE;;"1,00";;vínculo em branco;01.110.0000
1644;19 - SECRETARIA DE TRANSPORTE E DA MOBILIDADE URBANA;001-CHEFIA DE GABINETE;0001-Administração e Coordenação Geral​;"2.001-Remuneração, Benefícios e Encargos";;;"0,00";;vínculo em branco;01.110.0000
1645;19 - SECRETARIA DE TRANSPORTE E DA MOBILIDADE URBANA;001-CHEFIA DE GABINETE;0004-Planejamento e Gestão de Políticas Públicas ;"1.001-Estudos, Pesquisas, Planos e Projetos ";3.3.90.39.00-OUTROS SERVIÇOS DE TERCEIROS - PESSOA JURÍDICA;;"0,00";;vínculo em branco;01.110.0000
1646;19 - SECRETARIA DE TRANSPORTE E DA MOBILIDADE URBANA;001-CHEFIA DE GABINETE;0013-Mobilidade Urbana e Infraestrutura Viária​;1.002-Reforma e Ampliação de Unidades;3.3.90.39.00-OUTROS SERVIÇOS DE TERCEIROS - PESSOA JURÍDICA;;"0,00";;vínculo em branco;01.110.0000
1647;19 - SECRETARIA DE TRANSPORTE E DA MOBILIDADE URBANA;001-CHEFIA DE GABINETE;0013-Mobilidade Urbana e Infraestrutura Viária​;1.006-Desenvolvimento da Infraestrutura Viária;;;"0,00";;vínculo em branco;01.110.0000
1656;20 - SECRETARIA DE SEGURANÇA E CONTROLE URBANO;001-CHEFIA DE GABINETE;0001-Administração e Coordenação Geral​;2.006-Representações Oficiais ;3.3.90.33.00-PASSAGENS E DESPESAS COM LOCOMOÇÃO;;"1,00";;vínculo em branco;01.110.0000
1657;20 - SECRETARIA DE SEGURANÇA E CONTROLE URBANO;001-CHEFIA DE GABINETE;0001-Administração e Coordenação Geral​;2.006-Representações Oficiais ;3.3.90.39.00-OUTROS SERVIÇOS DE TERCEIROS - PESSOA JURÍDICA;;"1,00";;vínculo em branco;01.110.0000
1658;20 - SECRETARIA DE SEGURANÇA E CONTROLE URBANO;001-CHEFIA DE GABINETE;"0002-Governo Inteligente, Aberto e Inovador​";2.003-Qualificação de Servidores e Processos Institucionais;3.3.90.39.00-OUTROS SERVIÇOS DE TERCEIROS - PESSOA JURÍDICA;;"1,00";;vínculo em branco;01.110.0000
1659;20 - SECRETARIA DE SEGURANÇA E CONTROLE URBANO;001-CHEFIA DE GABINETE;"0002-Governo Inteligente, Aberto e Inovador​";"2.005-Promoção de Eventos, Comunicação e Participação Social ";3.3.90.30.00-MATERIAL DE CONSUMO;;"1,00";;vínculo em branco;01.110.0000
1660;20 - SECRETARIA DE SEGURANÇA E CONTROLE URBANO;001-CHEFIA DE GABINETE;"0002-Governo Inteligente, Aberto e Inovador​";"2.005-Promoção de Eventos, Comunicação e Participação Social ";3.3.90.39.00-OUTROS SERVIÇOS DE TERCEIROS - PESSOA JURÍDICA;;"2,00";;vínculo em branco;01.110.0000
1661;20 - SECRETARIA DE SEGURANÇA E CONTROLE URBANO;001-CHEFIA DE GABINETE;0006-Segurança Pública e Fiscalização Inteligente​;"2.007-Ampliação e Manutenção de Sistemas de Inteligência, Fiscalização e Tecnologia";3.3.90.39.00-OUTROS SERVIÇOS DE TERCEIROS - PESSOA JURÍDICA;;"32343397,30";;vínculo em branco;01.110.0000
1662;20 - SECRETARIA DE SEGURANÇA E CONTROLE URBANO;001-CHEFIA DE GABINETE;0006-Segurança Pública e Fiscalização Inteligente​;2.011-Manutenção de Equipamentos Públicos ;3.3.90.30.00-MATERIAL DE CONSUMO;;"879566,98";;vínculo em branco;01.110.0000
1663;20 - SECRETARIA DE SEGURANÇA E CONTROLE URBANO;001-CHEFIA DE GABINETE;0006-Segurança Pública e Fiscalização Inteligente​;2.011-Manutenção de Equipamentos Públicos ;3.3.90.39.00-OUTROS SERVIÇOS DE TERCEIROS - PESSOA JURÍDICA;;"3868577,32";;vínculo em branco;01.110.0000
1664;20 - SECRETARIA DE SEGURANÇA E CONTROLE URBANO;001-CHEFIA DE GABINETE;0006-Segurança Pública e Fiscalização Inteligente​;2.011-Manutenção de Equipamentos Públicos ;4.4.90.52.00-EQUIPAMENTOS E MATERIAL PERMANENTE;;"159608,30";;vínculo em branco;01.110.0000
1665;20 - SECRETARIA DE SEGURANÇA E CONTROLE URBANO;001-CHEFIA DE GABINETE;0001-Administração e Coordenação Geral​;"2.001-Remuneração, Benefícios e Encargos";3.1.90.11.00;;"30000000,00";;vínculo em branco;01.110.0000
1666;20 - SECRETARIA DE SEGURANÇA E CONTROLE URBANO;001-CHEFIA DE GABINETE;0001-Administração e Coordenação Geral​;"2.001-Remuneração, Benefícios e Encargos";3.1.90.13.00;;"1773652,59";;vínculo em branco;01.110.0000
1667;20 - SECRETARIA DE SEGURANÇA E CONTROLE URBANO;001-CHEFIA DE GABINETE;0001-Administração e Coordenação Geral​;"2.001-Remuneração, Benefícios e Encargos";3.1.91.13.00;;"28298630,75";;vínculo em branco;01.110.0000
1668;20 - SECRETARIA DE SEGURANÇA E CONTROLE URBANO;001-CHEFIA DE GABINETE;0001-Administração e Coordenação Geral​;"2.001-Remuneração, Benefícios e Encargos";3.3.90.46.00;;"3,71";;vínculo em branco;01.110.0000
1669;20 - SECRETARIA DE SEGURANÇA E CONTROLE URBANO;001-CHEFIA DE GABINETE;0001-Administração e Coordenação Geral​;"2.001-Remuneração, Benefícios e Encargos";3.3.90.49.00;;"3893122,52";;vínculo em branco;01.110.0000
1670;20 - SECRETARIA DE SEGURANÇA E CONTROLE URBANO;001-CHEFIA DE GABINETE;0006-Segurança Pública e Fiscalização Inteligente​;1.002-Reforma e Ampliação de Unidades;3.3.90.39.00-OUTROS SERVIÇOS DE TERCEIROS - PESSOA JURÍDICA;;"1,00";;vínculo em branco;01.110.0000
1671;20 - SECRETARIA DE SEGURANÇA E CONTROLE URBANO;001-CHEFIA DE GABINETE;0006-Segurança Pública e Fiscalização Inteligente​;1.002-Reforma e Ampliação de Unidades;4.4.90.51.00-OBRAS E INSTALAÇÕES;;"1,00";;vínculo em branco;01.110.0000
1672;20 - SECRETARIA DE SEGURANÇA E CONTROLE URBANO;001-CHEFIA DE GABINETE;0006-Segurança Pública e Fiscalização Inteligente​;1.003-Implantação de Novas Unidades;4.4.90.51.00-OBRAS E INSTALAÇÕES;;"0,00";;vínculo em branco;01.110.0000
1677;21 - IPMO;001-CHEFIA DE GABINETE;0001-Administração e Coordenação Geral​;2.011-Manutenção de Equipamentos Públicos ;3.3.90.14.00;;"70000,00";;vínculo em branco;01.110.0000
1678;21 - IPMO;001-CHEFIA DE GABINETE;0001-Administração e Coordenação Geral​;2.011-Manutenção de Equipamentos Públicos ;3.3.90.30.00-MATERIAL DE CONSUMO;;"300000,00";;vínculo em branco;01.110.0000
1679;21 - IPMO;001-CHEFIA DE GABINETE;0001-Administração e Coordenação Geral​;2.011-Manutenção de Equipamentos Públicos ;3.3.90.33.00-PASSAGENS E DESPESAS COM LOCOMOÇÃO;;"20000,00";;vínculo em branco;01.110.0000
1680;21 - IPMO;001-CHEFIA DE GABINETE;0001-Administração e Coordenação Geral​;2.011-Manutenção de Equipamentos Públicos ;3.3.90.35.00-SERVIÇOS DE CONSULTORIA;;"890000,00";;vínculo em branco;01.110.0000
1681;21 - IPMO;001-CHEFIA DE GABINETE;0001-Administração e Coordenação Geral​;2.011-Manutenção de Equipamentos Públicos ;3.3.90.36.00-OUTROS SERVIÇOS DE TERCEIROS - PESSOA FÍSICA;;"100000,00";;vínculo em branco;01.110.0000
1682;21 - IPMO;001-CHEFIA DE GABINETE;0001-Administração e Coordenação Geral​;2.011-Manutenção de Equipamentos Públicos ;3.3.90.39.00-OUTROS SERVIÇOS DE TERCEIROS - PESSOA JURÍDICA;;"7560000,00";;vínculo em branco;01.110.0000
1683;21 - IPMO;001-CHEFIA DE GABINETE;0001-Administração e Coordenação Geral​;2.011-Manutenção de Equipamentos Públicos ;3.3.90.40.00-SERVIÇOS DE TECNOLOGIA DA INFORMAÇÃO E COMUNICAÇÃO - PESSOA JURÍDICA;;"6000000,00";;vínculo em branco;01.110.0000
1684;21 - IPMO;001-CHEFIA DE GABINETE;0001-Administração e Coordenação Geral​;2.011-Manutenção de Equipamentos Públicos ;3.3.90.92.00-DESPESAS DE EXERCÍCIOS ANTERIORES;;"1000,00";;vínculo em branco;01.110.0000
1685;21 - IPMO;001-CHEFIA DE GABINETE;0001-Administração e Coordenação Geral​;2.011-Manutenção de Equipamentos Públicos ;4.4.90.52.00-EQUIPAMENTOS E MATERIAL PERMANENTE;;"500000,00";;vínculo em branco;01.110.0000
1686;21 - IPMO;001-CHEFIA DE GABINETE;"0002-Governo Inteligente, Aberto e Inovador​";2.003-Qualificação de Servidores e Processos Institucionais;3.3.90.14.00;;"20000,00";;vínculo em branco;01.110.0000
1687;21 - IPMO;001-CHEFIA DE GABINETE;"0002-Governo Inteligente, Aberto e Inovador​";2.003-Qualificação de Servidores e Processos Institucionais;3.3.90.39.00-OUTROS SERVIÇOS DE TERCEIROS - PESSOA JURÍDICA;;"300000,00";;vínculo em branco;01.110.0000
1688;21 - IPMO;001-CHEFIA DE GABINETE;"0002-Governo Inteligente, Aberto e Inovador​";2.003-Qualificação de Servidores e Processos Institucionais;3.3.90.93.00-INDENIZAÇÕES E RESTITUIÇÕES;;"15000,00";;vínculo em branco;01.110.0000
1689;21 - IPMO;003-FUNDO MUNICIPAL DE MEIO AMBIENTE;0020;2.043;3.1.90.01.00;;"270000000,00";;vínculo em branco;01.110.0000
1690;21 - IPMO;003-FUNDO MUNICIPAL DE MEIO AMBIENTE;0020;2.043;3.1.90.03.00;;"7500000,00";;vínculo em branco;01.110.0000
1691;21 - IPMO;003-FUNDO MUNICIPAL DE MEIO AMBIENTE;0020;2.043;3.1.90.91.00;;"1000000,00";;vínculo em branco;01.110.0000
1692;21 - IPMO;003-FUNDO MUNICIPAL DE MEIO AMBIENTE;0020;2.043;3.3.90.93.00-INDENIZAÇÕES E RESTITUIÇÕES;;"1000000,00";;vínculo em branco;01.110.0000
1693;21 - IPMO;005-FUNDO MUNICIPAL DE ASSISTÊNCIA SOCIAL;0020;2.043;3.1.90.01.00;;"150000000,00";;vínculo em branco;01.110.0000
1694;21 - IPMO;005-FUNDO MUNICIPAL DE ASSISTÊNCIA SOCIAL;0020;2.043;3.1.90.03.00;;"70000000,00";;vínculo em branco;01.110.0000
1695;21 - IPMO;005-FUNDO MUNICIPAL DE ASSISTÊNCIA SOCIAL;0020;2.043;3.1.90.91.00;;"1000000,00";;vínculo em branco;01.110.0000
1696;21 - IPMO;005-FUNDO MUNICIPAL DE ASSISTÊNCIA SOCIAL;0020;2.043;3.3.90.93.00-INDENIZAÇÕES E RESTITUIÇÕES;;"1000000,00";;vínculo em branco;01.110.0000
1697;21 - IPMO;006-HOSPITAL E MATERNIDADE MUNICIPAL AMADOR AGUIAR;0018-Proteção Social e Garantia de Direitos​;2.044;3.3.90.48.00 - OUTROS AUXILIOS FINANCEIROS A PESSOAS FISICAS;;"45000000,00";;vínculo em branco;01.110.0000
1698;21 - IPMO;001-CHEFIA DE GABINETE;0001-Administração e Coordenação Geral​;1.002-Reforma e Ampliação de Unidades;3.3.90.39.00-OUTROS SERVIÇOS DE TERCEIROS - PESSOA JURÍDICA;;"1000,00";;vínculo em branco;01.110.0000
1699;21 - IPMO;001-CHEFIA DE GABINETE;0001-Administração e Coordenação Geral​;1.002-Reforma e Ampliação de Unidades;4.4.90.51.00-OBRAS E INSTALAÇÕES;;"500000,00";;vínculo em branco;01.110.0000
1700;21 - IPMO;001-CHEFIA DE GABINETE;0001-Administração e Coordenação Geral​;1.002-Reforma e Ampliação de Unidades;4.4.90.52.00-EQUIPAMENTOS E MATERIAL PERMANENTE;;"100000,00";;vínculo em branco;01.110.0000
1701;21 - IPMO;001-CHEFIA DE GABINETE;0001-Administração e Coordenação Geral​;1.002-Reforma e Ampliação de Unidades;4.4.90.61.00;;"1000,00";;vínculo em branco;01.110.0000
1702;21 - IPMO;001-CHEFIA DE GABINETE;0001-Administração e Coordenação Geral​;"2.001-Remuneração, Benefícios e Encargos";3.1.90.11.00;;"15885000,00";;vínculo em branco;01.110.0000
1703;21 - IPMO;001-CHEFIA DE GABINETE;0001-Administração e Coordenação Geral​;"2.001-Remuneração, Benefícios e Encargos";3.1.90.13.00;;"1715000,00";;vínculo em branco;01.110.0000
1704;21 - IPMO;001-CHEFIA DE GABINETE;0001-Administração e Coordenação Geral​;"2.001-Remuneração, Benefícios e Encargos";3.1.90.16.00;;"1000,00";;vínculo em branco;01.110.0000
1705;21 - IPMO;001-CHEFIA DE GABINETE;0001-Administração e Coordenação Geral​;"2.001-Remuneração, Benefícios e Encargos";3.1.90.92.00;;"1000,00";;vínculo em branco;01.110.0000
1706;21 - IPMO;001-CHEFIA DE GABINETE;0001-Administração e Coordenação Geral​;"2.001-Remuneração, Benefícios e Encargos";3.1.90.94.00;;"200000,00";;vínculo em branco;01.110.0000
1707;21 - IPMO;001-CHEFIA DE GABINETE;0001-Administração e Coordenação Geral​;"2.001-Remuneração, Benefícios e Encargos";3.1.91.13.00;;"1733000,00";;vínculo em branco;01.110.0000
1708;21 - IPMO;001-CHEFIA DE GABINETE;0001-Administração e Coordenação Geral​;"2.001-Remuneração, Benefícios e Encargos";3.3.90.39.00-OUTROS SERVIÇOS DE TERCEIROS - PESSOA JURÍDICA;;"1718000,00";;vínculo em branco;01.110.0000
1709;21 - IPMO;001-CHEFIA DE GABINETE;0001-Administração e Coordenação Geral​;"2.001-Remuneração, Benefícios e Encargos";3.3.90.46.00;;"1000,00";;vínculo em branco;01.110.0000
1710;21 - IPMO;001-CHEFIA DE GABINETE;0001-Administração e Coordenação Geral​;"2.001-Remuneração, Benefícios e Encargos";3.3.90.49.00;;"100000,00";;vínculo em branco;01.110.0000
1711;21 - IPMO;001-CHEFIA DE GABINETE;0004-Planejamento e Gestão de Políticas Públicas ;"1.001-Estudos, Pesquisas, Planos e Projetos ";3.3.90.35.00-SERVIÇOS DE CONSULTORIA;;"1000,00";;vínculo em branco;01.110.0000
1712;21 - IPMO;001-CHEFIA DE GABINETE;0004-Planejamento e Gestão de Políticas Públicas ;"1.001-Estudos, Pesquisas, Planos e Projetos ";3.3.90.39.00-OUTROS SERVIÇOS DE TERCEIROS - PESSOA JURÍDICA;;"4500000,00";;vínculo em branco;01.110.0000
1713;21 - IPMO;001-CHEFIA DE GABINETE;0021;0.002-Obrigações Tributárias e Contributivas;3.3.90.47.00;;"1000000,00";;vínculo em branco;01.110.0000
1714;21 - IPMO;001-CHEFIA DE GABINETE;0021;0.003-Precatórios e Sentenças Judiciais;3.1.90.91.00;;"200000,00";;vínculo em branco;01.110.0000
1715;21 - IPMO;001-CHEFIA DE GABINETE;0021;0.003-Precatórios e Sentenças Judiciais;3.3.90.91.00-SENTENÇAS JUDICIAIS;;"200000,00";;vínculo em branco;01.110.0000
1716;21 - IPMO;001-CHEFIA DE GABINETE;0021;0.002-Obrigações Tributárias e Contributivas;3.3.90.47.00;;"1000000,00";Confirmar com a Dani;texto livre (20 caracteres);01.110.0000
1717;21 - IPMO;001-CHEFIA DE GABINETE;0021;0.003-Precatórios e Sentenças Judiciais;3.1.90.91.00;;"200000,00";Confirmar com a Dani;texto livre (20 caracteres);01.110.0000
1718;21 - IPMO;001-CHEFIA DE GABINETE;0021;0.003-Precatórios e Sentenças Judiciais;3.3.90.91.00-SENTENÇAS JUDICIAIS;;"200000,00";Confirmar com a Dani;texto livre (20 caracteres);01.110.0000
1719;21 - IPMO;001-CHEFIA DE GABINETE;0001-Administração e Coordenação Geral​;2.011-Manutenção de Equipamentos Públicos ;3.3.90.14.00;;"70000,00";;vínculo em branco;01.110.0000
1720;21 - IPMO;001-CHEFIA DE GABINETE;0001-Administração e Coordenação Geral​;2.011-Manutenção de Equipamentos Públicos ;3.3.90.30.00-MATERIAL DE CONSUMO;;"300000,00";;vínculo em branco;01.110.0000
1721;21 - IPMO;001-CHEFIA DE GABINETE;0001-Administração e Coordenação Geral​;2.011-Manutenção de Equipamentos Públicos ;3.3.90.33.00-PASSAGENS E DESPESAS COM LOCOMOÇÃO;;"20000,00";;vínculo em branco;01.110.0000
1722;21 - IPMO;001-CHEFIA DE GABINETE;0001-Administração e Coordenação Geral​;2.011-Manutenção de Equipamentos Públicos ;3.3.90.35.00-SERVIÇOS DE CONSULTORIA;;"890000,00";;vínculo em branco;01.110.0000
1723;21 - IPMO;001-CHEFIA DE GABINETE;0001-Administração e Coordenação Geral​;2.011-Manutenção de Equipamentos Públicos ;3.3.90.36.00-OUTROS SERVIÇOS DE TERCEIROS - PESSOA FÍSICA;;"100000,00";;vínculo em branco;01.110.0000
1724;21 - IPMO;001-CHEFIA DE GABINETE;0001-Administração e Coordenação Geral​;2.011-Manutenção de Equipamentos Públicos ;3.3.90.39.00-OUTROS SERVIÇOS DE TERCEIROS - PESSOA JURÍDICA;;"7560000,00";;vínculo em branco;01.110.0000
1725;21 - IPMO;001-CHEFIA DE GABINETE;0001-Administração e Coordenação Geral​;2.011-Manutenção de Equipamentos Públicos ;3.3.90.40.00-SERVIÇOS DE TECNOLOGIA DA INFORMAÇÃO E COMUNICAÇÃO - PESSOA JURÍDICA;;"6000000,00";;vínculo em branco;01.110.0000
1726;21 - IPMO;001-CHEFIA DE GABINETE;0001-Administração e Coordenação Geral​;2.011-Manutenção de Equipamentos Públicos ;3.3.90.92.00-DESPESAS DE EXERCÍCIOS ANTERIORES;;"1000,00";;vínculo em branco;01.110.0000
1727;21 - IPMO;001-CHEFIA DE GABINETE;0001-Administração e Coordenação Geral​;2.011-Manutenção de Equipamentos Públicos ;4.4.90.52.00-EQUIPAMENTOS E MATERIAL PERMANENTE;;"500000,00";;vínculo em branco;01.110.0000
1728;21 - IPMO;001-CHEFIA DE GABINETE;"0002-Governo Inteligente, Aberto e Inovador​";2.003-Qualificação de Servidores e Processos Institucionais;3.3.90.14.00;;"20000,00";;vínculo em branco;01.110.0000
1729;21 - IPMO;001-CHEFIA DE GABINETE;"0002-Governo Inteligente, Aberto e Inovador​";2.003-Qualificação de Servidores e Processos Institucionais;3.3.90.39.00-OUTROS SERVIÇOS DE TERCEIROS - PESSOA JURÍDICA;;"300000,00";;vínculo em branco;01.110.0000
1730;21 - IPMO;001-CHEFIA DE GABINETE;"0002-Governo Inteligente, Aberto e Inovador​";2.003-Qualificação de Servidores e Processos Institucionais;3.3.90.93.00-INDENIZAÇÕES E RESTITUIÇÕES;;"15000,00";;vínculo em branco;01.110.0000
1731;21 - IPMO;003-FUNDO MUNICIPAL DE MEIO AMBIENTE;0020;2.043;3.1.90.01.00;;"270000000,00";;vínculo em branco;01.110.0000
1732;21 - IPMO;003-FUNDO MUNICIPAL DE MEIO AMBIENTE;0020;2.043;3.1.90.03.00;;"7500000,00";;vínculo em branco;01.110.0000
1733;21 - IPMO;003-FUNDO MUNICIPAL DE MEIO AMBIENTE;0020;2.043;3.1.90.91.00;;"1000000,00";;vínculo em branco;01.110.0000
1734;21 - IPMO;003-FUNDO MUNICIPAL DE MEIO AMBIENTE;0020;2.043;3.3.90.93.00-INDENIZAÇÕES E RESTITUIÇÕES;;"1000000,00";;vínculo em branco;01.110.0000
1735;21 - IPMO;005-FUNDO MUNICIPAL DE ASSISTÊNCIA SOCIAL;0020;2.043;3.1.90.01.00;;"150000000,00";;vínculo em branco;01.110.0000
1736;21 - IPMO;005-FUNDO MUNICIPAL DE ASSISTÊNCIA SOCIAL;0020;2.043;3.1.90.03.00;;"70000000,00";;vínculo em branco;01.110.0000
1737;21 - IPMO;005-FUNDO MUNICIPAL DE ASSISTÊNCIA SOCIAL;0020;2.043;3.1.90.91.00;;"1000000,00";;vínculo em branco;01.110.0000
1738;21 - IPMO;005-FUNDO MUNICIPAL DE ASSISTÊNCIA SOCIAL;0020;2.043;3.3.90.93.00-INDENIZAÇÕES E RESTITUIÇÕES;;"1000000,00";;vínculo em branco;01.110.0000
1739;21 - IPMO;006-HOSPITAL E MATERNIDADE MUNICIPAL AMADOR AGUIAR;0018-Proteção Social e Garantia de Direitos​;2.044;3.3.90.48.00 - OUTROS AUXILIOS FINANCEIROS A PESSOAS FISICAS;;"45000000,00";;vínculo em branco;01.110.0000
1740;21 - IPMO;001-CHEFIA DE GABINETE;0001-Administração e Coordenação Geral​;1.002-Reforma e Ampliação de Unidades;3.3.90.39.00-OUTROS SERVIÇOS DE TERCEIROS - PESSOA JURÍDICA;;"1000,00";;vínculo em branco;01.110.0000
1741;21 - IPMO;001-CHEFIA DE GABINETE;0001-Administração e Coordenação Geral​;1.002-Reforma e Ampliação de Unidades;4.4.90.51.00-OBRAS E INSTALAÇÕES;;"500000,00";;vínculo em branco;01.110.0000
1742;21 - IPMO;001-CHEFIA DE GABINETE;0001-Administração e Coordenação Geral​;1.002-Reforma e Ampliação de Unidades;4.4.90.52.00-EQUIPAMENTOS E MATERIAL PERMANENTE;;"100000,00";;vínculo em branco;01.110.0000
1743;21 - IPMO;001-CHEFIA DE GABINETE;0001-Administração e Coordenação Geral​;1.002-Reforma e Ampliação de Unidades;4.4.90.61.00;;"1000,00";;vínculo em branco;01.110.0000
1744;21 - IPMO;001-CHEFIA DE GABINETE;0001-Administração e Coordenação Geral​;"2.001-Remuneração, Benefícios e Encargos";3.1.90.11.00;;"15885000,00";;vínculo em branco;01.110.0000
1745;21 - IPMO;001-CHEFIA DE GABINETE;0001-Administração e Coordenação Geral​;"2.001-Remuneração, Benefícios e Encargos";3.1.90.13.00;;"1715000,00";;vínculo em branco;01.110.0000
1746;21 - IPMO;001-CHEFIA DE GABINETE;0001-Administração e Coordenação Geral​;"2.001-Remuneração, Benefícios e Encargos";3.1.90.16.00;;"1000,00";;vínculo em branco;01.110.0000
1747;21 - IPMO;001-CHEFIA DE GABINETE;0001-Administração e Coordenação Geral​;"2.001-Remuneração, Benefícios e Encargos";3.1.90.92.00;;"1000,00";;vínculo em branco;01.110.0000
1748;21 - IPMO;001-CHEFIA DE GABINETE;0001-Administração e Coordenação Geral​;"2.001-Remuneração, Benefícios e Encargos";3.1.90.94.00;;"200000,00";;vínculo em branco;01.110.0000
1749;21 - IPMO;001-CHEFIA DE GABINETE;0001-Administração e Coordenação Geral​;"2.001-Remuneração, Benefícios e Encargos";3.1.91.13.00;;"1733000,00";;vínculo em branco;01.110.0000
1750;21 - IPMO;001-CHEFIA DE GABINETE;0001-Administração e Coordenação Geral​;"2.001-Remuneração, Benefícios e Encargos";3.3.90.39.00-OUTROS SERVIÇOS DE TERCEIROS - PESSOA JURÍDICA;;"1718000,00";;vínculo em branco;01.110.0000
1751;21 - IPMO;001-CHEFIA DE GABINETE;0001-Administração e Coordenação Geral​;"2.001-Remuneração, Benefícios e Encargos";3.3.90.46.00;;"1000,00";;vínculo em branco;01.110.0000
1752;21 - IPMO;001-CHEFIA DE GABINETE;0001-Administração e Coordenação Geral​;"2.001-Remuneração, Benefícios e Encargos";3.3.90.49.00;;"100000,00";;vínculo em branco;01.110.0000
1753;21 - IPMO;001-CHEFIA DE GABINETE;0004-Planejamento e Gestão de Políticas Públicas ;"1.001-Estudos, Pesquisas, Planos e Projetos ";3.3.90.35.00-SERVIÇOS DE CONSULTORIA;;"1000,00";;vínculo em branco;01.110.0000
1754;21 - IPMO;001-CHEFIA DE GABINETE;0004-Planejamento e Gestão de Políticas Públicas ;"1.001-Estudos, Pesquisas, Planos e Projetos ";3.3.90.39.00-OUTROS SERVIÇOS DE TERCEIROS - PESSOA JURÍDICA;;"4500000,00";;vínculo em branco;01.110.0000
1755;22 - FITO;001-CHEFIA DE GABINETE;0001-Administração e Coordenação Geral​;2.011-Manutenção de Equipamentos Públicos ;3.3.90.37.00;;"1760000,00";;vínculo em branco;01.110.0000
1756;22 - FITO;001-CHEFIA DE GABINETE;0001-Administração e Coordenação Geral​;2.011-Manutenção de Equipamentos Públicos ;4.4.90.93.00;;"1505396,00";;vínculo em branco;01.110.0000
1757;22 - FITO;001-CHEFIA DE GABINETE;"0002-Governo Inteligente, Aberto e Inovador​";"2.007-Ampliação e Manutenção de Sistemas de Inteligência, Fiscalização e Tecnologia";3.3.90.40.00-SERVIÇOS DE TECNOLOGIA DA INFORMAÇÃO E COMUNICAÇÃO - PESSOA JURÍDICA;;"141204,00";;vínculo em branco;01.110.0000
1758;22 - FITO;001-CHEFIA DE GABINETE;0001-Administração e Coordenação Geral​;2.008-Estágio e Aprendizagem;3.3.90.36.00-OUTROS SERVIÇOS DE TERCEIROS - PESSOA FÍSICA;;"100000,00";;vínculo em branco;01.110.0000
1759;22 - FITO;001-CHEFIA DE GABINETE;"0002-Governo Inteligente, Aberto e Inovador​";2.003-Qualificação de Servidores e Processos Institucionais;3.3.90.39.00-OUTROS SERVIÇOS DE TERCEIROS - PESSOA JURÍDICA;;"800000,00";;vínculo em branco;01.110.0000
1760;22 - FITO;002-RECURSOS SOB A SUPERVISÃO DA SECRETARIA DE ADMINISTRAÇÃO;"0002-Governo Inteligente, Aberto e Inovador​";2.003-Qualificação de Servidores e Processos Institucionais;3.3.90.39.00-OUTROS SERVIÇOS DE TERCEIROS - PESSOA JURÍDICA;;"367500,00";;vínculo em branco;01.110.0000
1761;22 - FITO;002-RECURSOS SOB A SUPERVISÃO DA SECRETARIA DE ADMINISTRAÇÃO;0001-Administração e Coordenação Geral​;2.011-Manutenção de Equipamentos Públicos ;3.3.90.30.00-MATERIAL DE CONSUMO;;"210000,00";;vínculo em branco;01.110.0000
1762;22 - FITO;002-RECURSOS SOB A SUPERVISÃO DA SECRETARIA DE ADMINISTRAÇÃO;"0002-Governo Inteligente, Aberto e Inovador​";"2.007-Ampliação e Manutenção de Sistemas de Inteligência, Fiscalização e Tecnologia";3.3.90.40.00-SERVIÇOS DE TECNOLOGIA DA INFORMAÇÃO E COMUNICAÇÃO - PESSOA JURÍDICA;;"5918,85";;vínculo em branco;01.110.0000
1763;22 - FITO;002-RECURSOS SOB A SUPERVISÃO DA SECRETARIA DE ADMINISTRAÇÃO;0001-Administração e Coordenação Geral​;2.008-Estágio e Aprendizagem;3.3.90.36.00-OUTROS SERVIÇOS DE TERCEIROS - PESSOA FÍSICA;;"105000,00";;vínculo em branco;01.110.0000
1764;22 - FITO;002-RECURSOS SOB A SUPERVISÃO DA SECRETARIA DE ADMINISTRAÇÃO;0016-Escola para Todos​;2.011-Manutenção de Equipamentos Públicos ;3.3.90.47.00;;"178530,45";;vínculo em branco;01.110.0000
1765;22 - FITO;002-RECURSOS SOB A SUPERVISÃO DA SECRETARIA DE ADMINISTRAÇÃO;0016-Escola para Todos​;2.020-Transporte de Alunos ;4.4.90.52.00-EQUIPAMENTOS E MATERIAL PERMANENTE;;"105000,00";;vínculo em branco;01.110.0000
1766;22 - FITO;004;"0002-Governo Inteligente, Aberto e Inovador​";2.003-Qualificação de Servidores e Processos Institucionais;3.3.90.39.00-OUTROS SERVIÇOS DE TERCEIROS - PESSOA JURÍDICA;;"300000,00";;vínculo em branco;01.110.0000
1767;22 - FITO;004;0001-Administração e Coordenação Geral​;2.011-Manutenção de Equipamentos Públicos ;3.3.90.30.00-MATERIAL DE CONSUMO;;"200000,00";;vínculo em branco;01.110.0000
1768;22 - FITO;004;"0002-Governo Inteligente, Aberto e Inovador​";"2.007-Ampliação e Manutenção de Sistemas de Inteligência, Fiscalização e Tecnologia";3.3.90.40.00-SERVIÇOS DE TECNOLOGIA DA INFORMAÇÃO E COMUNICAÇÃO - PESSOA JURÍDICA;;"5918,85";;vínculo em branco;01.110.0000
1769;22 - FITO;004;0001-Administração e Coordenação Geral​;2.008-Estágio e Aprendizagem;3.3.90.36.00-OUTROS SERVIÇOS DE TERCEIROS - PESSOA FÍSICA;;"12210,45";;vínculo em branco;01.110.0000
1770;22 - FITO;004;0001-Administração e Coordenação Geral​;2.011-Manutenção de Equipamentos Públicos ;3.3.90.30.00-MATERIAL DE CONSUMO;;"210000,00";;vínculo em branco;01.110.0000
1771;22 - FITO;004;0016-Escola para Todos​;2.020-Transporte de Alunos ;4.4.90.52.00-EQUIPAMENTOS E MATERIAL PERMANENTE;;"262500,00";;vínculo em branco;01.110.0000
1772;22 - FITO;006-HOSPITAL E MATERNIDADE MUNICIPAL AMADOR AGUIAR;0001-Administração e Coordenação Geral​;2.011-Manutenção de Equipamentos Públicos ;3.3.90.39.00-OUTROS SERVIÇOS DE TERCEIROS - PESSOA JURÍDICA;;"1080,45";;vínculo em branco;01.110.0000
1773;22 - FITO;007-DEPARTAMENTO DE PROTEÇÃO SOCIAL BÁSICA;"0002-Governo Inteligente, Aberto e Inovador​";2.003-Qualificação de Servidores e Processos Institucionais;3.3.90.39.00-OUTROS SERVIÇOS DE TERCEIROS - PESSOA JURÍDICA;;"1076,25";;vínculo em branco;01.110.0000
1774;22 - FITO;007-DEPARTAMENTO DE PROTEÇÃO SOCIAL BÁSICA;"0002-Governo Inteligente, Aberto e Inovador​";"2.007-Ampliação e Manutenção de Sistemas de Inteligência, Fiscalização e Tecnologia";3.3.90.40.00-SERVIÇOS DE TECNOLOGIA DA INFORMAÇÃO E COMUNICAÇÃO - PESSOA JURÍDICA;;"5918,85";;vínculo em branco;01.110.0000
1775;22 - FITO;007-DEPARTAMENTO DE PROTEÇÃO SOCIAL BÁSICA;0001-Administração e Coordenação Geral​;2.008-Estágio e Aprendizagem;3.3.90.36.00-OUTROS SERVIÇOS DE TERCEIROS - PESSOA FÍSICA;;"12210,45";;vínculo em branco;01.110.0000
1776;22 - FITO;007-DEPARTAMENTO DE PROTEÇÃO SOCIAL BÁSICA;"0009-Cultura, Economia Criativa e Patrimônio Histórico​";2.011-Manutenção de Equipamentos Públicos ;3.3.90.92.00-DESPESAS DE EXERCÍCIOS ANTERIORES;;"0,00";;vínculo em branco;01.110.0000
1777;22 - FITO;008-DIRETORIA GERAL DE ATENÇÃO PRIMÁRIA EM SAÚDE;0001-Administração e Coordenação Geral​;2.008-Estágio e Aprendizagem;3.3.90.36.00-OUTROS SERVIÇOS DE TERCEIROS - PESSOA FÍSICA;;"1,05";;vínculo em branco;01.110.0000
1778;22 - FITO;016;"0002-Governo Inteligente, Aberto e Inovador​";"2.007-Ampliação e Manutenção de Sistemas de Inteligência, Fiscalização e Tecnologia";3.3.90.40.00-SERVIÇOS DE TECNOLOGIA DA INFORMAÇÃO E COMUNICAÇÃO - PESSOA JURÍDICA;;"210,00";;vínculo em branco;01.110.0000
1779;22 - FITO;016;0001-Administração e Coordenação Geral​;2.008-Estágio e Aprendizagem;3.3.90.36.00-OUTROS SERVIÇOS DE TERCEIROS - PESSOA FÍSICA;;"31122,00";;vínculo em branco;01.110.0000
1780;22 - FITO;016;"0002-Governo Inteligente, Aberto e Inovador​";2.003-Qualificação de Servidores e Processos Institucionais;3.3.90.39.00-OUTROS SERVIÇOS DE TERCEIROS - PESSOA JURÍDICA;;"21000,00";;vínculo em branco;01.110.0000
1781;22 - FITO;016;0016-Escola para Todos​;2.011-Manutenção de Equipamentos Públicos ;3.3.90.33.00-PASSAGENS E DESPESAS COM LOCOMOÇÃO;;"8400,00";;vínculo em branco;01.110.0000
1782;22 - FITO;016;0016-Escola para Todos​;2.011-Manutenção de Equipamentos Públicos ;3.3.90.37.00;;"210,00";;vínculo em branco;01.110.0000
1783;22 - FITO;016;0016-Escola para Todos​;2.017-Suporte ao Aluno ;3.3.90.30.00-MATERIAL DE CONSUMO;;"2100,00";;vínculo em branco;01.110.0000
1784;22 - FITO;016;0016-Escola para Todos​;2.020-Transporte de Alunos ;4.4.90.52.00-EQUIPAMENTOS E MATERIAL PERMANENTE;;"210,00";;vínculo em branco;01.110.0000
1785;22 - FITO;001-CHEFIA DE GABINETE;0001-Administração e Coordenação Geral​;1.002-Reforma e Ampliação de Unidades;4.4.90.51.00-OBRAS E INSTALAÇÕES;;"10764,60";;vínculo em branco;01.110.0000
1786;22 - FITO;001-CHEFIA DE GABINETE;0001-Administração e Coordenação Geral​;1.002-Reforma e Ampliação de Unidades;4.4.90.92.00;;"0,00";;vínculo em branco;01.110.0000
1787;22 - FITO;001-CHEFIA DE GABINETE;0001-Administração e Coordenação Geral​;"2.001-Remuneração, Benefícios e Encargos";3.1.90.11.00;;"3400000,00";;vínculo em branco;01.110.0000
1788;22 - FITO;001-CHEFIA DE GABINETE;0001-Administração e Coordenação Geral​;"2.001-Remuneração, Benefícios e Encargos";3.1.90.13.00;;"525000,00";;vínculo em branco;01.110.0000
1789;22 - FITO;001-CHEFIA DE GABINETE;0001-Administração e Coordenação Geral​;"2.001-Remuneração, Benefícios e Encargos";3.1.90.94.00;;"150000,00";;vínculo em branco;01.110.0000
1790;22 - FITO;001-CHEFIA DE GABINETE;0001-Administração e Coordenação Geral​;"2.001-Remuneração, Benefícios e Encargos";3.1.91.13.00;;"350000,00";;vínculo em branco;01.110.0000
1791;22 - FITO;001-CHEFIA DE GABINETE;0001-Administração e Coordenação Geral​;"2.001-Remuneração, Benefícios e Encargos";3.3.90.46.00;;"525000,00";;vínculo em branco;01.110.0000
1792;22 - FITO;001-CHEFIA DE GABINETE;0021;0.001-Serviços da Dívida Pública;3.2.90.21.00;;"174941,00";;vínculo em branco;01.110.0000
1793;22 - FITO;001-CHEFIA DE GABINETE;0021;0.001-Serviços da Dívida Pública;4.6.90.71.00;;"630000,00";;vínculo em branco;01.110.0000
1794;22 - FITO;001-CHEFIA DE GABINETE;0021;0.003-Precatórios e Sentenças Judiciais;3.1.90.91.00;;"659426,95";;vínculo em branco;01.110.0000
1795;22 - FITO;001-CHEFIA DE GABINETE;0001-Administração e Coordenação Geral​;"2.001-Remuneração, Benefícios e Encargos";3.3.90.49.00;;"13650,00";;vínculo em branco;01.110.0000
1796;22 - FITO;002-RECURSOS SOB A SUPERVISÃO DA SECRETARIA DE ADMINISTRAÇÃO;0021;0.003-Precatórios e Sentenças Judiciais;3.1.90.91.00;;"288156,70";;vínculo em branco;01.110.0000
1797;22 - FITO;002-RECURSOS SOB A SUPERVISÃO DA SECRETARIA DE ADMINISTRAÇÃO;0001-Administração e Coordenação Geral​;"2.001-Remuneração, Benefícios e Encargos";3.1.90.11.00;;"2625000,00";;vínculo em branco;01.110.0000
1798;22 - FITO;002-RECURSOS SOB A SUPERVISÃO DA SECRETARIA DE ADMINISTRAÇÃO;0001-Administração e Coordenação Geral​;"2.001-Remuneração, Benefícios e Encargos";3.1.90.13.00;;"168040,00";;vínculo em branco;01.110.0000
1799;22 - FITO;002-RECURSOS SOB A SUPERVISÃO DA SECRETARIA DE ADMINISTRAÇÃO;0001-Administração e Coordenação Geral​;"2.001-Remuneração, Benefícios e Encargos";3.1.90.16.00;;"356457,00";;vínculo em branco;01.110.0000
1800;22 - FITO;002-RECURSOS SOB A SUPERVISÃO DA SECRETARIA DE ADMINISTRAÇÃO;0001-Administração e Coordenação Geral​;"2.001-Remuneração, Benefícios e Encargos";3.1.90.94.00;;"400000,00";;vínculo em branco;01.110.0000
1801;22 - FITO;002-RECURSOS SOB A SUPERVISÃO DA SECRETARIA DE ADMINISTRAÇÃO;0001-Administração e Coordenação Geral​;"2.001-Remuneração, Benefícios e Encargos";3.1.91.13.00;;"631478,40";;vínculo em branco;01.110.0000
1802;22 - FITO;002-RECURSOS SOB A SUPERVISÃO DA SECRETARIA DE ADMINISTRAÇÃO;0001-Administração e Coordenação Geral​;"2.001-Remuneração, Benefícios e Encargos";3.3.90.46.00;;"635125,05";;vínculo em branco;01.110.0000
1803;22 - FITO;003-FUNDO MUNICIPAL DE MEIO AMBIENTE;0021;0.003-Precatórios e Sentenças Judiciais;3.1.90.91.00;;"1206,45";;vínculo em branco;01.110.0000
1804;22 - FITO;004;0021;0.003-Precatórios e Sentenças Judiciais;3.1.90.91.00;;"96558,00";;vínculo em branco;01.110.0000
1805;22 - FITO;004;0001-Administração e Coordenação Geral​;"2.001-Remuneração, Benefícios e Encargos";3.1.90.11.00;;"1859180,40";;vínculo em branco;01.110.0000
1806;22 - FITO;004;0001-Administração e Coordenação Geral​;"2.001-Remuneração, Benefícios e Encargos";3.1.90.13.00;;"229374,60";;vínculo em branco;01.110.0000
1807;22 - FITO;004;0001-Administração e Coordenação Geral​;"2.001-Remuneração, Benefícios e Encargos";3.1.90.16.00;;"630000,00";;vínculo em branco;01.110.0000
1808;22 - FITO;004;0001-Administração e Coordenação Geral​;"2.001-Remuneração, Benefícios e Encargos";3.1.90.94.00;;"472500,00";;vínculo em branco;01.110.0000
1809;22 - FITO;004;0001-Administração e Coordenação Geral​;"2.001-Remuneração, Benefícios e Encargos";3.1.91.13.00;;"781830,00";;vínculo em branco;01.110.0000
1810;22 - FITO;004;0001-Administração e Coordenação Geral​;"2.001-Remuneração, Benefícios e Encargos";3.3.90.46.00;;"786344,00";;vínculo em branco;01.110.0000
1811;22 - FITO;005-FUNDO MUNICIPAL DE ASSISTÊNCIA SOCIAL;0021;0.003-Precatórios e Sentenças Judiciais;3.1.90.91.00;;"1206,45";;vínculo em branco;01.110.0000
1812;22 - FITO;006-HOSPITAL E MATERNIDADE MUNICIPAL AMADOR AGUIAR;0021;0.003-Precatórios e Sentenças Judiciais;3.1.90.91.00;;"30173,85";;vínculo em branco;01.110.0000
1813;22 - FITO;006-HOSPITAL E MATERNIDADE MUNICIPAL AMADOR AGUIAR;0001-Administração e Coordenação Geral​;"2.001-Remuneração, Benefícios e Encargos";3.1.90.16.00;;"36840,30";;vínculo em branco;01.110.0000
1814;22 - FITO;007-DEPARTAMENTO DE PROTEÇÃO SOCIAL BÁSICA;0021;0.003-Precatórios e Sentenças Judiciais;3.1.90.91.00;;"30173,85";;vínculo em branco;01.110.0000
1815;22 - FITO;007-DEPARTAMENTO DE PROTEÇÃO SOCIAL BÁSICA;0001-Administração e Coordenação Geral​;"2.001-Remuneração, Benefícios e Encargos";3.1.90.11.00;;"189183,75";;vínculo em branco;01.110.0000
1816;22 - FITO;007-DEPARTAMENTO DE PROTEÇÃO SOCIAL BÁSICA;0001-Administração e Coordenação Geral​;"2.001-Remuneração, Benefícios e Encargos";3.1.90.13.00;;"55809,60";;vínculo em branco;01.110.0000
1817;22 - FITO;007-DEPARTAMENTO DE PROTEÇÃO SOCIAL BÁSICA;0001-Administração e Coordenação Geral​;"2.001-Remuneração, Benefícios e Encargos";3.3.90.46.00;;"10106,25";;vínculo em branco;01.110.0000
1818;22 - FITO;007-DEPARTAMENTO DE PROTEÇÃO SOCIAL BÁSICA;0001-Administração e Coordenação Geral​;"2.001-Remuneração, Benefícios e Encargos";3.3.90.49.00;;"157529,40";;vínculo em branco;01.110.0000
1819;22 - FITO;008-DIRETORIA GERAL DE ATENÇÃO PRIMÁRIA EM SAÚDE;0001-Administração e Coordenação Geral​;"2.001-Remuneração, Benefícios e Encargos";3.1.90.11.00;;"1,05";;vínculo em branco;01.110.0000
1820;22 - FITO;008-DIRETORIA GERAL DE ATENÇÃO PRIMÁRIA EM SAÚDE;0001-Administração e Coordenação Geral​;"2.001-Remuneração, Benefícios e Encargos";3.1.90.13.00;;"1,05";;vínculo em branco;01.110.0000
1821;22 - FITO;008-DIRETORIA GERAL DE ATENÇÃO PRIMÁRIA EM SAÚDE;0001-Administração e Coordenação Geral​;"2.001-Remuneração, Benefícios e Encargos";3.1.90.16.00;;"1,05";;vínculo em branco;01.110.0000
1822;22 - FITO;008-DIRETORIA GERAL DE ATENÇÃO PRIMÁRIA EM SAÚDE;0001-Administração e Coordenação Geral​;"2.001-Remuneração, Benefícios e Encargos";3.1.90.94.00;;"1,05";;vínculo em branco;01.110.0000
1823;22 - FITO;008-DIRETORIA GERAL DE ATENÇÃO PRIMÁRIA EM SAÚDE;0001-Administração e Coordenação Geral​;"2.001-Remuneração, Benefícios e Encargos";3.1.91.13.00;;"1,05";;vínculo em branco;01.110.0000
1824;22 - FITO;008-DIRETORIA GERAL DE ATENÇÃO PRIMÁRIA EM SAÚDE;0001-Administração e Coordenação Geral​;"2.001-Remuneração, Benefícios e Encargos";3.3.90.46.00;;"1,05";;vínculo em branco;01.110.0000
1825;22 - FITO;008-DIRETORIA GERAL DE ATENÇÃO PRIMÁRIA EM SAÚDE;0001-Administração e Coordenação Geral​;"2.001-Remuneração, Benefícios e Encargos";3.3.90.49.00;;"1,05";;vínculo em branco;01.110.0000
1826;22 - FITO;009-DIRETORIA GERAL DA ATENÇÃO SECUNDÁRIA EM SAÚDE;0001-Administração e Coordenação Geral​;"2.001-Remuneração, Benefícios e Encargos";3.1.90.94.00;;"1,05";;vínculo em branco;01.110.0000
1827;22 - FITO;010-DIRETORIA GERAL DE URGÊNCIA E EMERGÊNCIA;0001-Administração e Coordenação Geral​;"2.001-Remuneração, Benefícios e Encargos";3.1.90.94.00;;"1,05";;vínculo em branco;01.110.0000
1828;22 - FITO;011-FUNDO MUNICIPAL DE VALORIZAÇÃO DOS SERVIDORES;0001-Administração e Coordenação Geral​;"2.001-Remuneração, Benefícios e Encargos";3.1.90.94.00;;"1,05";;vínculo em branco;01.110.0000
1829;22 - FITO;012-FUNDO ESPECIAL DE MANUTENÇÃO DOS BOMBEIROS;0001-Administração e Coordenação Geral​;"2.001-Remuneração, Benefícios e Encargos";3.1.90.94.00;;"1,05";;vínculo em branco;01.110.0000
1830;22 - FITO;013;0001-Administração e Coordenação Geral​;"2.001-Remuneração, Benefícios e Encargos";3.1.90.94.00;;"1,05";;vínculo em branco;01.110.0000
1831;22 - FITO;014-FUNDO MUNICIPAL DE MANUTENÇÃO DE VELÓRIOS;0001-Administração e Coordenação Geral​;"2.001-Remuneração, Benefícios e Encargos";3.1.90.94.00;;"1,05";;vínculo em branco;01.110.0000
1832;22 - FITO;015-DIRETORIA GERAL DA GESTÃO DE SAÚDE;0001-Administração e Coordenação Geral​;"2.001-Remuneração, Benefícios e Encargos";3.1.90.94.00;;"1,05";;vínculo em branco;01.110.0000
1833;22 - FITO;016;0021;0.003-Precatórios e Sentenças Judiciais;3.1.90.91.00;;"210,00";;vínculo em branco;01.110.0000
1834;22 - FITO;016;0001-Administração e Coordenação Geral​;"2.001-Remuneração, Benefícios e Encargos";3.1.90.11.00;;"315000,00";;vínculo em branco;01.110.0000
1835;22 - FITO;016;0001-Administração e Coordenação Geral​;"2.001-Remuneração, Benefícios e Encargos";3.1.90.16.00;;"191406,60";;vínculo em branco;01.110.0000
1836;22 - FITO;016;0001-Administração e Coordenação Geral​;"2.001-Remuneração, Benefícios e Encargos";3.1.91.13.00;;"126000,00";;vínculo em branco;01.110.0000
1837;22 - FITO;016;0016-Escola para Todos​;1.002-Reforma e Ampliação de Unidades;3.3.90.39.00-OUTROS SERVIÇOS DE TERCEIROS - PESSOA JURÍDICA;;"420,00";;vínculo em branco;01.110.0000
1838;22 - FITO;001-CHEFIA DE GABINETE;0021;0.001-Serviços da Dívida Pública;3.2.90.21.00;;"174941,00";;vínculo em branco;01.110.0000
1839;22 - FITO;001-CHEFIA DE GABINETE;0021;0.001-Serviços da Dívida Pública;4.6.90.71.00;;"630000,00";;vínculo em branco;01.110.0000
1840;22 - FITO;001-CHEFIA DE GABINETE;0021;0.003-Precatórios e Sentenças Judiciais;3.1.90.91.00;;"659426,95";;vínculo em branco;01.110.0000
1841;22 - FITO;002-RECURSOS SOB A SUPERVISÃO DA SECRETARIA DE ADMINISTRAÇÃO;0021;0.003-Precatórios e Sentenças Judiciais;3.1.90.91.00;;"288156,70";;vínculo em branco;01.110.0000
1842;22 - FITO;003-FUNDO MUNICIPAL DE MEIO AMBIENTE;0021;0.003-Precatórios e Sentenças Judiciais;3.1.90.91.00;;"1206,45";;vínculo em branco;01.110.0000
1843;22 - FITO;004;0021;0.003-Precatórios e Sentenças Judiciais;3.1.90.91.00;;"96558,00";;vínculo em branco;01.110.0000
1844;22 - FITO;005-FUNDO MUNICIPAL DE ASSISTÊNCIA SOCIAL;0021;0.003-Precatórios e Sentenças Judiciais;3.1.90.91.00;;"1206,45";;vínculo em branco;01.110.0000
1845;22 - FITO;006-HOSPITAL E MATERNIDADE MUNICIPAL AMADOR AGUIAR;0021;0.003-Precatórios e Sentenças Judiciais;3.1.90.91.00;;"30173,85";;vínculo em branco;01.110.0000
1846;22 - FITO;007-DEPARTAMENTO DE PROTEÇÃO SOCIAL BÁSICA;0021;0.003-Precatórios e Sentenças Judiciais;3.1.90.91.00;;"30173,85";;vínculo em branco;01.110.0000
1847;22 - FITO;016;0021;0.003-Precatórios e Sentenças Judiciais;3.1.90.91.00;;"210,00";;vínculo em branco;01.110.0000
1848;22 - FITO;001-CHEFIA DE GABINETE;0001-Administração e Coordenação Geral​;2.011-Manutenção de Equipamentos Públicos ;3.3.90.37.00;;"1760000,00";;vínculo em branco;01.110.0000
1849;22 - FITO;001-CHEFIA DE GABINETE;0001-Administração e Coordenação Geral​;2.011-Manutenção de Equipamentos Públicos ;4.4.90.93.00;;"1505396,00";;vínculo em branco;01.110.0000
1850;22 - FITO;001-CHEFIA DE GABINETE;"0002-Governo Inteligente, Aberto e Inovador​";"2.007-Ampliação e Manutenção de Sistemas de Inteligência, Fiscalização e Tecnologia";3.3.90.40.00-SERVIÇOS DE TECNOLOGIA DA INFORMAÇÃO E COMUNICAÇÃO - PESSOA JURÍDICA;;"141204,00";;vínculo em branco;01.110.0000
1851;22 - FITO;001-CHEFIA DE GABINETE;0001-Administração e Coordenação Geral​;2.008-Estágio e Aprendizagem;3.3.90.36.00-OUTROS SERVIÇOS DE TERCEIROS - PESSOA FÍSICA;;"100000,00";;vínculo em branco;01.110.0000
1852;22 - FITO;001-CHEFIA DE GABINETE;"0002-Governo Inteligente, Aberto e Inovador​";2.003-Qualificação de Servidores e Processos Institucionais;3.3.90.39.00-OUTROS SERVIÇOS DE TERCEIROS - PESSOA JURÍDICA;;"800000,00";;vínculo em branco;01.110.0000
1853;22 - FITO;002-RECURSOS SOB A SUPERVISÃO DA SECRETARIA DE ADMINISTRAÇÃO;"0002-Governo Inteligente, Aberto e Inovador​";2.003-Qualificação de Servidores e Processos Institucionais;3.3.90.39.00-OUTROS SERVIÇOS DE TERCEIROS - PESSOA JURÍDICA;;"367500,00";;vínculo em branco;01.110.0000
1854;22 - FITO;002-RECURSOS SOB A SUPERVISÃO DA SECRETARIA DE ADMINISTRAÇÃO;0001-Administração e Coordenação Geral​;2.011-Manutenção de Equipamentos Públicos ;3.3.90.30.00-MATERIAL DE CONSUMO;;"210000,00";;vínculo em branco;01.110.0000
1855;22 - FITO;002-RECURSOS SOB A SUPERVISÃO DA SECRETARIA DE ADMINISTRAÇÃO;"0002-Governo Inteligente, Aberto e Inovador​";"2.007-Ampliação e Manutenção de Sistemas de Inteligência, Fiscalização e Tecnologia";3.3.90.40.00-SERVIÇOS DE TECNOLOGIA DA INFORMAÇÃO E COMUNICAÇÃO - PESSOA JURÍDICA;;"5918,85";;vínculo em branco;01.110.0000
1856;22 - FITO;002-RECURSOS SOB A SUPERVISÃO DA SECRETARIA DE ADMINISTRAÇÃO;0001-Administração e Coordenação Geral​;2.008-Estágio e Aprendizagem;3.3.90.36.00-OUTROS SERVIÇOS DE TERCEIROS - PESSOA FÍSICA;;"105000,00";;vínculo em branco;01.110.0000
1857;22 - FITO;002-RECURSOS SOB A SUPERVISÃO DA SECRETARIA DE ADMINISTRAÇÃO;0016-Escola para Todos​;2.011-Manutenção de Equipamentos Públicos ;3.3.90.47.00;;"178530,45";;vínculo em branco;01.110.0000
1858;22 - FITO;002-RECURSOS SOB A SUPERVISÃO DA SECRETARIA DE ADMINISTRAÇÃO;0016-Escola para Todos​;2.020-Transporte de Alunos ;4.4.90.52.00-EQUIPAMENTOS E MATERIAL PERMANENTE;;"105000,00";;vínculo em branco;01.110.0000
1859;22 - FITO;004;"0002-Governo Inteligente, Aberto e Inovador​";2.003-Qualificação de Servidores e Processos Institucionais;3.3.90.39.00-OUTROS SERVIÇOS DE TERCEIROS - PESSOA JURÍDICA;;"300000,00";;vínculo em branco;01.110.0000
1860;22 - FITO;004;0001-Administração e Coordenação Geral​;2.011-Manutenção de Equipamentos Públicos ;3.3.90.30.00-MATERIAL DE CONSUMO;;"200000,00";;vínculo em branco;01.110.0000
1861;22 - FITO;004;"0002-Governo Inteligente, Aberto e Inovador​";"2.007-Ampliação e Manutenção de Sistemas de Inteligência, Fiscalização e Tecnologia";3.3.90.40.00-SERVIÇOS DE TECNOLOGIA DA INFORMAÇÃO E COMUNICAÇÃO - PESSOA JURÍDICA;;"5918,85";;vínculo em branco;01.110.0000
1862;22 - FITO;004;0001-Administração e Coordenação Geral​;2.008-Estágio e Aprendizagem;3.3.90.36.00-OUTROS SERVIÇOS DE TERCEIROS - PESSOA FÍSICA;;"12210,45";;vínculo em branco;01.110.0000
1863;22 - FITO;004;0001-Administração e Coordenação Geral​;2.011-Manutenção de Equipamentos Públicos ;3.3.90.30.00-MATERIAL DE CONSUMO;;"210000,00";;vínculo em branco;01.110.0000
1864;22 - FITO;004;0016-Escola para Todos​;2.020-Transporte de Alunos ;4.4.90.52.00-EQUIPAMENTOS E MATERIAL PERMANENTE;;"262500,00";;vínculo em branco;01.110.0000
1865;22 - FITO;006-HOSPITAL E MATERNIDADE MUNICIPAL AMADOR AGUIAR;0001-Administração e Coordenação Geral​;2.011-Manutenção de Equipamentos Públicos ;3.3.90.39.00-OUTROS SERVIÇOS DE TERCEIROS - PESSOA JURÍDICA;;"1080,45";;vínculo em branco;01.110.0000
1866;22 - FITO;007-DEPARTAMENTO DE PROTEÇÃO SOCIAL BÁSICA;"0002-Governo Inteligente, Aberto e Inovador​";2.003-Qualificação de Servidores e Processos Institucionais;3.3.90.39.00-OUTROS SERVIÇOS DE TERCEIROS - PESSOA JURÍDICA;;"1076,25";;vínculo em branco;01.110.0000
1867;22 - FITO;007-DEPARTAMENTO DE PROTEÇÃO SOCIAL BÁSICA;"0002-Governo Inteligente, Aberto e Inovador​";"2.007-Ampliação e Manutenção de Sistemas de Inteligência, Fiscalização e Tecnologia";3.3.90.40.00-SERVIÇOS DE TECNOLOGIA DA INFORMAÇÃO E COMUNICAÇÃO - PESSOA JURÍDICA;;"5918,85";;vínculo em branco;01.110.0000
1868;22 - FITO;007-DEPARTAMENTO DE PROTEÇÃO SOCIAL BÁSICA;0001-Administração e Coordenação Geral​;2.008-Estágio e Aprendizagem;3.3.90.36.00-OUTROS SERVIÇOS DE TERCEIROS - PESSOA FÍSICA;;"12210,45";;vínculo em branco;01.110.0000
1869;22 - FITO;007-DEPARTAMENTO DE PROTEÇÃO SOCIAL BÁSICA;"0009-Cultura, Economia Criativa e Patrimônio Histórico​";2.011-Manutenção de Equipamentos Públicos ;3.3.90.92.00-DESPESAS DE EXERCÍCIOS ANTERIORES;;"0,00";;vínculo em branco;01.110.0000
1870;22 - FITO;008-DIRETORIA GERAL DE ATENÇÃO PRIMÁRIA EM SAÚDE;0001-Administração e Coordenação Geral​;2.008-Estágio e Aprendizagem;3.3.90.36.00-OUTROS SERVIÇOS DE TERCEIROS - PESSOA FÍSICA;;"1,05";;vínculo em branco;01.110.0000
1871;22 - FITO;016;"0002-Governo Inteligente, Aberto e Inovador​";"2.007-Ampliação e Manutenção de Sistemas de Inteligência, Fiscalização e Tecnologia";3.3.90.40.00-SERVIÇOS DE TECNOLOGIA DA INFORMAÇÃO E COMUNICAÇÃO - PESSOA JURÍDICA;;"210,00";;vínculo em branco;01.110.0000
1872;22 - FITO;016;0001-Administração e Coordenação Geral​;2.008-Estágio e Aprendizagem;3.3.90.36.00-OUTROS SERVIÇOS DE TERCEIROS - PESSOA FÍSICA;;"31122,00";;vínculo em branco;01.110.0000
1873;22 - FITO;016;"0002-Governo Inteligente, Aberto e Inovador​";2.003-Qualificação de Servidores e Processos Institucionais;3.3.90.39.00-OUTROS SERVIÇOS DE TERCEIROS - PESSOA JURÍDICA;;"21000,00";;vínculo em branco;01.110.0000
1874;22 - FITO;016;0016-Escola para Todos​;2.011-Manutenção de Equipamentos Públicos ;3.3.90.33.00-PASSAGENS E DESPESAS COM LOCOMOÇÃO;;"8400,00";;vínculo em branco;01.110.0000
1875;22 - FITO;016;0016-Escola para Todos​;2.011-Manutenção de Equipamentos Públicos ;3.3.90.37.00;;"210,00";;vínculo em branco;01.110.0000
1876;22 - FITO;016;0016-Escola para Todos​;2.017-Suporte ao Aluno ;3.3.90.30.00-MATERIAL DE CONSUMO;;"2100,00";;vínculo em branco;01.110.0000
1877;22 - FITO;016;0016-Escola para Todos​;2.020-Transporte de Alunos ;4.4.90.52.00-EQUIPAMENTOS E MATERIAL PERMANENTE;;"210,00";;vínculo em branco;01.110.0000
1878;22 - FITO;001-CHEFIA DE GABINETE;0001-Administração e Coordenação Geral​;1.002-Reforma e Ampliação de Unidades;4.4.90.51.00-OBRAS E INSTALAÇÕES;;"10764,60";;vínculo em branco;01.110.0000
1879;22 - FITO;001-CHEFIA DE GABINETE;0001-Administração e Coordenação Geral​;1.002-Reforma e Ampliação de Unidades;4.4.90.92.00;;"0,00";;vínculo em branco;01.110.0000
1880;22 - FITO;001-CHEFIA DE GABINETE;0001-Administração e Coordenação Geral​;"2.001-Remuneração, Benefícios e Encargos";3.1.90.11.00;;"3400000,00";;vínculo em branco;01.110.0000
1881;22 - FITO;001-CHEFIA DE GABINETE;0001-Administração e Coordenação Geral​;"2.001-Remuneração, Benefícios e Encargos";3.1.90.13.00;;"525000,00";;vínculo em branco;01.110.0000
1882;22 - FITO;001-CHEFIA DE GABINETE;0001-Administração e Coordenação Geral​;"2.001-Remuneração, Benefícios e Encargos";3.1.90.94.00;;"150000,00";;vínculo em branco;01.110.0000
1883;22 - FITO;001-CHEFIA DE GABINETE;0001-Administração e Coordenação Geral​;"2.001-Remuneração, Benefícios e Encargos";3.1.91.13.00;;"350000,00";;vínculo em branco;01.110.0000
1884;22 - FITO;001-CHEFIA DE GABINETE;0001-Administração e Coordenação Geral​;"2.001-Remuneração, Benefícios e Encargos";3.3.90.46.00;;"525000,00";;vínculo em branco;01.110.0000
1885;22 - FITO;001-CHEFIA DE GABINETE;0001-Administração e Coordenação Geral​;"2.001-Remuneração, Benefícios e Encargos";3.3.90.49.00;;"13650,00";;vínculo em branco;01.110.0000
1886;22 - FITO;002-RECURSOS SOB A SUPERVISÃO DA SECRETARIA DE ADMINISTRAÇÃO;0001-Administração e Coordenação Geral​;"2.001-Remuneração, Benefícios e Encargos";3.1.90.11.00;;"2625000,00";;vínculo em branco;01.110.0000
1887;22 - FITO;002-RECURSOS SOB A SUPERVISÃO DA SECRETARIA DE ADMINISTRAÇÃO;0001-Administração e Coordenação Geral​;"2.001-Remuneração, Benefícios e Encargos";3.1.90.13.00;;"168040,00";;vínculo em branco;01.110.0000
1888;22 - FITO;002-RECURSOS SOB A SUPERVISÃO DA SECRETARIA DE ADMINISTRAÇÃO;0001-Administração e Coordenação Geral​;"2.001-Remuneração, Benefícios e Encargos";3.1.90.16.00;;"356457,00";;vínculo em branco;01.110.0000
1889;22 - FITO;002-RECURSOS SOB A SUPERVISÃO DA SECRETARIA DE ADMINISTRAÇÃO;0001-Administração e Coordenação Geral​;"2.001-Remuneração, Benefícios e Encargos";3.1.90.94.00;;"400000,00";;vínculo em branco;01.110.0000
1890;22 - FITO;002-RECURSOS SOB A SUPERVISÃO DA SECRETARIA DE ADMINISTRAÇÃO;0001-Administração e Coordenação Geral​;"2.001-Remuneração, Benefícios e Encargos";3.1.91.13.00;;"631478,40";;vínculo em branco;01.110.0000
1891;22 - FITO;002-RECURSOS SOB A SUPERVISÃO DA SECRETARIA DE ADMINISTRAÇÃO;0001-Administração e Coordenação Geral​;"2.001-Remuneração, Benefícios e Encargos";3.3.90.46.00;;"635125,05";;vínculo em branco;01.110.0000
1892;22 - FITO;004;0001-Administração e Coordenação Geral​;"2.001-Remuneração, Benefícios e Encargos";3.1.90.11.00;;"1859180,40";;vínculo em branco;01.110.0000
1893;22 - FITO;004;0001-Administração e Coordenação Geral​;"2.001-Remuneração, Benefícios e Encargos";3.1.90.13.00;;"229374,60";;vínculo em branco;01.110.0000
1894;22 - FITO;004;0001-Administração e Coordenação Geral​;"2.001-Remuneração, Benefícios e Encargos";3.1.90.16.00;;"630000,00";;vínculo em branco;01.110.0000
1895;22 - FITO;004;0001-Administração e Coordenação Geral​;"2.001-Remuneração, Benefícios e Encargos";3.1.90.94.00;;"472500,00";;vínculo em branco;01.110.0000
1896;22 - FITO;004;0001-Administração e Coordenação Geral​;"2.001-Remuneração, Benefícios e Encargos";3.1.91.13.00;;"781830,00";;vínculo em branco;01.110.0000
1897;22 - FITO;004;0001-Administração e Coordenação Geral​;"2.001-Remuneração, Benefícios e Encargos";3.3.90.46.00;;"786344,00";;vínculo em branco;01.110.0000
1898;22 - FITO;006-HOSPITAL E MATERNIDADE MUNICIPAL AMADOR AGUIAR;0001-Administração e Coordenação Geral​;"2.001-Remuneração, Benefícios e Encargos";3.1.90.16.00;;"36840,30";;vínculo em branco;01.110.0000
1899;22 - FITO;007-DEPARTAMENTO DE PROTEÇÃO SOCIAL BÁSICA;0001-Administração e Coordenação Geral​;"2.001-Remuneração, Benefícios e Encargos";3.1.90.11.00;;"189183,75";;vínculo em branco;01.110.0000
1900;22 - FITO;007-DEPARTAMENTO DE PROTEÇÃO SOCIAL BÁSICA;0001-Administração e Coordenação Geral​;"2.001-Remuneração, Benefícios e Encargos";3.1.90.13.00;;"55809,60";;vínculo em branco;01.110.0000
1901;22 - FITO;007-DEPARTAMENTO DE PROTEÇÃO SOCIAL BÁSICA;0001-Administração e Coordenação Geral​;"2.001-Remuneração, Benefícios e Encargos";3.3.90.46.00;;"10106,25";;vínculo em branco;01.110.0000
1902;22 - FITO;007-DEPARTAMENTO DE PROTEÇÃO SOCIAL BÁSICA;0001-Administração e Coordenação Geral​;"2.001-Remuneração, Benefícios e Encargos";3.3.90.49.00;;"157529,40";;vínculo em branco;01.110.0000
1903;22 - FITO;008-DIRETORIA GERAL DE ATENÇÃO PRIMÁRIA EM SAÚDE;0001-Administração e Coordenação Geral​;"2.001-Remuneração, Benefícios e Encargos";3.1.90.11.00;;"1,05";;vínculo em branco;01.110.0000
1904;22 - FITO;008-DIRETORIA GERAL DE ATENÇÃO PRIMÁRIA EM SAÚDE;0001-Administração e Coordenação Geral​;"2.001-Remuneração, Benefícios e Encargos";3.1.90.13.00;;"1,05";;vínculo em branco;01.110.0000
1905;22 - FITO;008-DIRETORIA GERAL DE ATENÇÃO PRIMÁRIA EM SAÚDE;0001-Administração e Coordenação Geral​;"2.001-Remuneração, Benefícios e Encargos";3.1.90.16.00;;"1,05";;vínculo em branco;01.110.0000
1906;22 - FITO;008-DIRETORIA GERAL DE ATENÇÃO PRIMÁRIA EM SAÚDE;0001-Administração e Coordenação Geral​;"2.001-Remuneração, Benefícios e Encargos";3.1.90.94.00;;"1,05";;vínculo em branco;01.110.0000
1907;22 - FITO;008-DIRETORIA GERAL DE ATENÇÃO PRIMÁRIA EM SAÚDE;0001-Administração e Coordenação Geral​;"2.001-Remuneração, Benefícios e Encargos";3.1.91.13.00;;"1,05";;vínculo em branco;01.110.0000
1908;22 - FITO;008-DIRETORIA GERAL DE ATENÇÃO PRIMÁRIA EM SAÚDE;0001-Administração e Coordenação Geral​;"2.001-Remuneração, Benefícios e Encargos";3.3.90.46.00;;"1,05";;vínculo em branco;01.110.0000
1909;22 - FITO;008-DIRETORIA GERAL DE ATENÇÃO PRIMÁRIA EM SAÚDE;0001-Administração e Coordenação Geral​;"2.001-Remuneração, Benefícios e Encargos";3.3.90.49.00;;"1,05";;vínculo em branco;01.110.0000
1910;22 - FITO;009-DIRETORIA GERAL DA ATENÇÃO SECUNDÁRIA EM SAÚDE;0001-Administração e Coordenação Geral​;"2.001-Remuneração, Benefícios e Encargos";3.1.90.94.00;;"1,05";;vínculo em branco;01.110.0000
1911;22 - FITO;010-DIRETORIA GERAL DE URGÊNCIA E EMERGÊNCIA;0001-Administração e Coordenação Geral​;"2.001-Remuneração, Benefícios e Encargos";3.1.90.94.00;;"1,05";;vínculo em branco;01.110.0000
1912;22 - FITO;011-FUNDO MUNICIPAL DE VALORIZAÇÃO DOS SERVIDORES;0001-Administração e Coordenação Geral​;"2.001-Remuneração, Benefícios e Encargos";3.1.90.94.00;;"1,05";;vínculo em branco;01.110.0000
1913;22 - FITO;012-FUNDO ESPECIAL DE MANUTENÇÃO DOS BOMBEIROS;0001-Administração e Coordenação Geral​;"2.001-Remuneração, Benefícios e Encargos";3.1.90.94.00;;"1,05";;vínculo em branco;01.110.0000
1914;22 - FITO;013;0001-Administração e Coordenação Geral​;"2.001-Remuneração, Benefícios e Encargos";3.1.90.94.00;;"1,05";;vínculo em branco;01.110.0000
1915;22 - FITO;014-FUNDO MUNICIPAL DE MANUTENÇÃO DE VELÓRIOS;0001-Administração e Coordenação Geral​;"2.001-Remuneração, Benefícios e Encargos";3.1.90.94.00;;"1,05";;vínculo em branco;01.110.0000
1916;22 - FITO;015-DIRETORIA GERAL DA GESTÃO DE SAÚDE;0001-Administração e Coordenação Geral​;"2.001-Remuneração, Benefícios e Encargos";3.1.90.94.00;;"1,05";;vínculo em branco;01.110.0000
1917;22 - FITO;016;0001-Administração e Coordenação Geral​;"2.001-Remuneração, Benefícios e Encargos";3.1.90.11.00;;"315000,00";;vínculo em branco;01.110.0000
1918;22 - FITO;016;0001-Administração e Coordenação Geral​;"2.001-Remuneração, Benefícios e Encargos";3.1.90.16.00;;"191406,60";;vínculo em branco;01.110.0000
1919;22 - FITO;016;0001-Administração e Coordenação Geral​;"2.001-Remuneração, Benefícios e Encargos";3.1.91.13.00;;"126000,00";;vínculo em branco;01.110.0000
1920;22 - FITO;016;0016-Escola para Todos​;1.002-Reforma e Ampliação de Unidades;3.3.90.39.00-OUTROS SERVIÇOS DE TERCEIROS - PESSOA JURÍDICA;;"420,00";;vínculo em branco;01.110.0000
2098;28 - SECRETARIA DE GOVERNO;001-CHEFIA DE GABINETE;0001-Administração e Coordenação Geral​;2.006-Representações Oficiais ;3.3.90.33.00-PASSAGENS E DESPESAS COM LOCOMOÇÃO;;"269997,00";;vínculo em branco;01.110.0000
2099;28 - SECRETARIA DE GOVERNO;001-CHEFIA DE GABINETE;0001-Administração e Coordenação Geral​;2.006-Representações Oficiais ;3.3.90.39.00-OUTROS SERVIÇOS DE TERCEIROS - PESSOA JURÍDICA;;"269997,00";;vínculo em branco;01.110.0000
2100;28 - SECRETARIA DE GOVERNO;001-CHEFIA DE GABINETE;0001-Administração e Coordenação Geral​;2.011-Manutenção de Equipamentos Públicos ;3.3.90.30.00-MATERIAL DE CONSUMO;;"353519,00";;vínculo em branco;01.110.0000
2101;28 - SECRETARIA DE GOVERNO;001-CHEFIA DE GABINETE;0001-Administração e Coordenação Geral​;2.011-Manutenção de Equipamentos Públicos ;3.3.90.39.00-OUTROS SERVIÇOS DE TERCEIROS - PESSOA JURÍDICA;;"357450,65";;vínculo em branco;01.110.0000
2102;28 - SECRETARIA DE GOVERNO;001-CHEFIA DE GABINETE;"0002-Governo Inteligente, Aberto e Inovador​";"2.007-Ampliação e Manutenção de Sistemas de Inteligência, Fiscalização e Tecnologia";3.3.90.39.00-OUTROS SERVIÇOS DE TERCEIROS - PESSOA JURÍDICA;;"1,00";;vínculo em branco;01.110.0000
2103;28 - SECRETARIA DE GOVERNO;001-CHEFIA DE GABINETE;"0002-Governo Inteligente, Aberto e Inovador​";"2.007-Ampliação e Manutenção de Sistemas de Inteligência, Fiscalização e Tecnologia";3.3.90.40.00-SERVIÇOS DE TECNOLOGIA DA INFORMAÇÃO E COMUNICAÇÃO - PESSOA JURÍDICA;;"1679599,00";;vínculo em branco;01.110.0000
2104;28 - SECRETARIA DE GOVERNO;001-CHEFIA DE GABINETE;"0002-Governo Inteligente, Aberto e Inovador​";2.003-Qualificação de Servidores e Processos Institucionais;3.3.90.36.00-OUTROS SERVIÇOS DE TERCEIROS - PESSOA FÍSICA;;"1,00";;vínculo em branco;01.110.0000
2105;28 - SECRETARIA DE GOVERNO;001-CHEFIA DE GABINETE;"0002-Governo Inteligente, Aberto e Inovador​";2.003-Qualificação de Servidores e Processos Institucionais;3.3.90.39.00-OUTROS SERVIÇOS DE TERCEIROS - PESSOA JURÍDICA;;"1,00";;vínculo em branco;01.110.0000
2106;28 - SECRETARIA DE GOVERNO;001-CHEFIA DE GABINETE;"0002-Governo Inteligente, Aberto e Inovador​";"2.005-Promoção de Eventos, Comunicação e Participação Social ";3.3.90.30.00-MATERIAL DE CONSUMO;;"519,55";;vínculo em branco;01.110.0000
2107;28 - SECRETARIA DE GOVERNO;001-CHEFIA DE GABINETE;"0002-Governo Inteligente, Aberto e Inovador​";"2.005-Promoção de Eventos, Comunicação e Participação Social ";3.3.90.39.00-OUTROS SERVIÇOS DE TERCEIROS - PESSOA JURÍDICA;;"6235,60";;vínculo em branco;01.110.0000
2108;28 - SECRETARIA DE GOVERNO;007-DEPARTAMENTO DE PROTEÇÃO SOCIAL BÁSICA;"0002-Governo Inteligente, Aberto e Inovador​";"2.005-Promoção de Eventos, Comunicação e Participação Social ";3.3.90.30.00-MATERIAL DE CONSUMO;;"1039,10";;vínculo em branco;01.110.0000
2109;28 - SECRETARIA DE GOVERNO;007-DEPARTAMENTO DE PROTEÇÃO SOCIAL BÁSICA;"0002-Governo Inteligente, Aberto e Inovador​";"2.005-Promoção de Eventos, Comunicação e Participação Social ";3.3.90.39.00-OUTROS SERVIÇOS DE TERCEIROS - PESSOA JURÍDICA;;"8313,80";;vínculo em branco;01.110.0000
2110;28 - SECRETARIA DE GOVERNO;001-CHEFIA DE GABINETE;0001-Administração e Coordenação Geral​;2.011-Manutenção de Equipamentos Públicos ;4.4.90.52.00-EQUIPAMENTOS E MATERIAL PERMANENTE;;"0,00";;vínculo em branco;01.110.0000
2111;28 - SECRETARIA DE GOVERNO;007-DEPARTAMENTO DE PROTEÇÃO SOCIAL BÁSICA;0001-Administração e Coordenação Geral​;"2.005-Promoção de Eventos, Comunicação e Participação Social ";3.3.90.39.00-OUTROS SERVIÇOS DE TERCEIROS - PESSOA JURÍDICA;;"0,00";;vínculo em branco;01.110.0000
2112;28 - SECRETARIA DE GOVERNO;007-DEPARTAMENTO DE PROTEÇÃO SOCIAL BÁSICA;0001-Administração e Coordenação Geral​;"2.005-Promoção de Eventos, Comunicação e Participação Social ";3.3.90.30.00-MATERIAL DE CONSUMO;;"0,00";;vínculo em branco;01.110.0000
2113;28 - SECRETARIA DE GOVERNO;001-CHEFIA DE GABINETE;0004-Planejamento e Gestão de Políticas Públicas ;"1.001-Estudos, Pesquisas, Planos e Projetos ";3.3.90.35.00-SERVIÇOS DE CONSULTORIA;;"1,00";;vínculo em branco;01.110.0000
2114;28 - SECRETARIA DE GOVERNO;001-CHEFIA DE GABINETE;0001-Administração e Coordenação Geral​;1.002-Reforma e Ampliação de Unidades;3.3.90.39.00-OUTROS SERVIÇOS DE TERCEIROS - PESSOA JURÍDICA;;"2,00";;vínculo em branco;01.110.0000
2115;28 - SECRETARIA DE GOVERNO;001-CHEFIA DE GABINETE;0001-Administração e Coordenação Geral​;"2.001-Remuneração, Benefícios e Encargos";3.1.90.11.00;;"18927314,10";;vínculo em branco;01.110.0000
2116;28 - SECRETARIA DE GOVERNO;001-CHEFIA DE GABINETE;0001-Administração e Coordenação Geral​;"2.001-Remuneração, Benefícios e Encargos";3.1.90.13.00;;"1567703,65";;vínculo em branco;01.110.0000
2117;28 - SECRETARIA DE GOVERNO;001-CHEFIA DE GABINETE;0001-Administração e Coordenação Geral​;"2.001-Remuneração, Benefícios e Encargos";3.1.91.13.00;;"1961738,73";;vínculo em branco;01.110.0000
2118;28 - SECRETARIA DE GOVERNO;001-CHEFIA DE GABINETE;0001-Administração e Coordenação Geral​;"2.001-Remuneração, Benefícios e Encargos";3.3.90.49.00;;"101863,56";;vínculo em branco;01.110.0000
2119;28 - SECRETARIA DE GOVERNO;001-CHEFIA DE GABINETE;0004-Planejamento e Gestão de Políticas Públicas ;"1.001-Estudos, Pesquisas, Planos e Projetos ";3.3.90.39.00-OUTROS SERVIÇOS DE TERCEIROS - PESSOA JURÍDICA;;"0,00";;vínculo em branco;01.110.0000
2120;28 - SECRETARIA DE GOVERNO;001-CHEFIA DE GABINETE;0001-Administração e Coordenação Geral​;1.002-Reforma e Ampliação de Unidades;3.3.90.30.00-MATERIAL DE CONSUMO;;"0,00";;vínculo em branco;01.110.0000
2125;29 - SECRETARIA EXECUTIVA DA INFÂNCIA E JUVENTUDE;001-CHEFIA DE GABINETE;0001-Administração e Coordenação Geral​;2.006-Representações Oficiais ;3.3.90.33.00-PASSAGENS E DESPESAS COM LOCOMOÇÃO;;"1,00";;vínculo em branco;01.110.0000
2126;29 - SECRETARIA EXECUTIVA DA INFÂNCIA E JUVENTUDE;001-CHEFIA DE GABINETE;0001-Administração e Coordenação Geral​;2.006-Representações Oficiais ;3.3.90.39.00-OUTROS SERVIÇOS DE TERCEIROS - PESSOA JURÍDICA;;"1,00";;vínculo em branco;01.110.0000
2127;29 - SECRETARIA EXECUTIVA DA INFÂNCIA E JUVENTUDE;001-CHEFIA DE GABINETE;"0002-Governo Inteligente, Aberto e Inovador​";2.003-Qualificação de Servidores e Processos Institucionais;3.3.90.36.00-OUTROS SERVIÇOS DE TERCEIROS - PESSOA FÍSICA;;"1,00";;vínculo em branco;01.110.0000
2128;29 - SECRETARIA EXECUTIVA DA INFÂNCIA E JUVENTUDE;001-CHEFIA DE GABINETE;"0002-Governo Inteligente, Aberto e Inovador​";2.003-Qualificação de Servidores e Processos Institucionais;3.3.90.39.00-OUTROS SERVIÇOS DE TERCEIROS - PESSOA JURÍDICA;;"1,00";;vínculo em branco;01.110.0000
2129;29 - SECRETARIA EXECUTIVA DA INFÂNCIA E JUVENTUDE;001-CHEFIA DE GABINETE;"0002-Governo Inteligente, Aberto e Inovador​";"2.005-Promoção de Eventos, Comunicação e Participação Social ";3.3.90.30.00-MATERIAL DE CONSUMO;;"3117,30";;vínculo em branco;01.110.0000
2130;29 - SECRETARIA EXECUTIVA DA INFÂNCIA E JUVENTUDE;001-CHEFIA DE GABINETE;"0002-Governo Inteligente, Aberto e Inovador​";"2.005-Promoção de Eventos, Comunicação e Participação Social ";3.3.90.39.00-OUTROS SERVIÇOS DE TERCEIROS - PESSOA JURÍDICA;;"7274,70";;vínculo em branco;01.110.0000
2131;29 - SECRETARIA EXECUTIVA DA INFÂNCIA E JUVENTUDE;001-CHEFIA DE GABINETE;0018-Proteção Social e Garantia de Direitos​;2.011-Manutenção de Equipamentos Públicos ;3.3.90.30.00-MATERIAL DE CONSUMO;;"67541,50";;vínculo em branco;01.110.0000
2132;29 - SECRETARIA EXECUTIVA DA INFÂNCIA E JUVENTUDE;001-CHEFIA DE GABINETE;0018-Proteção Social e Garantia de Direitos​;2.011-Manutenção de Equipamentos Públicos ;3.3.90.39.00-OUTROS SERVIÇOS DE TERCEIROS - PESSOA JURÍDICA;;"36173,00";;vínculo em branco;01.110.0000
2133;29 - SECRETARIA EXECUTIVA DA INFÂNCIA E JUVENTUDE;001-CHEFIA DE GABINETE;0018-Proteção Social e Garantia de Direitos​;2.011-Manutenção de Equipamentos Públicos ;4.4.90.52.00-EQUIPAMENTOS E MATERIAL PERMANENTE;;"44517,12";;vínculo em branco;01.110.0000
2134;29 - SECRETARIA EXECUTIVA DA INFÂNCIA E JUVENTUDE;001-CHEFIA DE GABINETE;0018-Proteção Social e Garantia de Direitos​;2.041-Ação Transversal de Garantia de Direitos;3.3.50.39.00-OUTROS SERVIÇOS DE TERCEIROS - PESSOA JURÍDICA;;"0,00";;vínculo em branco;01.110.0000
2135;29 - SECRETARIA EXECUTIVA DA INFÂNCIA E JUVENTUDE;002-RECURSOS SOB A SUPERVISÃO DA SECRETARIA DE ADMINISTRAÇÃO;0018-Proteção Social e Garantia de Direitos​;2.041-Ação Transversal de Garantia de Direitos;3.3.50.39.00-OUTROS SERVIÇOS DE TERCEIROS - PESSOA JURÍDICA;;"13451278,24";;vínculo em branco;01.110.0000
2136;29 - SECRETARIA EXECUTIVA DA INFÂNCIA E JUVENTUDE;002-RECURSOS SOB A SUPERVISÃO DA SECRETARIA DE ADMINISTRAÇÃO;0018-Proteção Social e Garantia de Direitos​;2.041-Ação Transversal de Garantia de Direitos;4.4.50.39.00-OUTROS SERVIÇOS DE TERCEIROS - PESSOA JURÍDICA;;"1,00";;vínculo em branco;01.110.0000
2137;29 - SECRETARIA EXECUTIVA DA INFÂNCIA E JUVENTUDE;002-RECURSOS SOB A SUPERVISÃO DA SECRETARIA DE ADMINISTRAÇÃO;0018-Proteção Social e Garantia de Direitos​;2.041-Ação Transversal de Garantia de Direitos;4.4.50.52.00-EQUIPAMENTOS E MATERIAL PERMANENTE;;"1,00";;vínculo em branco;01.110.0000
2138;29 - SECRETARIA EXECUTIVA DA INFÂNCIA E JUVENTUDE;001-CHEFIA DE GABINETE;0001-Administração e Coordenação Geral​;"2.001-Remuneração, Benefícios e Encargos";3.1.90.11.00;;"5916025,21";;vínculo em branco;01.110.0000
2139;29 - SECRETARIA EXECUTIVA DA INFÂNCIA E JUVENTUDE;001-CHEFIA DE GABINETE;0001-Administração e Coordenação Geral​;"2.001-Remuneração, Benefícios e Encargos";3.1.90.13.00;;"1115527,10";;vínculo em branco;01.110.0000
2140;29 - SECRETARIA EXECUTIVA DA INFÂNCIA E JUVENTUDE;001-CHEFIA DE GABINETE;0001-Administração e Coordenação Geral​;"2.001-Remuneração, Benefícios e Encargos";3.1.91.13.00;;"230249,16";;vínculo em branco;01.110.0000
2141;29 - SECRETARIA EXECUTIVA DA INFÂNCIA E JUVENTUDE;001-CHEFIA DE GABINETE;0001-Administração e Coordenação Geral​;"2.001-Remuneração, Benefícios e Encargos";3.3.90.46.00;;"3,33";;vínculo em branco;01.110.0000
2142;29 - SECRETARIA EXECUTIVA DA INFÂNCIA E JUVENTUDE;001-CHEFIA DE GABINETE;0001-Administração e Coordenação Geral​;"2.001-Remuneração, Benefícios e Encargos";3.3.90.49.00;;"49690,21";;vínculo em branco;01.110.0000
2143;29 - SECRETARIA EXECUTIVA DA INFÂNCIA E JUVENTUDE;001-CHEFIA DE GABINETE;0001-Administração e Coordenação Geral​;1.002-Reforma e Ampliação de Unidades;3.3.90.39.00-OUTROS SERVIÇOS DE TERCEIROS - PESSOA JURÍDICA;;"1,00";;vínculo em branco;01.110.0000
2144;29 - SECRETARIA EXECUTIVA DA INFÂNCIA E JUVENTUDE;001-CHEFIA DE GABINETE;0018-Proteção Social e Garantia de Direitos​;1.003-Implantação de Novas Unidades;4.4.90.52.00-EQUIPAMENTOS E MATERIAL PERMANENTE;;"1,00";;vínculo em branco;01.110.0000
2479;77 - IPMO - RC;777;9999;9.999;9.9.99.99.00;;"60640307,00";;vínculo em branco;01.110.0000
2481;99 - PMO - RC;999;9999;9.999;9.9.99.99.00;;"51000000,01";;vínculo em branco;01.110.0000