PROGRAMÁTICA,VALOR FINAL ARREDONDADO
01.001.01.031.0003.2.042.4.4.50.52.01.110.0000,"2.000.000,00 "
02.001.04.122.0001.2.011.3.3.90.30.01.110.0000,"22.500,00 "
02.001.04.122.0001.2.011.3.3.90.30.01.110.0000,"6.500,00 "
02.001.04.122.0001.2.011.3.3.90.30.01.110.0000,"5.000,00 "
02.001.04.122.0001.2.011.3.3.90.39.01.110.0000,"0,00 "
02.012.04.122.0001.2.011.3.3.90.30.01.110.0000,"527.764,00 "
02.012.04.122.0001.2.011.3.3.90.39.01.110.0000,"0,00 "
02.012.04.122.0001.2.011.4.4.90.52.01.110.0000,"0,00 "
02.012.04.122.0001.2.011.4.4.90.52.08.110.0000,"66.669,00 "
02.012.04.122.0001.2.011.4.4.90.52.08.110.0000,"25.000,00 "
02.012.04.122.0001.2.011.4.4.90.52.01.110.0000,"0,00 "
02.012.04.122.0001.2.011.4.4.90.52.01.110.0000,"0,00 "
04.001.04.122.0001.2.011.3.3.90.30.01.110.0000,"15.000,00 "
04.001.04.122.0001.2.011.3.3.90.39.01.110.0000,"15.000,00 "
04.001.04.122.0001.2.011.3.3.90.39.01.110.0000,"0,00 "
04.001.04.122.0001.2.011.4.4.90.52.01.110.0000,"0,00 "
05.001.04.122.0001.2.011.3.3.90.30.01.110.0000,"6.000,00 "
05.001.04.122.0001.2.011.3.3.90.39.01.110.0000,"9.000,00 "
05.001.04.122.0001.2.011.4.4.90.52.01.110.0000,"0,00 "
06.001.04.122.0001.2.011.3.3.90.30.01.110.0000,"10.000,00 "
06.001.04.122.0001.2.011.3.3.90.39.01.110.0000,"25.000,00 "
06.001.04.122.0001.2.011.4.4.90.52.01.110.0000,"0,00 "
08.001.12.122.0001.2.011.3.3.90.30.01.110.0000,"50.000,00 "
08.001.12.122.0001.2.011.3.3.90.39.01.110.0000,"50.000,00 "
08.001.12.122.0001.2.011.4.4.90.52.01.200.0000,"1,00 "
08.001.12.361.0016.2.011.3.3.90.30.01.200.0000,"1,00 "
08.001.12.361.0016.2.011.3.3.90.39.01.200.0000,"1,00 "
08.001.12.361.0016.2.011.4.4.90.52.01.110.0000,"1,00 "
08.001.12.365.0016.2.011.3.3.90.30.01.200.0000,"0,00 "
08.001.12.365.0016.2.011.3.3.90.30.01.200.0000,"1,00 "
08.001.12.365.0016.2.011.3.3.90.39.01.200.0000,"1,00 "
08.001.12.365.0016.2.011.4.4.90.52.01.200.0000,"1,00 "
09.009.10.302.0015.2.013.4.4.50.52.08.310.0000,"23.580,00 "
09.009.10.302.0015.2.013.4.4.50.52.08.310.0000,"375.000,00 "
09.015.10.122.0014.2.011.3.3.90.39.01.110.0000,"1.771.439,00 "
09.015.10.122.0014.2.011.3.3.90.39.01.310.0000,"0,00 "
09.015.10.122.0014.2.011.3.3.90.39.02.310.0000,"0,00 "
09.015.10.122.0014.2.011.3.3.90.39.05.301.0000,"0,00 "
09.015.10.122.0014.2.011.4.4.90.51.01.110.0000,"0,00 "
09.015.10.122.0014.2.011.4.4.90.51.01.310.0000,"0,00 "
09.015.10.122.0014.2.011.4.4.90.51.02.310.0000,"0,00 "
09.015.10.122.0014.2.011.4.4.90.51.05.301.0000,"0,00 "
11.001.04.122.0011.2.011.3.3.90.30.01.110.0000,"0,00 "
11.001.04.122.0011.2.011.3.3.90.39.01.110.0000,"10.000,00 "
11.001.04.122.0011.2.011.4.4.90.52.01.110.0000,"30.000,00 "
12.001.27.812.0010.2.011.3.3.90.30.01.110.0000,"0,00 "
12.001.27.812.0010.2.011.3.3.90.39.01.110.0000,"0,00 "
12.001.27.812.0010.2.011.4.4.90.52.01.110.0000,"0,00 "
12.001.27.812.0010.2.011.4.4.90.52.01.110.0000,"0,00 "
13.001.04.122.0001.2.011.3.3.90.30.01.110.0000,"30.000,00 "
13.001.04.122.0001.2.011.3.3.90.39.01.110.0000,"20.000,00 "
13.001.04.122.0001.2.011.4.4.90.52.01.110.0000,"60.000,00 "
13.001.16.482.0012.1.009.4.4.90.52.08.110.0000,"101.000,00 "
14.001.04.122.0001.2.011.3.3.90.39.01.110.0000,"5.000,00 "
14.001.04.122.0001.2.011.4.4.90.52.01.110.0000,"25.000,00 "
15.001.13.392.0009.2.011.3.3.90.39.01.110.0000,"43.000,00 "
15.001.13.392.0009.2.011.4.4.90.52.01.110.0000,"0,00 "
16.001.23.334.0008.2.011.3.3.90.39.01.110.0000,"10.000,00 "
16.001.23.334.0008.2.011.4.4.90.52.01.110.0000,"0,00 "
17.001.18.541.0007.2.011.3.3.90.30.01.110.0000,"5.000,00 "
17.001.18.541.0007.2.011.3.3.90.39.01.110.0000,"5.000,00 "
17.001.18.541.0007.2.011.4.4.90.52.01.110.0000,"32.000,00 "
18.003.04.126.0002.2.007.4.4.90.52.07.100.0000,"1,00 "
18.003.04.126.0002.2.007.4.4.90.52.01.110.0000,"1,00 "
19.001.15.451.0013.2.011.3.3.90.30.01.110.0000,"1,00 "
19.001.15.451.0013.2.011.3.3.90.39.01.110.0000,"1,00 "
19.001.15.451.0013.2.011.4.4.90.52.01.110.0000,"0,00 "
20.001.06.181.0006.2.011.3.3.90.30.01.110.0000,"114.000,00 "
20.001.06.181.0006.2.011.3.3.90.30.01.110.0000,"0,00 "
20.001.06.181.0006.2.011.3.3.90.30.01.110.0000,"0,00 "
20.001.06.181.0006.2.011.4.4.90.52.01.110.0000,"13.000,00 "
23.001.04.122.0001.2.011.3.3.90.39.01.110.0000,"8.274,00 "
23.001.04.122.0001.2.011.4.4.90.52.01.110.0000,"0,00 "
24.001.04.122.0001.2.011.3.3.90.39.01.110.0000,"30.000,00 "
27.001.04.122.0001.2.011.3.3.90.30.01.110.0000,"1,00 "
27.001.04.122.0001.2.011.3.3.90.39.01.110.0000,"50.000,00 "
28.001.04.122.0001.2.011.3.3.90.39.01.110.0000,"16.500,00 "
28.001.04.122.0001.2.011.3.3.90.39.02.100.0000,"0,00 "
28.001.04.122.0001.2.011.4.4.90.52.01.110.0000,"0,00 "
28.001.04.122.0001.2.011.4.4.90.52.02.100.0000,"0,00 "
29.001.14.243.0018.2.011.3.3.90.30.01.110.0000,"10.000,00 "
29.001.14.243.0018.2.011.3.3.90.39.01.110.0000,"10.000,00 "
29.001.14.243.0018.2.011.4.4.90.52.01.110.0000,"0,00 "
30.001.04.122.0001.2.011.3.3.90.30.01.110.0000,"1,00 "
30.001.04.122.0001.2.011.4.4.90.52.08.110.0000,"100.001,00 "
30.001.04.122.0001.2.011.3.3.90.39.01.110.0000,"1,00 "
30.001.04.122.0001.2.011.4.4.90.52.01.110.0000,"1,00 "
31.001.14.422.0018.2.011.3.3.90.30.01.110.0000,"3.000,00 "
31.001.14.422.0018.2.011.3.3.90.39.01.110.0000,"3.000,00 "
31.001.14.422.0018.2.011.4.4.90.52.01.110.0000,"0,00 "
32.001.14.422.0018.2.011.4.4.90.52.08.110.0000,"62.160,00 "
32.001.14.422.0018.2.011.3.3.90.30.01.110.0000,"1,00 "
32.001.14.422.0018.2.011.3.3.90.39.01.110.0000,"1,00 "
33.001.04.122.0001.2.011.3.3.90.39.01.110.0000,"9.000,00 "
34.001.04.126.0002.2.007.4.4.90.52.08.110.0000,"30.000,00 "
34.001.04.126.0002.2.007.4.4.90.52.08.110.0000,"290.000,00 "
35.001.04.122.0001.2.011.3.3.90.30.01.110.0000,"2.000,00 "
35.001.04.122.0001.2.011.3.3.90.39.01.110.0000,"2.000,00 "
35.001.04.122.0001.2.011.4.4.90.52.01.110.0000,"1,00 "
36.001.08.244.0019.2.011.3.3.90.39.01.110.0000,"0,00 "
36.001.08.244.0019.2.011.4.4.90.52.01.110.0000,"0,00 "
01.001.01.031.0003.1.003.3.3.90.39.01.110.0000,"2.000.000,00 "
01.001.01.031.0003.1.003.3.3.90.92.01.110.0000,"1,00 "
01.001.01.031.0003.1.003.3.3.90.93.01.110.0000,"1,00 "
01.001.01.031.0003.1.003.4.4.90.51.01.110.0000,"8.999.997,00 "
01.001.01.031.0003.1.003.4.4.90.52.01.110.0000,"2.000.000,00 "
01.001.01.031.0003.1.003.4.4.90.92.01.110.0000,"1,00 "
02.001.04.122.0001.1.002.3.3.90.39.01.110.0000,"0,00 "
02.001.04.122.0001.1.002.3.3.90.39.01.110.0000,"1,00 "
02.006.04.122.0018.1.002.3.3.90.39.01.110.0000,"0,00 "
04.001.04.122.0001.1.002.3.3.90.39.01.110.0000,"1,00 "
08.001.12.122.0001.1.002.3.3.90.39.01.110.0000,"1,00 "
08.001.12.122.0001.2.011.3.3.50.39.08.110.0000,"150.000,00 "
08.001.12.122.0001.1.002.3.3.90.39.08.110.0000,"1,00 "
08.001.12.122.0001.1.002.4.4.90.51.08.110.0000,"14.999,00 "
08.001.12.122.0001.1.002.3.3.90.39.08.110.0000,"1,00 "
08.001.12.122.0001.1.002.4.4.90.51.08.110.0000,"49.999,00 "
08.001.12.122.0001.1.002.3.3.90.39.08.110.0000,"1,00 "
08.001.12.122.0001.1.002.4.4.90.51.08.110.0000,"49.999,00 "
08.001.12.367.0016.2.019.3.3.90.30.08.110.0000,"52.000,00 "
08.001.12.367.0016.2.019.4.4.90.52.08.110.0000,"52.000,00 "
09.008.10.301.0015.1.002.3.3.90.39.08.310.0000,"250.000,00 "
09.008.10.301.0015.1.002.4.4.90.52.08.310.0000,"50.000,00 "
09.009.10.302.0015.2.013.3.3.90.30.08.310.0000,"150.000,00 "
09.009.10.302.0015.2.013.3.3.90.30.08.310.0000,"50.000,00 "
09.009.10.302.0015.2.013.3.3.90.39.08.310.0000,"200.000,00 "
09.009.10.302.0015.2.013.3.3.90.40.08.310.0000,"90.000,00 "
09.009.10.302.0015.2.013.4.4.90.52.08.310.0000,"150.000,00 "
09.009.10.302.0015.2.013.4.4.90.52.08.310.0000,"50.000,00 "
09.009.10.302.0015.2.013.4.4.90.52.08.310.0000,"82.499,00 "
09.010.10.302.0015.2.023.3.3.50.85.08.310.0000,"2.278.338,00 "
09.012.10.303.0014.2.011.3.3.90.30.08.310.0000,"1.999.999,00 "
09.012.10.303.0014.2.011.3.3.90.32.08.310.0000,"1,00 "
11.001.04.122.0011.1.002.3.3.90.39.08.110.0000,"91.669,00 "
11.001.04.122.0011.1.002.3.3.90.39.08.110.0000,"120.000,00 "
11.001.04.122.0011.1.002.3.3.90.39.01.110.0000,"0,00 "
11.001.04.122.0011.1.002.4.4.90.52.01.110.0000,"0,00 "
11.001.15.452.0013.2.034.4.4.90.52.08.110.0000,"100.000,00 "
11.001.15.452.0013.2.034.3.3.90.39.08.110.0000,"100.000,00 "
13.001.04.122.0001.1.002.3.3.90.30.01.110.0000,"0,00 "
13.001.04.122.0001.1.002.3.3.90.39.01.110.0000,"1,00 "
13.001.04.122.0001.1.002.4.4.90.52.01.110.0000,"0,00 "
14.001.08.245.0001.1.002.3.3.90.39.01.110.0000,"1,00 "
14.001.08.245.0001.1.002.4.4.90.51.01.110.0000,"0,00 "
14.001.08.245.0001.1.002.4.4.90.52.01.110.0000,"0,00 "
15.001.13.392.0009.1.002.3.3.90.39.08.110.0000,"100.001,00 "
15.001.13.392.0009.1.002.3.3.90.39.08.110.0000,"70.000,00 "
15.001.13.392.0009.1.002.4.4.90.52.08.110.0000,"50.000,00 "
15.001.13.392.0009.2.023.3.3.50.39.08.110.0000,"200.000,00 "
16.001.23.692.0008.1.002.3.3.90.39.01.110.0000,"1,00 "
23.001.04.122.0001.1.002.3.3.90.39.01.110.0000,"0,00 "
24.001.04.122.0001.1.002.3.3.90.39.01.110.0000,"1,00 "
27.001.04.122.0001.1.002.3.3.90.39.01.110.0000,"1,00 "
28.001.04.122.0001.1.002.3.3.90.39.01.110.0000,"1,00 "
28.001.04.122.0001.1.002.3.3.90.39.02.100.0000,"1,00 "
28.001.04.122.0001.1.002.4.4.90.52.01.110.0000,"0,00 "
28.001.04.122.0001.1.002.4.4.90.52.02.100.0000,"0,00 "
29.001.14.243.0001.1.002.3.3.90.39.01.110.0000,"1,00 "
30.001.14.242.0001.1.002.3.3.90.39.01.110.0000,"1,00 "
31.001.14.391.0009.1.002.3.3.90.30.01.110.0000,"0,00 "
31.001.14.391.0009.1.002.3.3.90.39.01.110.0000,"0,00 "
31.001.14.391.0009.1.002.3.3.90.39.01.110.0000,"0,00 "
31.001.14.422.0018.1.002.3.3.90.39.01.110.0000,"1,00 "
32.001.14.422.0001.1.002.3.3.90.30.01.110.0000,"1,00 "
32.001.14.422.0001.1.002.3.3.90.30.01.110.0000,"1,00 "
32.001.14.422.0001.1.002.3.3.90.39.01.110.0000,"1,00 "
32.001.14.422.0001.1.002.3.3.90.39.01.110.0000,"1,00 "
33.001.04.122.0001.1.002.3.3.90.39.01.110.0000,"1,00 "
34.001.15.182.0005.1.002.3.3.90.30.01.110.0000,"0,00 "
34.001.15.182.0005.1.002.3.3.90.39.01.110.0000,"1,00 "
34.001.15.182.0005.1.002.4.4.90.52.01.110.0000,"0,00 "
34.001.15.182.0005.1.002.4.4.90.52.01.110.0000,"0,00 "
35.001.04.122.0001.1.002.3.3.90.30.01.110.0000,"1,00 "
35.001.04.122.0001.1.002.3.3.90.39.01.110.0000,"1,00 "
35.001.04.122.0001.1.002.4.4.90.52.01.110.0000,"1,00 "
36.001.08.244.0018.1.002.3.3.90.39.01.110.0000,"0,00 "
02.001.04.122.0001.2.011.3.1.71.70.01.110.0000,"357.879,00 "
02.001.04.122.0001.2.011.3.3.71.70.01.110.0000,"2.068.418,00 "
06.001.04.122.0001.2.011.3.3.50.39.08.110.0000,"100.000,00 "
07.001.11.334.0017.2.004.3.3.50.39.08.110.0000,"200.000,00 "
08.001.12.122.0016.2.019.3.3.50.39.08.110.0000,"50.000,00 "
08.001.12.365.0016.2.022.3.3.50.39.01.200.0000,"1.922.051,00 "
08.001.12.365.0016.2.022.4.4.50.39.01.200.0000,"19.458,00 "
09.008.10.301.0015.2.012.3.3.50.39.08.310.0000,"1.000.000,00 "
09.008.10.301.0015.2.012.3.3.50.39.08.310.0000,"100.000,00 "
09.008.10.301.0015.2.012.4.4.50.52.08.310.0000,"380.000,00 "
09.009.10.302.0015.2.013.3.3.50.39.08.310.0000,"101.669,00 "
09.009.10.302.0015.2.013.3.3.50.39.08.310.0000,"200.000,00 "
09.009.10.302.0015.2.013.3.3.50.39.08.310.0000,"216.000,00 "
09.009.10.302.0015.2.013.3.3.50.39.08.310.0000,"100.000,00 "
09.009.10.302.0015.2.013.3.3.50.39.08.310.0000,"101.000,00 "
09.009.10.302.0015.2.013.3.3.50.39.08.310.0000,"401.669,00 "
09.009.10.302.0015.2.013.3.3.50.39.08.310.0000,"300.000,00 "
09.009.10.302.0015.2.013.3.3.50.39.08.310.0000,"70.000,00 "
09.009.10.302.0015.2.013.3.3.50.39.08.310.0000,"100.000,00 "
09.009.10.302.0015.2.013.3.3.50.39.08.310.0000,"251.669,00 "
09.009.10.302.0015.2.013.4.4.50.52.08.310.0000,"200.000,00 "
09.009.10.302.0015.2.013.4.4.50.52.08.310.0000,"50.000,00 "
09.009.10.302.0015.2.013.4.4.50.52.08.310.0000,"100.000,00 "
09.009.10.302.0015.2.013.4.4.50.52.08.310.0000,"154.590,00 "
09.009.10.302.0015.2.013.4.4.50.52.08.310.0000,"100.000,00 "
09.009.10.302.0015.2.013.4.4.50.52.08.310.0000,"50.000,00 "
09.009.10.302.0015.2.013.4.4.50.52.08.310.0000,"151.669,00 "
09.009.10.302.0015.2.013.4.4.50.52.08.310.0000,"200.000,00 "
09.009.10.302.0015.2.013.4.4.50.52.08.310.0000,"30.000,00 "
09.009.10.302.0015.2.013.4.4.50.51.08.310.0000,"1,00 "
11.001.17.452.0007.2.039.3.3.90.30.08.110.0000,"100.000,00 "
11.001.17.452.0007.2.039.3.3.90.39.08.110.0000,"100.000,00 "
11.001.17.452.0007.2.039.4.4.90.52.08.110.0000,"100.000,00 "
11.001.17.452.0007.2.039.3.3.90.30.08.110.0000,"25.000,00 "
11.001.17.452.0007.2.039.3.3.90.39.08.110.0000,"25.000,00 "
11.001.17.452.0007.2.039.4.4.90.52.08.110.0000,"25.000,00 "
11.001.18.543.0007.2.037.3.3.50.39.08.110.0000,"450.000,00 "
12.001.27.811.0010.2.030.3.3.50.39.08.110.0000,"668.357,00 "
12.001.27.811.0010.2.030.4.4.50.52.08.110.0000,"0,00 "
12.001.27.811.0010.2.030.3.3.50.39.08.110.0000,"0,00 "
12.001.27.811.0010.2.030.4.4.50.52.08.110.0000,"50.000,00 "
12.001.27.811.0010.2.030.3.3.50.39.08.110.0000,"50.000,00 "
12.001.27.811.0010.2.030.4.4.50.52.08.110.0000,"15.000,00 "
12.001.27.811.0010.2.030.3.3.50.39.08.110.0000,"15.000,00 "
12.001.27.812.0010.1.002.3.3.90.39.08.110.0000,"500.000,00 "
12.001.27.812.0010.2.031.4.4.50.52.08.110.0000,"47.000,00 "
12.001.27.812.0010.2.031.3.3.50.39.08.110.0000,"100.000,00 "
12.001.27.812.0010.2.031.3.3.50.39.08.110.0000,"500.000,00 "
12.001.27.812.0010.2.031.3.3.50.39.08.110.0000,"100.000,00 "
12.001.27.812.0010.2.031.3.3.50.39.08.110.0000,"400.000,00 "
12.001.27.812.0010.2.031.3.3.50.39.08.110.0000,"100.000,00 "
12.001.27.812.0010.2.031.3.3.50.39.08.110.0000,"100.000,00 "
12.001.27.812.0010.2.031.3.3.50.39.08.110.0000,"78.000,00 "
12.001.27.812.0010.2.031.3.3.50.39.08.110.0000,"100.000,00 "
12.001.27.812.0010.2.031.4.4.50.52.08.110.0000,"50.000,00 "
12.001.27.812.0010.2.031.3.3.50.39.08.110.0000,"100.000,00 "
12.001.27.812.0010.2.031.3.3.50.39.08.110.0000,"350.000,00 "
12.001.27.812.0010.2.031.3.3.50.39.08.110.0000,"1.410.000,00 "
12.001.27.812.0010.2.031.3.3.50.39.08.110.0000,"500.000,00 "
12.001.27.812.0010.2.031.4.4.50.52.08.110.0000,"200.000,00 "
12.001.27.812.0010.2.031.3.3.50.39.08.110.0000,"400.000,00 "
12.001.27.812.0010.2.031.3.3.50.39.08.110.0000,"449.980,00 "
12.001.27.812.0010.2.031.3.3.50.39.08.110.0000,"186.669,00 "
12.001.27.812.0010.2.031.3.3.50.39.08.110.0000,"200.000,00 "
12.001.27.812.0010.2.031.3.3.50.39.08.110.0000,"351.669,00 "
14.001.08.245.0018.2.041.3.3.50.39.08.110.0000,"260.000,00 "
14.001.08.245.0018.2.041.3.3.50.39.08.110.0000,"100.000,00 "
14.001.08.245.0018.2.041.3.3.50.39.08.110.0000,"125.000,00 "
14.001.08.245.0018.2.041.3.3.50.39.08.110.0000,"100.000,00 "
14.001.08.245.0018.2.041.3.3.50.39.08.110.0000,"50.000,00 "
14.001.08.245.0018.2.041.3.3.50.39.08.110.0000,"150.000,00 "
14.001.08.245.0018.2.041.4.4.50.51.08.110.0000,"500.000,00 "
14.001.08.245.0018.2.041.3.3.50.39.08.110.0000,"100.000,00 "
14.001.08.245.0018.2.041.3.3.50.39.08.110.0000,"100.000,00 "
14.001.08.245.0018.2.041.4.4.50.52.08.110.0000,"100.000,00 "
14.001.08.245.0018.2.041.3.3.50.39.08.110.0000,"200.000,00 "
14.001.08.245.0018.2.041.4.4.50.52.08.110.0000,"100.000,00 "
14.001.08.245.0018.2.041.3.3.50.39.08.110.0000,"150.000,00 "
14.001.08.245.0018.2.041.4.4.50.52.08.110.0000,"50.000,00 "
14.001.08.245.0018.2.041.3.3.50.39.08.110.0000,"49.999,00 "
14.001.08.245.0018.2.041.4.4.50.52.08.110.0000,"1,00 "
14.001.08.245.0018.2.041.3.3.50.39.08.110.0000,"100.000,00 "
14.001.08.245.0018.2.041.4.4.50.52.08.110.0000,"20.000,00 "
14.001.08.245.0018.2.041.3.3.50.39.08.110.0000,"300.000,00 "
14.001.08.245.0018.2.041.4.4.50.52.08.110.0000,"323.338,00 "
14.001.08.245.0018.2.041.4.4.50.52.08.110.0000,"120.000,00 "
14.001.08.245.0018.2.041.4.4.50.52.08.110.0000,"100.000,00 "
14.001.08.245.0018.2.041.4.4.50.52.08.110.0000,"15.000,00 "
14.001.08.245.0018.2.041.3.3.50.39.08.110.0000,"40.000,00 "
14.001.08.245.0018.2.041.3.3.50.39.08.110.0000,"40.000,00 "
14.001.08.241.0018.2.041.3.3.50.39.08.110.0000,"100.000,00 "
14.001.08.241.0018.2.041.4.4.50.52.08.110.0000,"60.669,00 "
14.001.08.245.0018.2.041.3.3.50.39.08.110.0000,"100.000,00 "
14.001.08.245.0018.2.041.4.4.50.52.08.110.0000,"50.000,00 "
14.001.08.245.0018.2.041.3.3.50.39.08.110.0000,"709.669,00 "
14.001.08.245.0018.2.041.4.4.50.52.08.110.0000,"100.000,00 "
15.001.04.131.0002.2.005.3.3.50.39.08.110.0000,"120.000,00 "
17.001.18.541.0007.2.011.3.3.50.39.08.110.0000,"161.669,00 "
17.001.18.541.0007.2.011.4.4.90.52.08.110.0000,"50.000,00 "
17.001.18.541.0007.2.011.3.3.50.39.08.110.0000,"300.000,00 "
17.001.18.541.0007.2.011.3.3.50.39.08.110.0000,"100.000,00 "
17.001.18.541.0007.2.011.3.3.50.39.08.110.0000,"45.000,00 "
30.001.14.242.0018.2.041.3.3.50.39.08.110.0000,"20.000,00 "
30.001.14.242.0018.2.041.3.3.50.39.08.110.0000,"200.000,00 "
30.001.14.242.0018.2.041.3.3.50.39.08.110.0000,"100.000,00 "
30.001.14.242.0018.2.041.3.3.50.39.08.110.0000,"395.000,00 "
30.001.14.242.0018.2.041.3.3.50.39.08.110.0000,"90.000,00 "
30.001.14.242.0018.2.041.3.3.50.39.08.110.0000,"240.000,00 "
30.001.14.242.0018.2.041.4.4.50.52.08.110.0000,"100.000,00 "
30.001.14.242.0018.2.041.4.4.50.52.08.110.0000,"50.000,00 "
30.001.14.242.0018.2.041.4.4.50.52.08.110.0000,"5.000,00 "
30.001.14.242.0018.2.041.3.3.50.39.08.110.0000,"300.001,00 "
36.001.14.244.0018.2.041.3.3.50.39.08.110.0000,"100.000,00 "
01.001.01.031.0003.2.042.3.3.90.14.01.110.0000,"1,00 "
01.001.01.031.0003.2.042.3.3.90.30.01.110.0000,"1.500.000,00 "
01.001.01.031.0003.2.042.3.3.90.32.01.110.0000,"1,00 "
01.001.01.031.0003.2.042.3.3.90.33.01.110.0000,"1,00 "
01.001.01.031.0003.2.042.3.3.90.35.01.110.0000,"1,00 "
01.001.01.031.0003.2.042.3.3.90.37.01.110.0000,"1,00 "
01.001.01.031.0003.2.042.3.3.90.39.01.110.0000,"35.923.658,00 "
01.001.01.031.0003.2.042.3.3.90.40.01.110.0000,"5.000.000,00 "
01.001.01.031.0003.2.042.3.3.90.47.01.110.0000,"1,00 "
01.001.01.031.0003.2.042.3.3.90.48.01.110.0000,"130.000,00 "
01.001.01.031.0003.2.042.3.3.90.92.01.110.0000,"1,00 "
01.001.01.031.0003.2.042.3.3.90.93.01.110.0000,"1,00 "
01.001.01.031.0003.2.042.4.4.90.92.01.110.0000,"1,00 "
01.001.01.122.0003.2.001.3.1.90.11.01.110.0000,"69.259.150,00 "
01.001.01.122.0003.2.001.3.1.90.13.01.110.0000,"9.654.749,00 "
01.001.01.122.0003.2.001.3.1.90.16.01.110.0000,"1,00 "
01.001.01.122.0003.2.001.3.1.90.91.01.110.0000,"1,00 "
01.001.01.122.0003.2.001.3.1.90.92.01.110.0000,"1,00 "
01.001.01.122.0003.2.001.3.1.90.94.01.110.0000,"1,00 "
01.001.01.122.0003.2.001.3.1.90.96.01.110.0000,"1,00 "
01.001.01.122.0003.2.001.3.1.91.13.01.110.0000,"3.198.857,00 "
01.001.01.122.0003.2.001.3.1.91.92.01.110.0000,"0,00 "
01.001.01.122.0003.2.001.3.3.90.08.01.110.0000,"6.669.308,00 "
01.001.01.122.0003.2.001.3.3.90.39.01.110.0000,"1,00 "
01.001.01.122.0003.2.001.3.3.90.46.01.110.0000,"4.266.932,00 "
01.001.01.122.0003.2.001.3.3.90.47.01.110.0000,"1,00 "
01.001.01.122.0003.2.001.3.3.90.49.01.110.0000,"1,00 "
01.001.01.122.0003.2.001.3.3.90.92.01.110.0000,"1,00 "
02.001.04.122.0001.2.001.3.1.90.11.01.110.0000,"6.616.370,00 "
02.001.04.122.0001.2.001.3.1.90.13.01.110.0000,"1.100.925,00 "
02.001.04.122.0001.2.001.3.1.91.13.01.110.0000,"318.608,00 "
02.001.04.122.0001.2.001.3.3.90.46.01.110.0000,"2,00 "
02.001.04.122.0001.2.001.3.3.90.49.01.110.0000,"57.089,00 "
02.001.04.122.0001.2.006.3.3.90.33.01.110.0000,"1,00 "
02.001.04.122.0001.2.011.3.3.90.30.01.110.0000,"22.500,00 "
02.001.04.122.0001.2.011.3.3.90.30.01.110.0000,"15.000,00 "
02.001.04.122.0001.2.011.3.3.90.30.01.110.0000,"10.000,00 "
02.001.04.122.0001.2.011.3.3.90.39.01.110.0000,"15.000,00 "
02.001.04.122.0001.2.011.3.3.90.39.01.110.0000,"10.000,00 "
02.001.04.131.0002.2.005.3.3.90.30.01.110.0000,"5.000,00 "
02.001.04.131.0002.2.005.3.3.90.39.01.110.0000,"52.999,00 "
02.006.04.122.0018.2.011.3.3.90.30.01.110.0000,"8.000,00 "
02.006.04.122.0018.2.011.3.3.90.30.01.110.0000,"5.000,00 "
02.006.04.122.0018.2.011.3.3.90.39.01.110.0000,"5.000,00 "
02.006.04.131.0002.2.005.3.3.90.30.01.110.0000,"10.000,00 "
02.006.04.131.0002.2.005.3.3.90.39.01.110.0000,"10.000,00 "
02.006.04.244.0019.2.024.3.3.90.32.08.110.0000,"0,00 "
02.006.04.244.0019.2.024.3.3.90.32.03.100.0202,"9.999,00 "
02.006.08.244.0019.2.024.3.3.90.32.01.110.0000,"1,00 "
02.006.08.244.0019.2.024.3.3.90.32.03.100.0202,"69.999,00 "
02.006.08.244.0019.2.024.3.3.90.32.08.110.0000,"590.000,00 "
02.006.08.244.0019.2.024.3.3.90.32.01.110.0000,"92.995,00 "
02.006.08.244.0019.2.024.3.3.90.32.03.100.0202,"7.005,00 "
02.006.08.244.0019.2.024.3.3.90.32.01.110.0000,"4.000.000,00 "
02.006.08.244.0019.2.024.3.3.90.32.01.110.0000,"0,00 "
02.006.08.334.0017.2.004.3.3.90.30.08.110.0000,"30.000,00 "
02.006.08.334.0017.2.004.4.4.50.52.08.110.0000,"33.000,00 "
02.006.08.334.0017.2.004.3.3.90.30.01.110.0000,"120.000,00 "
02.012.04.122.0001.2.011.3.3.90.30.01.110.0000,"15.634,00 "
02.012.04.122.0001.2.011.3.3.90.30.01.110.0000,"0,00 "
02.012.04.122.0001.2.011.3.3.90.30.01.110.0000,"8.136,00 "
02.012.04.122.0001.2.011.3.3.90.30.01.110.0000,"0,00 "
02.012.04.122.0001.2.011.3.3.90.39.01.110.0000,"0,00 "
02.012.04.122.0001.2.011.3.3.90.39.01.110.0000,"0,00 "
02.012.04.122.0001.2.011.3.3.90.30.08.110.0000,"21.669,00 "
02.012.04.122.0001.2.011.3.3.90.30.08.110.0000,"25.000,00 "
04.001.04.122.0001.2.001.3.1.90.11.01.110.0000,"25.916.319,00 "
04.001.04.122.0001.2.001.3.1.90.13.01.110.0000,"1.056.110,00 "
04.001.04.122.0001.2.001.3.1.91.13.01.110.0000,"3.351.585,00 "
04.001.04.122.0001.2.001.3.3.90.46.01.110.0000,"3,00 "
04.001.04.122.0001.2.001.3.3.90.49.01.110.0000,"58.921,00 "
04.001.04.122.0001.2.006.3.3.90.33.01.110.0000,"1,00 "
04.001.04.122.0001.2.006.3.3.90.39.01.110.0000,"1,00 "
04.001.04.122.0001.2.006.3.3.90.93.01.110.0000,"1,00 "
04.001.04.122.0001.2.011.3.3.90.30.01.110.0000,"17.000,00 "
04.001.04.122.0001.2.011.3.3.90.30.01.110.0000,"13.500,00 "
04.001.04.122.0001.2.011.3.3.90.30.01.110.0000,"2.000,00 "
04.001.04.122.0001.2.011.3.3.90.39.01.110.0000,"6.500,00 "
04.001.04.122.0001.2.011.3.3.90.39.01.110.0000,"6.500,00 "
04.001.04.131.0002.2.005.3.3.90.39.01.110.0000,"10.000,00 "
05.001.04.122.0001.1.002.3.3.90.39.01.110.0000,"1,00 "
05.001.04.122.0001.2.001.3.1.90.11.01.110.0000,"22.695.703,00 "
05.001.04.122.0001.2.001.3.1.90.13.01.110.0000,"2.318.441,00 "
05.001.04.122.0001.2.001.3.1.91.13.01.110.0000,"4.260.756,00 "
05.001.04.122.0001.2.001.3.3.90.46.01.110.0000,"2,00 "
05.001.04.122.0001.2.001.3.3.90.49.01.110.0000,"76.827,00 "
05.001.04.122.0001.2.005.3.3.90.30.01.110.0000,"1,00 "
05.001.04.122.0001.2.005.3.3.90.39.01.110.0000,"1,00 "
05.001.04.122.0001.2.006.3.3.90.33.01.110.0000,"1,00 "
05.001.04.122.0001.2.011.3.3.90.30.01.110.0000,"25.000,00 "
05.001.04.122.0001.2.011.3.3.90.30.01.110.0000,"0,00 "
05.001.04.122.0001.2.011.3.3.90.39.01.110.0000,"0,00 "
06.001.04.122.0001.2.001.3.1.90.11.01.110.0000,"17.734.773,00 "
06.001.04.122.0001.2.001.3.1.90.13.01.110.0000,"828.660,00 "
06.001.04.122.0001.2.001.3.1.91.13.01.110.0000,"3.150.831,00 "
06.001.04.122.0001.2.001.3.3.90.46.01.110.0000,"3,00 "
06.001.04.122.0001.2.001.3.3.90.49.01.110.0000,"288.192,00 "
06.001.04.122.0001.2.006.3.3.90.33.01.110.0000,"1,00 "
06.001.04.122.0001.2.011.3.3.90.30.01.110.0000,"20.000,00 "
06.001.04.122.0001.2.011.3.3.90.30.01.110.0000,"0,00 "
06.001.04.122.0001.2.011.3.3.90.39.01.110.0000,"0,00 "
06.001.04.131.0002.2.005.3.3.90.30.01.110.0000,"1.000,00 "
06.001.04.131.0002.2.005.3.3.90.39.01.110.0000,"5.000,00 "
07.001.04.122.0001.2.001.3.1.90.11.01.110.0000,"3.986.619,00 "
07.001.04.122.0001.2.001.3.1.90.11.02.100.0000,"1.259.999,00 "
07.001.04.122.0001.2.001.3.1.90.11.01.110.0000,"3,00 "
07.001.04.122.0001.2.001.3.1.90.13.01.110.0000,"668.147,00 "
07.001.04.122.0001.2.001.3.1.91.13.01.110.0000,"422.014,00 "
07.001.04.122.0001.2.001.3.3.90.46.01.110.0000,"2,00 "
07.001.04.122.0001.2.001.3.3.90.49.01.110.0000,"59.790,00 "
07.001.04.122.0001.2.006.3.3.90.33.01.110.0000,"1,00 "
07.001.04.131.0002.2.005.3.3.90.30.01.110.0000,"2.500,00 "
07.001.04.131.0002.2.005.3.3.90.39.01.110.0000,"2.000,00 "
07.001.11.122.0017.2.011.3.3.90.30.01.110.0000,"20.392,00 "
07.001.11.122.0017.2.011.3.3.90.30.01.110.0000,"0,00 "
07.001.11.122.0017.2.011.3.3.90.39.01.110.0000,"0,00 "
07.001.11.334.0017.2.004.3.3.90.30.01.110.0000,"5.000,00 "
07.001.11.334.0017.2.025.3.3.90.48.01.110.0000,"505.608,00 "
07.001.11.334.0017.2.025.3.3.90.48.01.110.0000,"126.402,00 "
07.001.11.334.0017.2.025.3.3.90.48.01.110.0000,"126.402,00 "
07.001.11.334.0017.2.025.3.3.90.48.01.110.0000,"50.561,00 "
07.001.11.334.0017.2.025.3.3.90.48.01.110.0000,"505.608,00 "
07.001.11.334.0017.2.025.3.3.90.48.01.110.0000,"530.889,00 "
07.001.11.334.0017.2.025.3.3.90.48.01.110.0000,"14.485.670,00 "
07.001.11.334.0017.2.025.3.3.90.48.01.110.0000,"3.412.854,00 "
07.001.11.334.0017.2.025.3.3.90.48.01.110.0000,"1.339.862,00 "
07.001.11.334.0017.2.025.3.3.90.48.01.110.0000,"1.011.216,00 "
07.001.11.334.0017.2.025.3.3.90.48.01.110.0000,"480.328,00 "
07.001.11.334.0017.2.025.3.3.90.48.01.110.0000,"379.206,00 "
07.001.11.334.0017.2.025.3.3.90.48.01.110.0000,"2.426.919,00 "
07.001.11.334.0017.2.025.3.3.90.48.01.110.0000,"328.646,00 "
07.001.11.334.0017.2.025.3.3.90.48.01.110.0000,"783.693,00 "
07.001.11.334.0017.2.025.3.3.90.48.01.110.0000,"50.561,00 "
07.001.11.334.0017.2.025.3.3.90.48.01.110.0000,"379.206,00 "
07.001.11.334.0017.2.025.3.3.90.48.01.110.0000,"404.487,00 "
07.001.11.334.0017.2.025.3.3.90.48.01.110.0000,"126.402,00 "
07.001.11.334.0017.2.025.3.3.90.48.01.110.0000,"227.524,00 "
07.001.11.334.0017.2.025.3.3.90.48.01.110.0000,"176.963,00 "
07.001.11.334.0017.2.025.3.3.90.48.01.110.0000,"75.842,00 "
07.001.11.334.0017.2.025.3.3.90.48.01.110.0000,"75.842,00 "
07.001.11.334.0017.2.025.3.3.90.48.01.110.0000,"25.281,00 "
07.001.11.334.0017.2.025.3.3.90.48.01.110.0000,"379.206,00 "
07.001.11.334.0017.2.025.3.3.90.48.01.110.0000,"75.842,00 "
07.001.11.334.0017.2.025.3.3.90.48.01.110.0000,"25.281,00 "
07.001.11.334.0017.2.025.3.3.90.48.01.110.0000,"505.608,00 "
07.001.11.334.0017.2.025.3.3.90.48.01.110.0000,"1.694.720,00 "
07.001.11.334.0017.2.033.3.3.90.30.01.110.0000,"1.500,00 "
07.001.11.334.0017.2.033.3.3.90.30.01.110.0000,"1.500,00 "
07.001.11.334.0017.2.033.3.3.90.30.01.110.0000,"2.000,00 "
07.001.11.334.0017.2.033.3.3.90.39.01.110.0000,"2.000,00 "
08.001.04.131.0002.2.005.3.3.90.30.01.110.0000,"1.000.000,00 "
08.001.12.122.0001.2.001.3.1.90.11.01.110.0000,"1,00 "
08.001.12.122.0001.2.001.3.1.90.11.01.200.0000,"19.480.000,00 "
08.001.12.122.0001.2.001.3.1.90.13.01.110.0000,"1,00 "
08.001.12.122.0001.2.001.3.1.90.13.01.200.0000,"4.890.328,00 "
08.001.12.122.0001.2.001.3.1.91.13.01.200.0000,"5.604.061,00 "
08.001.12.122.0001.2.001.3.3.90.46.01.200.0000,"7.835.827,00 "
08.001.12.122.0001.2.001.3.3.90.49.01.200.0000,"977.658,00 "
08.001.12.122.0001.2.006.3.3.90.33.01.200.0000,"1,00 "
08.001.12.122.0001.2.011.3.3.90.30.01.110.0000,"100.000,00 "
08.001.12.122.0001.2.011.3.3.90.30.01.110.0000,"60.000,00 "
08.001.12.122.0001.2.011.3.3.90.39.01.110.0000,"30.000,00 "
08.001.12.122.0001.2.011.3.3.90.39.01.110.0000,"588.000,00 "
08.001.12.122.0001.2.011.3.3.90.39.01.200.0000,"1,00 "
08.001.12.122.0001.2.011.3.3.90.39.01.200.0000,"1,00 "
08.001.12.306.0016.2.011.3.3.90.39.01.200.0000,"750.000,00 "
08.001.12.361.0001.2.001.3.1.90.11.01.110.0000,"1,00 "
08.001.12.361.0001.2.001.3.1.90.11.01.110.0000,"1,00 "
08.001.12.361.0001.2.001.3.1.90.11.01.200.0000,"152.047.693,00 "
08.001.12.361.0001.2.001.3.1.90.11.02.261.0000,"209.233.146,00 "
08.001.12.361.0001.2.001.3.1.90.11.01.110.0000,"1,00 "
08.001.12.361.0001.2.001.3.1.90.11.02.262.0000,"21.759.505,00 "
08.001.12.361.0001.2.001.3.1.90.11.01.110.0000,"1,00 "
08.001.12.361.0001.2.001.3.1.90.11.02.264.2024,"0,00 "
08.001.12.361.0001.2.001.3.1.90.13.01.200.0000,"10.289.759,00 "
08.001.12.361.0001.2.001.3.1.90.13.02.261.0000,"3,00 "
08.001.12.361.0001.2.001.3.1.90.13.02.262.0000,"3,00 "
08.001.12.361.0001.2.001.3.1.91.13.01.200.0000,"61.544.586,00 "
08.001.12.361.0001.2.001.3.1.91.13.01.110.0000,"1,00 "
08.001.12.361.0001.2.001.3.1.91.13.02.264.2024,"0,00 "
08.001.12.361.0001.2.001.3.3.90.46.01.200.0000,"32.323.688,00 "
08.001.12.361.0001.2.001.3.3.90.46.02.262.0000,"5,00 "
08.001.12.361.0001.2.001.3.3.90.49.01.200.0000,"7.547.274,00 "
08.001.12.361.0002.2.005.3.3.90.30.01.110.0000,"0,00 "
08.001.12.361.0002.2.005.3.3.90.39.01.200.0000,"153.840,00 "
08.001.12.361.0016.2.011.3.3.90.30.01.110.0000,"3.975.232,00 "
08.001.12.361.0016.2.011.3.3.90.30.01.200.0000,"1,00 "
08.001.12.361.0016.2.011.3.3.90.39.01.200.0000,"0,00 "
08.001.12.361.0016.2.011.3.3.90.39.01.200.0000,"2.492.000,00 "
08.001.12.361.0016.2.011.3.3.90.39.01.200.0000,"482.016,00 "
08.001.12.361.0016.2.011.3.3.90.39.01.200.0000,"1,00 "
08.001.12.361.0016.2.018.3.3.90.40.01.200.0000,"4.122.195,00 "
08.001.12.361.0016.2.018.3.3.90.40.01.200.0000,"5.400.977,00 "
08.001.12.361.0016.2.018.4.4.50.52.01.200.0000,"2.166.667,00 "
08.001.12.361.0016.2.018.4.4.90.52.01.200.0000,"0,00 "
08.001.12.365.0001.2.001.3.1.90.11.01.110.0000,"1,00 "
08.001.12.365.0001.2.001.3.1.90.11.01.200.0000,"127.592.141,00 "
08.001.12.365.0001.2.001.3.1.90.11.02.261.0000,"281.984.771,00 "
08.001.12.365.0001.2.001.3.1.90.11.02.262.0000,"3,00 "
08.001.12.365.0001.2.001.3.1.90.13.01.200.0000,"4.533.428,00 "
08.001.12.365.0001.2.001.3.1.90.13.02.261.0000,"11.334.344,00 "
08.001.12.365.0001.2.001.3.1.90.13.02.262.0000,"3,00 "
08.001.12.365.0001.2.001.3.1.91.13.01.200.0000,"5.290.923,00 "
08.001.12.365.0001.2.001.3.1.91.13.02.261.0000,"65.436.492,00 "
08.001.12.365.0001.2.001.3.1.91.13.02.262.0000,"3,00 "
08.001.12.365.0001.2.001.3.1.90.13.01.110.0000,"1,00 "
08.001.12.365.0001.2.001.3.1.91.13.01.110.0000,"1,00 "
08.001.12.365.0001.2.001.3.1.91.13.02.264.2024,"0,00 "
08.001.12.365.0001.2.001.3.3.90.46.01.200.0000,"50.745.513,00 "
08.001.12.365.0001.2.001.3.3.90.46.02.262.0000,"5,00 "
08.001.12.365.0001.2.001.3.3.90.49.01.200.0000,"7.745.545,00 "
08.001.12.365.0002.2.005.3.3.90.39.01.110.0000,"0,00 "
08.001.12.365.0002.2.005.3.3.90.39.01.200.0000,"103.575,00 "
08.001.12.365.0016.2.011.3.3.90.30.01.200.0000,"1,00 "
08.001.12.365.0016.2.011.3.3.90.30.01.200.0000,"0,00 "
08.001.12.365.0016.2.011.3.3.90.30.01.110.0000,"1.809.702,00 "
08.001.12.365.0016.2.011.3.3.90.30.01.200.0000,"1,00 "
08.001.12.365.0016.2.011.3.3.90.39.01.110.0000,"2.148.000,00 "
08.001.12.365.0016.2.011.3.3.90.39.01.200.0000,"1,00 "
08.001.12.366.0001.2.001.3.1.90.11.01.200.0000,"3,00 "
08.001.12.366.0001.2.001.3.1.90.11.02.261.0000,"1.671.714,00 "
08.001.12.366.0001.2.001.3.1.90.13.01.200.0000,"3,00 "
08.001.12.366.0001.2.001.3.1.91.13.01.200.0000,"567.024,00 "
08.001.12.366.0001.2.001.3.1.91.13.02.262.0000,"3,00 "
08.001.12.366.0001.2.001.3.3.90.46.01.200.0000,"290.298,00 "
08.001.12.366.0001.2.001.3.3.90.49.01.200.0000,"20.331,00 "
09.001.04.131.0002.2.005.3.3.90.30.01.110.0000,"100.000,00 "
09.001.04.131.0002.2.005.3.3.90.30.01.310.0000,"100.000,00 "
09.001.04.131.0002.2.005.3.3.90.39.01.110.0000,"50.000,00 "
09.001.04.131.0002.2.005.3.3.90.39.01.310.0000,"50.000,00 "
09.001.10.122.0001.2.001.3.1.90.11.01.110.0000,"1.187.372,00 "
09.001.10.122.0001.2.001.3.1.90.11.01.310.0000,"367.097.792,00 "
09.001.10.122.0001.2.001.3.1.90.11.01.110.0000,"0,00 "
09.001.10.122.0001.2.001.3.1.90.11.05.370.0000,"732.000,00 "
09.001.10.122.0001.2.001.3.1.90.13.01.110.0000,"1,00 "
09.001.10.122.0001.2.001.3.1.90.13.01.310.0000,"5.585.751,00 "
09.001.10.122.0001.2.001.3.1.91.13.01.110.0000,"1,00 "
09.001.10.122.0001.2.001.3.1.91.13.01.110.0000,"0,00 "
09.001.10.122.0001.2.001.3.1.91.13.01.310.0000,"52.644.065,00 "
09.001.10.122.0001.2.001.3.3.90.46.01.110.0000,"2,00 "
09.001.10.122.0001.2.001.3.3.90.46.01.310.0000,"42.733.489,00 "
09.001.10.122.0001.2.001.3.3.90.49.01.110.0000,"5.250.468,00 "
09.001.10.122.0001.2.006.3.3.90.33.01.110.0000,"1,00 "
09.001.10.304.0001.2.001.3.1.90.11.05.303.0000,"2,00 "
09.001.10.304.0001.2.001.3.1.90.11.05.313.0000,"8.973.256,00 "
09.001.10.304.0001.2.001.3.1.90.13.01.310.0000,"3.305.486,00 "
09.001.10.304.0001.2.001.3.1.90.13.05.303.0000,"2,00 "
09.001.10.304.0001.2.001.3.1.91.13.01.310.0000,"807.951,00 "
09.001.10.304.0001.2.001.3.1.91.13.05.303.0000,"2,00 "
09.001.10.304.0001.2.001.3.3.90.49.01.310.0000,"142.246,00 "
09.001.10.304.0001.2.001.3.3.90.49.05.303.0000,"138.245,00 "
09.001.10.305.0001.2.001.3.1.90.11.01.310.0000,"300.970,00 "
09.001.10.305.0001.2.001.3.1.90.11.05.313.0000,"9.223.928,00 "
09.001.10.305.0001.2.001.3.1.90.13.01.110.0000,"1,00 "
09.001.10.305.0001.2.001.3.1.90.13.01.310.0000,"1.448.254,00 "
09.001.10.305.0001.2.001.3.1.90.13.05.313.0000,"1.655.145,00 "
09.001.10.305.0001.2.001.3.1.91.13.01.310.0000,"807.951,00 "
09.001.10.305.0001.2.001.3.1.91.13.05.313.0000,"1.461.430,00 "
09.001.10.305.0001.2.001.3.3.90.46.01.310.0000,"1.827.976,00 "
09.001.10.305.0001.2.001.3.3.90.49.01.110.0000,"155.287,00 "
09.001.10.305.0001.2.001.3.3.90.49.05.313.0000,"128.234,00 "
09.001.10.305.0001.2.001.3.3.90.49.01.300.0000,"72.000,00 "
09.001.10.305.0001.2.001.3.3.90.49.01.310.0000,"856.400,00 "
09.006.10.302.0015.2.014.3.3.90.30.01.110.0000,"4.500,00 "
09.008.10.301.0015.2.012.3.3.90.30.08.310.0000,"70.000,00 "
09.008.10.301.0015.2.012.3.3.90.39.01.110.0000,"230.853,00 "
09.008.10.301.0015.2.012.3.3.90.39.01.110.0000,"49.999,00 "
09.008.10.301.0015.2.012.3.3.90.39.01.310.0000,"1,00 "
09.008.10.301.0015.2.012.3.3.90.39.01.110.0000,"749.999,00 "
09.008.10.301.0015.2.012.3.3.90.39.01.310.0000,"1,00 "
09.009.10.302.0015.2.013.3.3.90.39.08.310.0000,"100.000,00 "
09.009.10.302.0015.2.013.3.3.90.30.01.110.0000,"199.999,00 "
09.009.10.302.0015.2.013.3.3.90.30.01.310.0000,"1,00 "
09.009.10.302.0015.2.013.3.3.90.39.01.110.0000,"499.999,00 "
09.009.10.302.0015.2.013.3.3.90.39.01.310.0000,"1,00 "
09.009.10.302.0015.2.013.3.3.90.30.02.310.0000,"26.548,00 "
09.010.10.302.0015.2.014.3.3.90.30.01.310.0000,"73.991,00 "
09.010.10.302.0015.2.014.3.3.90.39.01.110.0000,"474.000,00 "
09.010.10.302.0015.2.014.3.3.90.39.01.110.0000,"176.399,00 "
09.010.10.302.0015.2.014.3.3.90.39.01.310.0000,"1,00 "
09.010.10.302.0015.2.014.3.3.90.30.01.110.0000,"0,00 "
09.010.10.302.0015.2.014.3.3.90.30.01.310.0000,"0,00 "
09.010.10.302.0015.2.014.3.3.90.39.01.110.0000,"999.999,00 "
09.010.10.302.0015.2.014.3.3.90.39.01.310.0000,"1,00 "
09.010.10.302.0015.2.014.3.3.90.39.08.310.0000,"16.187.371,00 "
09.012.10.303.0014.2.011.3.3.90.30.01.110.0000,"3.243.764,00 "
09.012.10.303.0014.2.011.3.3.90.30.05.304.0000,"1.756.236,00 "
09.012.10.303.0014.2.011.3.3.90.30.02.300.0000,"1.464.000,00 "
09.012.10.303.0014.2.011.3.3.90.30.01.110.0000,"221.190,00 "
09.012.10.303.0014.2.011.4.4.90.52.01.110.0000,"100.000,00 "
09.012.10.303.0014.2.011.3.3.90.30.08.310.0000,"0,00 "
09.012.10.303.0014.2.011.3.3.90.30.01.110.0000,"2.677.985,00 "
09.012.10.303.0014.2.011.3.3.90.30.02.300.0000,"150.200,00 "
09.012.10.303.0014.2.011.3.3.90.30.02.310.0000,"2.794.245,00 "
09.012.10.303.0014.2.011.3.3.90.32.01.110.0000,"0,00 "
09.012.10.303.0014.2.011.3.3.90.32.01.110.0000,"11.000.000,00 "
09.012.10.303.0014.2.011.3.3.90.32.01.310.0000,"0,00 "
09.012.10.303.0014.2.011.3.3.90.32.02.300.0000,"0,00 "
09.012.10.303.0014.2.011.3.3.90.32.05.304.0000,"0,00 "
09.012.10.303.0014.2.011.3.3.90.30.01.110.0000,"1,00 "
09.012.10.303.0014.2.011.3.3.90.30.01.310.0000,"1,00 "
09.012.10.303.0014.2.011.3.3.90.32.01.110.0000,"5.999.997,00 "
09.012.10.303.0014.2.011.3.3.90.32.01.310.0000,"1,00 "
09.012.10.303.0014.2.011.3.3.90.39.01.110.0000,"1,00 "
09.012.10.303.0014.2.011.3.3.90.39.01.310.0000,"37.190.828,00 "
09.012.10.303.0014.2.011.3.3.90.39.02.300.0000,"2.186.741,00 "
09.012.10.303.0014.2.011.3.3.90.39.05.304.0000,"0,00 "
09.015.10.122.0014.2.011.3.3.90.30.01.110.0000,"0,00 "
09.015.10.122.0014.2.011.3.3.90.30.01.110.0000,"499.999,00 "
09.015.10.122.0014.2.011.3.3.90.39.01.110.0000,"249.999,00 "
09.015.10.122.0014.2.011.3.3.90.39.01.310.0000,"1,00 "
09.015.10.122.0014.2.011.3.3.90.39.01.110.0000,"249.999,00 "
09.015.10.122.0014.2.011.3.3.90.39.01.310.0000,"1,00 "
09.015.10.122.0014.2.011.3.3.90.30.01.110.0000,"0,00 "
09.015.10.122.0014.2.011.3.3.90.30.01.310.0000,"29.461,00 "
09.015.10.122.0014.2.011.3.3.90.30.01.310.0000,"1,00 "
09.015.10.122.0014.2.011.3.3.90.30.01.310.0000,"0,00 "
09.015.10.122.0014.2.011.3.3.90.30.02.310.0000,"0,00 "
09.015.10.122.0014.2.011.3.3.90.30.02.310.0000,"0,00 "
09.015.10.122.0014.2.011.3.3.90.30.02.310.0000,"0,00 "
09.015.10.122.0014.2.011.3.3.90.30.02.310.0000,"59.181,00 "
09.015.10.122.0014.2.011.3.3.90.30.05.301.0000,"970.539,00 "
09.015.10.122.0014.2.011.3.3.90.30.05.301.0000,"0,00 "
09.015.10.122.0014.2.011.3.3.90.30.05.301.0000,"0,00 "
09.015.10.122.0014.2.011.3.3.90.39.01.110.0000,"499.999,00 "
09.015.10.122.0014.2.011.3.3.90.39.01.110.0000,"1.420.332,00 "
09.015.10.122.0014.2.011.3.3.90.39.01.310.0000,"1,00 "
09.015.10.122.0014.2.011.3.3.90.39.02.310.0000,"0,00 "
09.015.10.122.0014.2.011.3.3.90.39.05.301.0000,"0,00 "
11.001.04.122.0001.2.001.3.1.90.11.01.110.0000,"25.516.647,00 "
11.001.04.122.0001.2.001.3.1.90.13.01.110.0000,"1.789.437,00 "
11.001.04.122.0001.2.001.3.1.91.13.01.110.0000,"3.124.773,00 "
11.001.04.122.0001.2.001.3.3.90.46.01.110.0000,"10,00 "
11.001.04.122.0001.2.001.3.3.90.49.01.110.0000,"517.412,00 "
11.001.04.122.0001.2.006.3.3.90.33.01.110.0000,"0,00 "
11.001.04.122.0011.1.002.3.3.90.39.01.110.0000,"1,00 "
11.001.04.122.0011.1.002.3.3.90.39.01.110.0000,"5.300.000,00 "
11.001.04.122.0011.1.002.4.4.90.52.01.110.0000,"0,00 "
11.001.04.122.0011.2.011.3.3.90.30.01.110.0000,"600.000,00 "
11.001.04.122.0011.2.011.3.3.90.30.01.110.0000,"70.000,00 "
11.001.04.122.0011.2.011.3.3.90.30.01.110.0000,"0,00 "
11.001.04.122.0011.2.011.3.3.90.39.01.110.0000,"120.000,00 "
11.001.04.122.0011.2.011.3.3.90.39.01.110.0000,"2.500.000,00 "
11.001.04.131.0002.2.005.3.3.90.30.01.110.0000,"2.500,00 "
11.001.04.131.0002.2.005.3.3.90.39.01.110.0000,"7.000,00 "
11.001.15.452.0011.2.038.3.3.90.30.01.100.0002,"600.000,00 "
11.001.15.452.0011.2.038.3.3.90.39.01.100.0002,"9.141.557,00 "
11.001.15.452.0011.2.038.3.3.90.39.01.100.0002,"13.380.173,00 "
11.001.15.452.0011.2.038.3.3.90.39.01.110.0000,"1,00 "
11.001.18.544.0005.2.035.3.3.90.39.01.110.0000,"18.729.982,00 "
11.001.18.544.0005.2.035.3.3.90.39.01.140.0000,"8.664.000,00 "
11.014.04.122.0011.2.011.3.3.90.30.03.100.1103 ,"35.000,00 "
11.014.04.122.0011.2.011.3.3.90.30.03.100.1103 ,"700.000,00 "
11.014.04.122.0011.2.011.3.3.90.39.01.110.0000,"1,00 "
11.014.04.122.0011.2.011.3.3.90.39.03.100.1102,"1.704.097,00 "
11.014.04.122.0011.2.011.3.3.90.39.03.100.1103,"1,00 "
11.014.04.122.0011.2.011.3.3.90.39.03.100.1102,"9.822.032,00 "
11.014.04.122.0011.2.011.3.3.90.39.03.100.1103,"1.388.298,00 "
11.014.04.122.0011.2.011.3.3.90.39.03.100.1111,"0,00 "
12.001.04.122.0001.2.001.3.1.90.11.01.110.0000,"13.892.388,00 "
12.001.04.122.0001.2.001.3.1.90.13.01.110.0000,"1.166.506,00 "
12.001.04.122.0001.2.001.3.1.91.13.01.110.0000,"1.885.993,00 "
12.001.04.122.0001.2.001.3.3.90.46.01.110.0000,"2,00 "
12.001.04.122.0001.2.001.3.3.90.49.01.110.0000,"152.458,00 "
12.001.04.122.0001.2.006.3.3.90.33.01.110.0000,"1,00 "
12.001.04.128.0002.2.003.3.3.90.30.01.110.0000,"1,00 "
12.001.04.131.0002.2.005.3.3.90.30.01.110.0000,"135.651,00 "
12.001.04.131.0002.2.005.3.3.90.39.03.100.1201,"10.889,00 "
12.001.04.131.0002.2.005.3.3.90.39.01.110.0000,"1,00 "
12.001.27.811.0010.2.030.3.3.90.30.01.110.0000,"733.458,00 "
12.001.27.811.0010.2.030.3.3.90.30.03.100.1201,"1.111,00 "
12.001.27.811.0010.2.030.3.3.90.30.08.110.0000,"12.500,00 "
12.001.27.811.0010.2.030.3.3.90.30.08.110.0000,"10.000,00 "
12.001.27.811.0010.2.030.3.3.90.39.08.110.0000,"10.000,00 "
12.001.27.811.0010.2.030.3.3.90.30.08.110.0000,"100.000,00 "
12.001.27.811.0010.2.030.3.3.90.39.08.110.0000,"100.000,00 "
12.001.27.811.0010.2.030.3.3.90.39.08.110.0000,"12.500,00 "
12.001.27.811.0010.2.030.3.3.90.30.08.110.0000,"25.000,00 "
12.001.27.811.0010.2.030.3.3.90.39.08.110.0000,"25.000,00 "
12.001.27.812.0010.2.011.3.3.90.30.01.110.0000,"0,00 "
12.001.27.812.0010.2.011.3.3.90.30.01.110.0000,"112.830,00 "
12.001.27.812.0010.2.011.3.3.90.39.01.110.0000,"0,00 "
12.001.27.812.0010.2.011.3.3.90.39.01.110.0000,"0,00 "
12.001.27.812.0010.2.028.3.3.90.30.08.110.0000,"68.334,00 "
12.001.27.812.0010.2.028.3.3.90.39.08.110.0000,"68.334,00 "
12.001.27.812.0010.2.028.4.4.90.52.08.110.0000,"68.334,00 "
12.001.27.812.0010.2.028.3.3.90.30.01.110.0000,"0,00 "
12.001.27.812.0010.2.031.3.3.90.30.01.110.0000,"58.659,00 "
12.001.27.812.0010.2.031.3.3.90.31.08.110.0000,"100.000,00 "
12.001.27.812.0010.2.031.3.3.90.39.08.110.0000,"16.667,00 "
12.001.27.812.0010.2.031.3.3.90.30.08.110.0000,"16.667,00 "
12.001.27.812.0010.2.031.4.4.90.52.08.110.0000,"16.667,00 "
12.001.27.812.0010.2.031.3.3.50.39.08.110.0000,"250.000,00 "
12.001.27.812.0010.2.032.3.3.90.30.01.110.0000,"166.757,00 "
12.001.27.812.0010.2.032.3.3.90.30.01.110.0000,"1,00 "
13.001.04.122.0001.2.001.3.1.90.11.01.110.0000,"12.822.303,00 "
13.001.04.122.0001.2.001.3.1.90.13.01.110.0000,"1.353.553,00 "
13.001.04.122.0001.2.001.3.1.91.13.01.110.0000,"1.068.807,00 "
13.001.04.122.0001.2.001.3.3.90.46.01.110.0000,"2,00 "
13.001.04.122.0001.2.001.3.3.90.49.01.110.0000,"60.224,00 "
13.001.04.122.0001.2.006.3.3.90.33.01.110.0000,"1,00 "
13.001.04.122.0001.2.011.3.3.90.30.01.110.0000,"40.000,00 "
13.001.04.122.0001.2.011.3.3.90.30.01.110.0000,"30.000,00 "
13.001.04.122.0001.2.011.3.3.90.30.01.110.0000,"80.000,00 "
13.001.04.122.0001.2.011.3.3.90.39.01.110.0000,"30.000,00 "
13.001.04.122.0001.2.011.3.3.90.39.01.110.0000,"0,00 "
13.001.04.131.0002.2.005.3.3.90.30.01.110.0000,"7.500,00 "
13.001.04.131.0002.2.005.3.3.90.39.01.110.0000,"10.000,00 "
14.001.04.122.0001.2.001.3.1.90.11.01.110.0000,"34.590.363,00 "
14.001.04.122.0001.2.001.3.1.90.13.01.110.0000,"3.047.491,00 "
14.001.04.122.0001.2.001.3.1.91.13.01.110.0000,"6.805.995,00 "
14.001.04.122.0001.2.001.3.3.90.46.01.110.0000,"2,00 "
14.001.04.122.0001.2.001.3.3.90.49.01.110.0000,"995.933,00 "
14.001.04.122.0001.2.006.3.3.90.33.01.110.0000,"1,00 "
14.001.04.122.0001.2.011.3.3.90.30.01.110.0000,"0,00 "
14.001.04.122.0001.2.011.3.3.90.30.01.110.0000,"20.000,00 "
14.001.04.122.0001.2.011.3.3.90.39.01.110.0000,"50.000,00 "
14.001.04.131.0001.2.005.3.3.90.30.01.110.0000,"15.000,00 "
14.001.04.131.0002.2.005.3.3.90.30.01.500.0000,"10.000,00 "
14.001.04.131.0002.2.005.3.3.90.39.01.500.0000,"50.000,00 "
14.005.04.131.0002.2.005.3.3.90.30.02.500.1402,"76.667,00 "
14.005.04.131.0002.2.005.3.3.90.30.05.500.0000,"76.667,00 "
14.005.08.245.0018.2.005.3.3.90.30.01.500.0000,"100.000,00 "
14.005.08.245.0018.2.005.3.3.90.30.01.500.0000,"50.000,00 "
14.005.08.245.0018.2.005.3.3.90.30.02.500.1402,"150.000,00 "
14.005.08.245.0018.2.005.3.3.90.30.02.500.1402,"300.000,00 "
14.005.08.245.0018.2.005.3.3.90.30.05.500.0000,"10.000,00 "
14.005.08.245.0018.2.005.3.3.90.39.01.500.0000,"100.000,00 "
14.005.08.245.0018.2.005.3.3.90.39.01.500.0000,"50.000,00 "
14.005.08.245.0018.2.005.3.3.90.39.02.500.1402,"150.000,00 "
14.005.08.245.0018.2.005.3.3.90.39.05.500.0000,"50.000,00 "
14.005.08.245.0018.2.015.3.3.90.30.01.500.0000,"70.000,00 "
14.005.08.245.0018.2.015.3.3.90.30.02.500.1402,"161.588,00 "
14.005.08.241.0018.2.015.4.4.90.52.08.110.0000,"100.000,00 "
14.005.08.245.0018.2.016.3.3.90.30.01.500.0000,"100.000,00 "
14.005.08.245.0018.2.016.3.3.90.30.05.500.0000,"100.000,00 "
14.005.08.245.0018.2.016.3.3.90.39.01.500.0000,"86.448,00 "
14.005.08.245.0018.2.016.3.3.90.39.01.500.0000,"30.240,00 "
14.005.08.245.0018.2.016.3.3.90.39.02.500.1402,"200.000,00 "
14.005.08.246.0018.2.024.3.3.90.30.05.500.0000,"32.839,00 "
14.007.08.245.0018.2.005.3.3.90.30.01.110.0000,"50.000,00 "
14.007.08.245.0018.2.005.3.3.90.30.01.110.0000,"10.000,00 "
14.007.08.245.0018.2.005.3.3.90.30.02.500.1402,"0,00 "
14.007.08.245.0018.2.005.3.3.90.39.01.110.0000,"5.000,00 "
14.007.08.245.0018.2.015.3.3.90.30.01.110.0000,"50.000,00 "
14.008.08.245.0018.2.005.3.3.90.30.05.500.0001,"0,00 "
14.008.08.245.0018.2.005.3.3.90.39.01.110.0000,"151.105,00 "
14.008.08.245.0018.2.016.3.3.90.30.01.110.0000,"10.000,00 "
15.001.04.122.0001.2.001.3.1.90.11.01.110.0000,"8.080.725,00 "
15.001.04.122.0001.2.001.3.1.90.13.01.110.0000,"659.431,00 "
15.001.04.122.0001.2.001.3.1.91.13.01.110.0000,"1.008.112,00 "
15.001.04.122.0001.2.001.3.3.90.46.01.110.0000,"3,00 "
15.001.04.122.0001.2.001.3.3.90.49.01.110.0000,"106.533,00 "
15.001.04.122.0001.2.006.3.3.90.33.01.110.0000,"1,00 "
15.001.04.131.0002.2.005.3.3.90.30.01.110.0000,"300.000,00 "
15.001.04.131.0002.2.005.3.3.90.39.08.110.0000,"50.000,00 "
15.001.04.131.0002.2.005.3.3.90.39.08.110.0000,"100.000,00 "
15.001.04.131.0002.2.005.3.3.90.39.08.110.0000,"40.000,00 "
15.001.04.131.0002.2.005.3.3.90.39.01.110.0000,"200.000,00 "
15.001.13.334.0009.2.033.3.3.90.30.01.110.0000,"46.809,00 "
15.001.13.391.0009.2.029.3.3.90.30.01.110.0000,"0,00 "
15.001.13.392.0009.2.011.3.3.90.30.01.110.0000,"30.000,00 "
15.001.13.392.0009.2.011.3.3.90.30.01.110.0000,"20.000,00 "
15.001.13.392.0009.2.011.3.3.90.39.01.110.0000,"20.000,00 "
15.001.13.392.0009.2.028.3.3.90.39.08.110.0000,"160.000,00 "
15.001.13.392.0009.2.028.3.3.50.39.08.110.0000,"250.000,00 "
15.001.13.392.0009.2.028.3.3.50.39.08.110.0000,"300.000,00 "
15.001.13.392.0009.2.028.3.3.90.39.08.110.0000,"300.000,00 "
16.001.04.122.0001.1.002.3.3.90.30.01.110.0000,"0,00 "
16.001.04.122.0001.1.002.3.3.90.39.01.110.0000,"1,00 "
16.001.04.122.0001.2.001.3.1.90.11.01.110.0000,"16.943.385,00 "
16.001.04.122.0001.2.001.3.1.90.13.01.110.0000,"2.743.521,00 "
16.001.04.122.0001.2.001.3.1.91.13.01.110.0000,"888.005,00 "
16.001.04.122.0001.2.001.3.3.90.46.01.110.0000,"3,00 "
16.001.04.122.0001.2.001.3.3.90.49.01.110.0000,"93.838,00 "
16.001.04.122.0001.2.006.3.3.90.36.01.110.0000,"1,00 "
16.001.04.131.0002.2.005.3.3.90.30.01.110.0000,"1,00 "
16.001.04.131.0002.2.005.3.3.90.39.01.110.0000,"1.999,00 "
16.001.23.334.0008.2.011.3.3.90.30.01.110.0000,"10.000,00 "
16.001.23.334.0008.2.011.3.3.90.30.01.110.0000,"10.000,00 "
16.001.23.334.0008.2.011.3.3.90.39.01.110.0000,"10.000,00 "
16.001.23.334.0008.2.011.3.3.90.39.01.110.0000,"0,00 "
17.001.04.122.0001.2.001.3.1.90.11.01.110.0000,"8.438.964,00 "
17.001.04.122.0001.2.001.3.1.90.13.01.110.0000,"913.471,00 "
17.001.04.122.0001.2.001.3.1.91.13.01.110.0000,"705.161,00 "
17.001.04.122.0001.2.001.3.3.90.46.01.110.0000,"2,00 "
17.001.04.122.0001.2.001.3.3.90.49.01.110.0000,"115.224,00 "
17.001.04.122.0001.2.006.3.3.90.33.01.110.0000,"1,00 "
17.001.04.131.0002.2.005.3.3.90.30.01.110.0000,"50.000,00 "
17.001.04.131.0002.2.005.3.3.90.39.01.110.0000,"50.000,00 "
17.001.04.131.0002.2.005.3.3.90.39.01.110.0000,"50.000,00 "
17.001.18.422.0007.2.021.3.3.90.30.01.110.0000,"5.000,00 "
17.001.18.422.0007.2.021.3.3.90.39.01.110.0000,"5.000,00 "
17.001.18.541.0007.1.002.3.3.90.39.08.110.0000,"30.000,00 "
17.001.18.541.0007.2.011.3.3.90.30.01.110.0000,"30.000,00 "
17.001.18.541.0007.2.011.3.3.90.30.01.110.0000,"233.999,00 "
17.001.18.541.0007.2.011.3.3.90.30.03.100.1702,"66.001,00 "
17.001.18.541.0007.2.011.3.3.90.30.01.110.0000,"20.000,00 "
17.001.18.541.0007.2.011.3.3.90.39.01.110.0000,"20.000,00 "
18.002.04.122.0001.2.001.3.1.90.11.01.110.0000,"1,00 "
18.002.04.122.0001.2.001.3.1.90.13.01.110.0000,"2,00 "
18.002.04.122.0001.2.001.3.1.91.13.01.110.0000,"2,00 "
18.002.04.122.0001.2.001.3.3.90.46.01.110.0000,"19.945.591,00 "
18.002.04.122.0001.2.001.3.3.90.49.01.110.0000,"1,00 "
18.002.04.122.0001.2.009.3.3.90.39.01.110.0000,"492.480,00 "
18.002.04.122.0001.2.011.3.3.90.39.01.110.0000,"9.310.706,00 "
18.003.04.126.0002.2.007.3.3.90.40.01.110.0000,"274.095,00 "
18.003.04.126.0002.2.007.3.3.90.40.01.110.0000,"918.720,00 "
18.003.04.126.0002.2.007.4.4.90.52.08.110.0000,"221.669,00 "
18.003.04.126.0002.2.007.4.4.90.52.08.110.0000,"150.000,00 "
19.001.04.122.0001.2.001.3.1.90.11.01.110.0000,"12.927.447,00 "
19.001.04.122.0001.2.001.3.1.90.13.01.110.0000,"759.260,00 "
19.001.04.122.0001.2.001.3.1.91.13.01.110.0000,"1.886.186,00 "
19.001.04.122.0001.2.001.3.3.90.46.01.110.0000,"2,00 "
19.001.04.122.0001.2.001.3.3.90.49.01.110.0000,"289.184,00 "
19.001.04.122.0001.2.002.3.3.90.39.01.110.0000,"4.753.033,00 "
19.001.04.122.0001.2.006.3.3.90.33.01.110.0000,"1,00 "
19.001.04.131.0002.2.005.3.3.90.30.01.110.0000,"12.500,00 "
19.001.04.131.0002.2.005.3.3.90.39.01.110.0000,"13.000,00 "
19.001.15.422.0013.2.021.3.3.90.30.01.110.0000,"5.000,00 "
19.001.15.422.0013.2.021.3.3.90.39.01.110.0000,"5.000,00 "
19.001.15.451.0013.1.006.4.4.90.52.01.110.0000,"1,00 "
19.001.15.451.0013.2.011.3.3.90.30.01.110.0000,"16.236,00 "
19.001.15.451.0013.2.011.3.3.90.30.01.110.0000,"1,00 "
19.001.15.451.0013.2.011.3.3.90.30.01.110.0000,"18.000,00 "
19.001.15.451.0013.2.011.3.3.90.39.01.110.0000,"1,00 "
19.005.04.122.0001.2.002.3.3.90.39.01.110.0000,"1,00 "
20.001.04.122.0001.2.001.3.1.90.11.01.110.0000,"52.061.486,00 "
20.001.04.122.0001.2.001.3.1.90.13.01.110.0000,"1.433.222,00 "
20.001.04.122.0001.2.001.3.1.91.13.01.110.0000,"58.867.060,00 "
20.001.04.122.0001.2.001.3.3.90.46.01.110.0000,"3,00 "
20.001.04.122.0001.2.001.3.3.90.49.01.110.0000,"3.145.886,00 "
20.001.04.122.0001.2.006.3.3.90.33.01.110.0000,"1,00 "
20.001.04.128.0002.2.003.3.3.90.39.08.110.0000,"300.000,00 "
20.001.04.131.0002.2.005.3.3.90.30.01.110.0000,"1,00 "
20.001.06.181.0006.2.011.3.3.90.30.01.110.0000,"0,00 "
20.001.06.181.0006.2.011.3.3.90.30.01.110.0000,"50.000,00 "
20.001.06.181.0006.2.011.3.3.90.30.01.110.0000,"340.000,00 "
20.001.06.181.0006.2.011.3.3.90.30.01.110.0000,"3.500,00 "
20.001.06.181.0006.2.011.3.3.90.39.01.110.0000,"0,00 "
20.001.06.181.0006.2.011.3.3.90.39.01.110.0000,"3.500,00 "
20.001.06.181.0006.2.011.4.4.90.52.08.110.0000,"100.000,00 "
21.001.09.272.0001.2.001.3.1.90.11.04.690.0000,"13.700.000,00 "
21.001.09.272.0001.2.001.3.1.90.13.04.690.0000,"1.554.857,00 "
21.001.09.272.0001.2.001.3.1.90.16.04.690.0000,"1.000,00 "
21.001.09.272.0001.2.001.3.1.90.92.04.690.0000,"1.000,00 "
21.001.09.272.0001.2.001.3.1.90.94.04.690.0000,"203.000,00 "
21.001.09.272.0001.2.001.3.1.91.13.04.690.0000,"1.155.143,00 "
21.001.09.272.0001.2.001.3.3.90.46.04.690.0000,"1.000,00 "
21.001.09.272.0001.2.001.3.3.90.49.04.690.0000,"100.000,00 "
21.001.09.272.0001.2.011.3.3.90.33.04.690.0000,"20.000,00 "
21.001.09.272.0021.0.003.3.1.90.91.04.690.0000,"200.000,00 "
21.003.09.272.0020.2.043.3.1.90.01.04.601.0000,"251.000.000,00 "
21.003.09.272.0020.2.043.3.1.90.03.04.601.0000,"7.000.000,00 "
21.003.09.272.0020.2.043.3.1.90.91.04.601.0000,"1.000.000,00 "
21.005.09.272.0020.2.043.3.1.90.01.04.602.0000,"126.000.000,00 "
21.005.09.272.0020.2.043.3.1.90.03.04.602.0000,"58.000.000,00 "
22.001.04.122.0001.2.011.3.3.90.30.04.110.0000,"0,00 "
22.001.04.122.0001.2.011.3.3.90.33.04.110.0000,"0,00 "
22.001.04.331.0001.2.001.3.1.90.11.04.110.0000,"0,00 "
22.001.04.331.0001.2.001.3.1.90.13.04.110.0000,"0,00 "
22.001.04.331.0001.2.001.3.1.90.16.04.110.0000,"0,00 "
22.001.04.331.0001.2.001.3.1.90.92.04.110.0000,"0,00 "
22.001.04.331.0001.2.001.3.1.90.94.04.110.0000,"0,00 "
22.001.04.331.0001.2.001.3.3.90.46.04.110.0000,"0,00 "
22.001.04.331.0001.2.001.3.3.90.49.04.110.0000,"2.750.644,00 "
22.002.12.122.0001.2.011.3.3.90.30.04.220.0000,"214.450,00 "
22.002.12.122.0001.2.011.3.3.90.33.01.110.0000,"0,00 "
22.002.12.361.0001.2.001.3.1.90.11.04.220.0000,"0,00 "
22.002.12.361.0001.2.001.3.1.90.13.04.220.0000,"0,00 "
22.002.12.361.0001.2.001.3.1.90.16.04.220.0000,"0,00 "
22.002.12.361.0001.2.001.3.1.90.94.04.220.0000,"4.339.177,00 "
22.002.12.361.0001.2.001.3.3.90.46.04.220.0000,"0,00 "
22.002.12.361.0001.2.001.3.3.90.49.04.220.0000,"0,00 "
22.002.12.361.0001.2.011.3.3.90.30.01.110.0000,"0,00 "
22.002.12.361.0001.2.011.3.3.90.33.01.110.0000,"0,00 "
22.004.12.122.0001.2.011.3.3.90.30.04.230.0000,"249.199,00 "
22.004.12.122.0001.2.011.3.3.90.33.04.230.0000,"0,00 "
22.004.12.362.0001.2.001.3.1.90.11.04.230.0000,"1.770.648,00 "
22.004.12.362.0001.2.001.3.1.90.13.04.230.0000,"0,00 "
22.004.12.362.0001.2.001.3.1.90.16.04.230.0000,"0,00 "
22.004.12.362.0001.2.001.3.1.90.94.04.230.0000,"0,00 "
22.004.12.362.0001.2.001.3.3.90.46.04.230.0000,"0,00 "
22.004.12.362.0001.2.001.3.3.90.49.04.230.0000,"0,00 "
22.004.12.362.0001.2.011.3.3.90.30.04.230.0000,"571.624,00 "
22.004.12.362.0001.2.011.3.3.90.33.04.230.0000,"0,00 "
22.006.12.364.0001.2.001.3.1.90.11.04.110.0000,"0,00 "
22.006.12.364.0001.2.001.3.1.90.13.04.110.0000,"0,00 "
22.006.12.364.0001.2.001.3.1.90.16.04.110.0000,"35.086,00 "
22.006.12.364.0001.2.001.3.1.90.94.04.110.0000,"0,00 "
22.006.12.364.0001.2.001.3.3.90.46.04.110.0000,"0,00 "
22.006.12.364.0001.2.001.3.3.90.49.04.110.0000,"0,00 "
22.006.12.364.0001.2.011.3.3.90.30.04.110.0000,"0,00 "
22.006.12.364.0001.2.011.3.3.90.33.04.110.0000,"0,00 "
22.007.13.392.0001.2.001.3.1.90.11.04.110.0000,"0,00 "
22.007.13.392.0001.2.001.3.1.90.13.04.110.0000,"0,00 "
22.007.13.392.0001.2.001.3.1.90.16.04.110.0000,"0,00 "
22.007.13.392.0001.2.001.3.1.90.94.04.110.0000,"0,00 "
22.007.13.392.0001.2.001.3.3.90.46.04.110.0000,"0,00 "
22.007.13.392.0001.2.001.3.3.90.49.04.110.0000,"593.233,00 "
22.007.13.392.0009.2.011.3.3.90.30.04.110.0000,"0,00 "
22.007.13.392.0009.2.011.3.3.90.33.04.110.0000,"0,00 "
22.008.12.365.0001.2.001.3.1.90.11.01.110.0000,"0,00 "
22.008.12.365.0001.2.001.3.1.90.11.01.210.0000,"0,00 "
22.008.12.365.0001.2.001.3.1.90.13.01.210.0000,"0,00 "
22.008.12.365.0001.2.001.3.1.90.16.01.210.0000,"0,00 "
22.008.12.365.0001.2.001.3.1.90.94.01.210.0000,"1.020.168,00 "
22.008.12.365.0001.2.001.3.1.90.96.01.210.0000,"0,00 "
22.008.12.365.0001.2.001.3.3.90.46.01.210.0000,"0,00 "
22.008.12.365.0001.2.001.3.3.90.49.01.210.0000,"0,00 "
22.008.12.365.0016.2.011.3.3.90.30.01.210.0000,"0,00 "
22.008.12.365.0016.2.011.3.3.90.33.01.110.0000,"0,00 "
22.009.12.365.0001.2.001.3.1.90.11.01.210.0000,"0,00 "
22.009.12.365.0001.2.001.3.1.90.13.01.210.0000,"0,00 "
22.009.12.365.0001.2.001.3.1.90.16.01.210.0000,"0,00 "
22.009.12.365.0001.2.001.3.1.90.94.01.210.0000,"1.308.930,00 "
22.009.12.365.0001.2.001.3.1.90.96.01.210.0000,"0,00 "
22.009.12.365.0001.2.001.3.3.90.46.01.210.0000,"0,00 "
22.009.12.365.0001.2.001.3.3.90.49.01.210.0000,"0,00 "
22.009.12.365.0016.2.011.3.3.90.30.01.210.0000,"0,00 "
22.009.12.365.0016.2.011.3.3.90.33.01.110.0000,"0,00 "
22.010.12.365.0001.2.001.3.1.90.11.01.210.0000,"0,00 "
22.010.12.365.0001.2.001.3.1.90.13.01.210.0000,"0,00 "
22.010.12.365.0001.2.001.3.1.90.16.01.210.0000,"0,00 "
22.010.12.365.0001.2.001.3.1.90.94.01.210.0000,"438.255,00 "
22.010.12.365.0001.2.001.3.1.90.96.01.210.0000,"0,00 "
22.010.12.365.0001.2.001.3.3.90.46.01.210.0000,"0,00 "
22.010.12.365.0001.2.001.3.3.90.49.01.210.0000,"0,00 "
22.010.12.365.0016.2.011.3.3.90.30.01.210.0000,"0,00 "
22.010.12.365.0016.2.011.3.3.90.33.01.110.0000,"0,00 "
22.011.12.365.0001.2.001.3.1.90.11.01.210.0000,"0,00 "
22.011.12.365.0001.2.001.3.1.90.13.01.210.0000,"0,00 "
22.011.12.365.0001.2.001.3.1.90.16.01.210.0000,"0,00 "
22.011.12.365.0001.2.001.3.1.90.94.01.210.0000,"285.695,00 "
22.011.12.365.0001.2.001.3.1.90.96.01.210.0000,"0,00 "
22.011.12.365.0001.2.001.3.3.90.46.01.210.0000,"0,00 "
22.011.12.365.0001.2.001.3.3.90.49.01.210.0000,"0,00 "
22.011.12.365.0016.2.011.3.3.90.30.01.210.0000,"0,00 "
22.011.12.365.0016.2.011.3.3.90.33.01.110.0000,"0,00 "
22.012.12.365.0001.2.001.3.1.90.11.01.210.0000,"0,00 "
22.012.12.365.0001.2.001.3.1.90.13.01.210.0000,"0,00 "
22.012.12.365.0001.2.001.3.1.90.16.01.210.0000,"0,00 "
22.012.12.365.0001.2.001.3.1.90.94.01.210.0000,"345.406,00 "
22.012.12.365.0001.2.001.3.1.90.96.01.210.0000,"0,00 "
22.012.12.365.0001.2.001.3.3.90.46.01.210.0000,"0,00 "
22.012.12.365.0001.2.001.3.3.90.49.01.210.0000,"0,00 "
22.012.12.365.0016.2.011.3.3.90.30.01.210.0000,"0,00 "
22.012.12.365.0016.2.011.3.3.90.33.01.110.0000,"0,00 "
22.013.12.365.0001.2.001.3.1.90.11.01.210.0000,"0,00 "
22.013.12.365.0001.2.001.3.1.90.13.01.210.0000,"0,00 "
22.013.12.365.0001.2.001.3.1.90.16.01.210.0000,"0,00 "
22.013.12.365.0001.2.001.3.1.90.94.01.210.0000,"245.748,00 "
22.013.12.365.0001.2.001.3.1.90.96.01.210.0000,"0,00 "
22.013.12.365.0001.2.001.3.3.90.46.01.210.0000,"0,00 "
22.013.12.365.0001.2.001.3.3.90.49.01.210.0000,"0,00 "
22.013.12.365.0016.2.011.3.3.90.30.01.210.0000,"0,00 "
22.013.12.365.0016.2.011.3.3.90.33.01.110.0000,"0,00 "
22.014.12.365.0001.2.001.3.1.90.11.01.210.0000,"0,00 "
22.014.12.365.0001.2.001.3.1.90.13.01.210.0000,"0,00 "
22.014.12.365.0001.2.001.3.1.90.16.01.210.0000,"0,00 "
22.014.12.365.0001.2.001.3.1.90.94.01.210.0000,"547.101,00 "
22.014.12.365.0001.2.001.3.1.90.96.01.210.0000,"0,00 "
22.014.12.365.0001.2.001.3.3.90.46.01.210.0000,"0,00 "
22.014.12.365.0001.2.001.3.3.90.49.01.210.0000,"0,00 "
22.014.12.365.0016.2.011.3.3.90.30.01.210.0000,"0,00 "
22.014.12.365.0016.2.011.3.3.90.33.01.110.0000,"0,00 "
22.015.12.365.0001.2.001.3.1.90.11.01.210.0000,"0,00 "
22.015.12.365.0001.2.001.3.1.90.13.01.210.0000,"0,00 "
22.015.12.365.0001.2.001.3.1.90.16.01.210.0000,"0,00 "
22.015.12.365.0001.2.001.3.1.90.94.01.210.0000,"408.697,00 "
22.015.12.365.0001.2.001.3.1.90.96.01.210.0000,"0,00 "
22.015.12.365.0001.2.001.3.3.90.46.01.210.0000,"0,00 "
22.015.12.365.0001.2.001.3.3.90.49.01.210.0000,"0,00 "
22.015.12.365.0016.2.011.3.3.90.30.01.210.0000,"0,00 "
22.015.12.365.0016.2.011.3.3.90.33.01.210.0000,"0,00 "
22.016.12.365.0001.2.001.3.1.90.11.04.110.0000,"0,00 "
22.016.12.365.0001.2.001.3.1.90.13.04.110.0000,"0,00 "
22.016.12.365.0001.2.001.3.1.90.16.04.210.0000,"91.146,00 "
22.016.12.365.0001.2.001.3.1.90.92.04.110.0000,"0,00 "
22.016.12.365.0001.2.001.3.1.90.94.04.110.0000,"0,00 "
22.016.12.365.0001.2.001.3.1.90.96.04.110.0000,"0,00 "
22.016.12.365.0001.2.001.3.3.90.46.04.110.0000,"0,00 "
22.016.12.365.0001.2.001.3.3.90.49.04.110.0000,"0,00 "
22.016.12.365.0016.2.011.3.3.90.30.04.110.0000,"0,00 "
22.016.12.365.0016.2.011.3.3.90.33.04.210.0000,"600,00 "
23.001.04.122.0001.2.001.3.1.90.11.01.110.0000,"3.277.473,00 "
23.001.04.122.0001.2.001.3.1.90.13.01.110.0000,"609.597,00 "
23.001.04.122.0001.2.001.3.1.91.13.01.110.0000,"123.993,00 "
23.001.04.122.0001.2.001.3.3.90.46.01.110.0000,"2,00 "
23.001.04.122.0001.2.001.3.3.90.49.01.110.0000,"46.942,00 "
23.001.04.122.0001.2.006.3.3.90.33.01.110.0000,"1,00 "
23.001.04.122.0001.2.011.3.3.90.30.01.110.0000,"10.000,00 "
23.001.04.131.0002.2.005.3.3.90.30.01.110.0000,"80.000,00 "
23.001.04.131.0002.2.005.3.3.90.39.08.110.0000,"300.000,00 "
23.001.04.131.0002.2.005.3.3.90.39.01.110.0000,"80.000,00 "
24.001.04.122.0001.2.001.3.1.90.11.01.110.0000,"11.545.989,00 "
24.001.04.122.0001.2.001.3.1.90.13.01.110.0000,"1.728.918,00 "
24.001.04.122.0001.2.001.3.1.91.13.01.110.0000,"903.922,00 "
24.001.04.122.0001.2.001.3.3.90.46.01.110.0000,"5,00 "
24.001.04.122.0001.2.001.3.3.90.49.01.110.0000,"106.475,00 "
24.001.04.122.0001.2.006.3.3.90.33.01.110.0000,"1,00 "
24.001.04.122.0001.2.011.3.3.90.30.01.110.0000,"25.000,00 "
24.001.04.122.0001.2.011.3.3.90.30.01.110.0000,"25.000,00 "
24.001.04.122.0001.2.011.3.3.90.39.01.110.0000,"10.000,00 "
24.001.04.122.0001.2.011.3.3.90.39.01.110.0000,"25.000,00 "
24.001.04.128.0002.2.003.3.3.90.30.01.110.0000,"1,00 "
24.001.04.128.0002.2.003.3.3.90.39.01.110.0000,"1,00 "
24.001.04.131.0002.2.005.3.3.90.30.01.110.0000,"250.000,00 "
24.001.04.131.0002.2.005.3.3.90.39.01.110.0000,"250.000,00 "
27.001.04.122.0001.2.001.3.1.90.11.01.110.0000,"4.381.453,00 "
27.001.04.122.0001.2.001.3.1.90.13.01.110.0000,"106.343,00 "
27.001.04.122.0001.2.001.3.1.91.13.01.110.0000,"467.459,00 "
27.001.04.122.0001.2.001.3.3.90.46.01.110.0000,"3,00 "
27.001.04.122.0001.2.001.3.3.90.49.01.110.0000,"52.733,00 "
27.001.04.122.0001.2.006.3.3.90.33.01.110.0000,"1,00 "
27.001.04.122.0001.2.011.3.3.90.30.01.110.0000,"13.200,00 "
27.001.04.122.0001.2.011.3.3.90.30.01.110.0000,"19.000,00 "
27.001.04.122.0001.2.011.3.3.90.30.01.110.0000,"9.100,00 "
27.001.04.122.0001.2.011.3.3.90.39.01.110.0000,"15.000,00 "
27.001.04.122.0001.2.011.3.3.90.39.01.110.0000,"3.900,00 "
27.001.04.131.0002.2.005.3.3.90.39.01.110.0000,"25.886,00 "
28.001.04.122.0001.2.001.3.1.90.11.01.110.0000,"17.741.029,00 "
28.001.04.122.0001.2.001.3.1.90.13.01.110.0000,"1.467.797,00 "
28.001.04.122.0001.2.001.3.1.91.13.01.110.0000,"1.836.721,00 "
28.001.04.122.0001.2.001.3.3.90.49.01.110.0000,"95.372,00 "
28.001.04.122.0001.2.006.3.3.90.33.01.110.0000,"269.997,00 "
28.001.04.122.0001.2.006.3.3.90.33.02.100.0000,"0,00 "
28.001.04.122.0001.2.011.3.3.90.30.01.110.0000,"25.000,00 "
28.001.04.122.0001.2.011.3.3.90.30.01.110.0000,"15.000,00 "
28.001.04.122.0001.2.011.3.3.90.30.02.100.0000,"0,00 "
28.001.04.122.0001.2.011.3.3.90.30.02.100.0000,"0,00 "
28.001.04.122.0001.2.011.3.3.90.39.01.110.0000,"10.000,00 "
28.001.04.122.0001.2.011.3.3.90.39.01.110.0000,"15.000,00 "
28.001.04.122.0001.2.011.3.3.90.39.02.100.0000,"0,00 "
28.001.04.131.0002.2.005.3.3.90.30.01.110.0000,"500,00 "
28.001.04.131.0002.2.005.3.3.90.39.01.110.0000,"3.000,00 "
28.007.04.131.0002.2.005.3.3.90.30.01.110.0000,"1.000,00 "
28.007.04.131.0002.2.005.3.3.90.39.01.110.0000,"3.000,00 "
29.001.04.122.0001.2.001.3.1.90.11.01.110.0000,"5.338.193,00 "
29.001.04.122.0001.2.001.3.1.90.13.01.110.0000,"1.006.260,00 "
29.001.04.122.0001.2.001.3.1.91.13.01.110.0000,"207.696,00 "
29.001.04.122.0001.2.001.3.3.90.46.01.110.0000,"3,00 "
29.001.04.122.0001.2.001.3.3.90.49.01.110.0000,"44.823,00 "
29.001.04.122.0001.2.006.3.3.90.33.01.110.0000,"1,00 "
29.001.04.131.0002.2.005.3.3.90.30.01.110.0000,"3.000,00 "
29.001.04.131.0002.2.005.3.3.90.39.01.110.0000,"2.000,00 "
29.001.14.243.0018.2.011.3.3.90.30.01.110.0000,"10.000,00 "
29.001.14.243.0018.2.011.3.3.90.30.01.110.0000,"15.000,00 "
29.001.14.243.0018.2.011.3.3.90.30.01.110.0000,"10.000,00 "
29.001.14.243.0018.2.011.3.3.90.39.01.110.0000,"15.000,00 "
29.001.14.243.0018.2.011.3.3.90.39.01.110.0000,"10.000,00 "
29.001.14.243.0018.2.041.3.3.50.39.08.110.0000,"300.000,00 "
30.001.04.122.0001.2.001.3.1.90.11.01.110.0000,"2.654.848,00 "
30.001.04.122.0001.2.001.3.1.90.13.01.110.0000,"255.324,00 "
30.001.04.122.0001.2.001.3.1.91.13.01.110.0000,"237.659,00 "
30.001.04.122.0001.2.001.3.3.90.46.01.110.0000,"4,00 "
30.001.04.122.0001.2.001.3.3.90.49.01.110.0000,"48.550,00 "
30.001.04.122.0001.2.006.3.3.90.33.01.110.0000,"1,00 "
30.001.04.122.0001.2.011.3.3.90.30.01.110.0000,"20.000,00 "
30.001.04.122.0001.2.011.3.3.90.30.01.110.0000,"1,00 "
30.001.04.122.0001.2.011.3.3.90.39.01.110.0000,"1,00 "
30.001.04.122.0001.2.011.3.3.90.39.01.110.0000,"1,00 "
30.001.04.122.0001.2.011.3.3.90.39.01.110.0000,"1,00 "
30.001.04.131.0002.2.005.3.3.90.30.01.110.0000,"5.000,00 "
30.001.04.131.0002.2.005.3.3.90.39.01.110.0000,"5.000,00 "
31.001.04.122.0001.2.001.3.1.90.11.01.110.0000,"2.754.953,00 "
31.001.04.122.0001.2.001.3.1.90.13.01.110.0000,"470.117,00 "
31.001.04.122.0001.2.001.3.1.91.13.01.110.0000,"164.039,00 "
31.001.04.122.0001.2.001.3.3.90.46.01.110.0000,"5,00 "
31.001.04.122.0001.2.001.3.3.90.49.01.110.0000,"28.867,00 "
31.001.04.122.0001.2.006.3.3.90.33.01.110.0000,"1,00 "
31.001.04.131.0002.2.005.3.3.90.30.01.110.0000,"2.000,00 "
31.001.04.131.0002.2.005.3.3.90.39.01.110.0000,"4.000,00 "
31.001.14.422.0018.2.011.3.3.90.30.01.110.0000,"65.000,00 "
31.001.14.422.0018.2.011.3.3.90.30.01.110.0000,"40.000,00 "
31.001.14.422.0018.2.011.3.3.90.30.01.110.0000,"5.000,00 "
31.001.14.422.0018.2.011.3.3.90.39.01.110.0000,"20.000,00 "
32.001.04.122.0001.2.001.3.1.90.11.01.110.0000,"2.993.731,00 "
32.001.04.122.0001.2.001.3.1.90.13.01.110.0000,"460.118,00 "
32.001.04.122.0001.2.001.3.1.91.13.01.110.0000,"269.251,00 "
32.001.04.122.0001.2.001.3.3.90.46.01.110.0000,"5,00 "
32.001.04.122.0001.2.001.3.3.90.49.01.110.0000,"14.971,00 "
32.001.04.122.0001.2.006.3.3.90.33.01.110.0000,"1,00 "
32.001.04.131.0002.2.005.3.3.90.30.01.110.0000,"2.880,00 "
32.001.04.131.0002.2.005.3.3.90.39.08.110.0000,"50.000,00 "
32.001.04.131.0002.2.005.3.3.90.39.01.110.0000,"3.000,00 "
32.001.14.422.0018.2.011.3.3.90.30.01.110.0000,"15.000,00 "
32.001.14.422.0018.2.011.3.3.90.30.01.110.0000,"1,00 "
32.001.14.422.0018.2.011.3.3.90.39.01.110.0000,"1,00 "
32.001.14.422.0018.2.011.3.3.90.39.01.110.0000,"70.000,00 "
33.001.04.122.0001.2.001.3.1.90.11.01.110.0000,"7.931.189,00 "
33.001.04.122.0001.2.001.3.1.90.13.01.110.0000,"559.109,00 "
33.001.04.122.0001.2.001.3.1.91.13.01.110.0000,"275.567,00 "
33.001.04.122.0001.2.001.3.3.90.46.01.110.0000,"2,00 "
33.001.04.122.0001.2.001.3.3.90.49.01.110.0000,"22.330,00 "
33.001.04.122.0001.2.006.3.3.90.33.01.110.0000,"1,00 "
33.001.04.122.0001.2.011.3.3.90.30.01.110.0000,"12.000,00 "
33.001.04.122.0001.2.011.3.3.90.30.01.110.0000,"1.500,00 "
33.001.04.122.0001.2.011.3.3.90.30.01.110.0000,"500,00 "
33.001.04.122.0001.2.011.3.3.90.39.01.110.0000,"1.000,00 "
33.001.04.128.0002.2.003.3.3.90.39.01.110.0000,"1,00 "
33.001.04.131.0002.2.005.3.3.90.39.01.110.0000,"0,00 "
34.001.04.122.0001.2.001.3.1.90.11.01.110.0000,"6.171.413,00 "
34.001.04.122.0001.2.001.3.1.90.13.01.110.0000,"216.100,00 "
34.001.04.122.0001.2.001.3.1.91.13.01.110.0000,"793.235,00 "
34.001.04.122.0001.2.001.3.3.90.49.01.110.0000,"130.199,00 "
34.001.04.122.0001.2.006.3.3.90.33.01.110.0000,"1,00 "
34.001.04.126.0002.2.007.3.3.90.39.08.110.0000,"49.999,00 "
34.001.04.126.0002.2.007.4.4.90.52.08.110.0000,"50.000,00 "
34.001.04.126.0002.2.007.3.3.90.30.08.110.0000,"1,00 "
34.001.04.131.0002.2.005.3.3.90.30.01.110.0000,"8.000,00 "
34.001.04.131.0002.2.005.3.3.90.30.01.110.0000,"7.000,00 "
34.001.04.131.0002.2.005.3.3.90.39.01.110.0000,"15.000,00 "
34.001.15.182.0005.2.011.3.3.90.30.01.110.0000,"35.000,00 "
34.001.15.182.0005.2.011.3.3.90.30.01.110.0000,"15.000,00 "
34.001.15.182.0005.2.011.3.3.90.30.08.110.0000,"33.334,00 "
34.001.15.182.0005.2.011.3.3.90.39.08.110.0000,"33.334,00 "
34.001.15.182.0005.2.011.4.4.90.52.08.110.0000,"33.334,00 "
34.001.15.182.0005.2.011.3.3.90.30.01.110.0000,"0,00 "
34.001.15.182.0005.2.011.3.3.90.39.01.110.0000,"15.000,00 "
35.001.04.122.0001.2.001.3.1.90.11.01.110.0000,"3.342.156,00 "
35.001.04.122.0001.2.001.3.1.90.13.01.110.0000,"881.440,00 "
35.001.04.122.0001.2.001.3.1.91.13.01.110.0000,"42.652,00 "
35.001.04.122.0001.2.001.3.3.90.46.01.110.0000,"5,00 "
35.001.04.122.0001.2.001.3.3.90.49.01.110.0000,"28.412,00 "
35.001.04.122.0001.2.006.3.3.90.39.01.110.0000,"1,00 "
35.001.04.122.0001.2.011.3.3.90.30.01.110.0000,"12.000,00 "
35.001.04.131.0002.2.005.3.3.90.39.01.110.0000,"6.000,00 "
36.001.04.121.0004.1.001.3.3.90.35.01.110.0000,"0,00 "
36.001.04.122.0001.2.001.3.1.90.11.01.110.0000,"5.920.955,00 "
36.001.04.122.0001.2.001.3.1.90.13.01.110.0000,"1.120.980,00 "
36.001.04.122.0001.2.001.3.1.91.13.01.110.0000,"364.620,00 "
36.001.04.122.0001.2.001.3.3.90.46.01.110.0000,"6,00 "
36.001.04.122.0001.2.001.3.3.90.49.01.110.0000,"40.548,00 "
36.001.04.122.0001.2.006.3.3.90.33.01.110.0000,"1,00 "
36.001.04.131.0002.2.005.3.3.90.30.01.110.0000,"65.000,00 "
36.001.04.131.0002.2.005.3.3.90.39.01.110.0000,"79.400,00 "
36.001.08.244.0019.2.011.3.3.90.30.01.110.0000,"18.500,00 "
36.001.08.244.0019.2.011.3.3.90.30.01.110.0000,"0,00 "
36.001.08.244.0019.2.011.3.3.90.30.01.110.0000,"10.000,00 "
36.001.08.244.0019.2.011.3.3.90.39.01.110.0000,"0,00 "
36.001.08.244.0019.2.024.3.3.90.30.01.110.0000,"116.000,00 "
36.001.08.244.0019.2.024.3.3.90.30.01.110.0000,"0,00 "
36.001.14.244.0018.2.041.4.4.90.52.08.110.0000,"135.000,00 "
36.001.14.244.0018.2.041.3.3.90.30.08.110.0000,"135.000,00 "
36.001.14.244.0018.2.041.3.3.90.39.08.110.0000,"135.000,00 "
99.999.99.999.9999.9.999.9.9.99.99.08.110.0000,"186.173,00 "
99.999.99.999.9999.9.999.9.9.99.99.08.100.0000,"0,00 "
99.999.99.999.9999.9.999.9.9.99.99.08.310.0000,"0,00 "
02.001.04.121.0004.1.001.3.3.80.35.01.110.0000,"1,00 "
02.001.04.128.0002.2.003.3.3.90.36.01.110.0000,"0,00 "
02.001.04.128.0002.2.003.3.3.90.39.01.110.0000,"0,00 "
04.001.04.128.0002.2.003.3.3.90.39.01.110.0000,"1,00 "
05.001.04.128.0002.2.003.3.3.90.39.01.110.0000,"1,00 "
06.001.04.128.0002.2.003.3.3.90.36.01.110.0000,"1,00 "
06.001.04.128.0002.2.003.3.3.90.39.01.110.0000,"1,00 "
07.001.04.128.0002.2.003.3.3.90.36.01.110.0000,"1,00 "
07.001.04.128.0002.2.003.3.3.90.39.01.110.0000,"1,00 "
07.001.11.334.0017.2.004.3.3.50.39.01.110.0000,"0,00 "
08.001.12.122.0002.2.003.3.3.90.36.01.200.0000,"1,00 "
08.001.12.122.0002.2.003.3.3.90.39.01.200.0000,"1,00 "
08.001.12.122.0002.2.005.3.3.90.31.01.200.0000,"294.000,00 "
09.015.04.128.0002.2.003.3.3.90.36.01.110.0000,"1,00 "
09.015.04.128.0002.2.003.3.3.90.36.01.310.0000,"1,00 "
09.015.04.128.0002.2.003.3.3.90.39.01.110.0000,"1,00 "
09.015.04.128.0002.2.003.3.3.90.39.01.310.0000,"1,00 "
11.001.04.128.0002.2.003.3.3.90.39.01.110.0000,"0,00 "
12.001.04.128.0002.2.003.3.3.90.36.01.110.0000,"1,00 "
12.001.04.128.0002.2.003.3.3.90.39.01.110.0000,"1,00 "
13.001.04.128.0002.2.003.3.3.90.36.01.110.0000,"1,00 "
13.001.04.128.0002.2.003.3.3.90.39.01.110.0000,"1,00 "
14.001.04.128.0002.2.003.3.3.90.39.01.110.0000,"1,00 "
14.001.08.245.0018.2.041.3.3.90.30.01.110.0000,"10.000,00 "
14.001.08.245.0018.2.041.3.3.90.36.01.110.0000,"5.000,00 "
14.001.08.245.0018.2.041.3.3.90.39.01.110.0000,"80.000,00 "
14.005.04.128.0002.2.003.3.3.90.39.02.500.1402,"140.000,00 "
14.005.04.128.0002.2.003.3.3.90.39.05.500.0000,"140.000,00 "
14.005.08.245.0018.2.015.3.3.90.93.02.500.1402,"10.000,00 "
14.005.08.245.0018.2.016.3.3.90.93.02.500.1402,"10.000,00 "
14.005.08.245.0018.2.016.3.3.90.93.05.500.0000,"10.000,00 "
14.005.08.245.0018.2.016.3.3.90.93.05.500.1402,"10.000,00 "
14.005.08.245.0018.2.016.3.3.90.93.05.800.0000,"0,00 "
15.001.04.128.0002.2.003.3.3.90.36.01.110.0000,"1,00 "
15.001.04.128.0002.2.003.3.3.90.39.01.110.0000,"1,00 "
16.001.04.128.0002.2.003.3.3.90.36.01.110.0000,"1,00 "
16.001.04.128.0002.2.003.3.3.90.39.01.110.0000,"1,00 "
17.001.04.128.0002.2.003.3.3.90.36.01.110.0000,"1,00 "
17.001.04.128.0002.2.003.3.3.90.39.01.110.0000,"1,00 "
18.002.04.128.0001.2.008.3.3.90.48.01.110.0000,"200.701,00 "
19.001.04.128.0002.2.003.3.3.90.39.01.110.0000,"1,00 "
20.001.04.128.0002.2.003.3.3.90.39.01.110.0000,"1,00 "
22.001.04.128.0002.2.003.3.3.90.39.04.110.0000,"34.132,00 "
22.002.04.361.0002.2.003.3.3.90.39.04.220.0000,"1.025,00 "
22.004.04.362.0002.2.003.3.3.90.39.04.230.0000,"1.025,00 "
22.007.04.128.0002.2.003.3.3.90.39.04.110.0000,"1.025,00 "
22.007.04.128.0002.2.003.3.3.90.39.04.230.0000,"0,00 "
22.008.12.365.0002.2.003.3.3.90.39.01.210.0000,"0,00 "
22.009.12.365.0002.2.003.3.3.90.39.01.210.0000,"0,00 "
22.010.12.365.0002.2.003.3.3.90.39.01.210.0000,"0,00 "
22.011.12.365.0002.2.003.3.3.90.39.01.210.0000,"0,00 "
22.012.12.365.0002.2.003.3.3.90.39.01.210.0000,"0,00 "
22.013.12.365.0002.2.003.3.3.90.39.01.210.0000,"0,00 "
22.014.12.365.0002.2.003.3.3.90.39.01.210.0000,"0,00 "
22.015.12.365.0002.2.003.3.3.90.39.01.210.0000,"0,00 "
22.016.12.365.0002.2.003.3.3.90.39.04.210.0000,"100,00 "
23.001.04.128.0002.2.003.3.3.90.39.01.110.0000,"1,00 "
27.001.04.128.0002.2.003.3.3.90.39.01.110.0000,"1,00 "
28.001.04.128.0002.2.003.3.3.90.36.01.110.0000,"1,00 "
28.001.04.128.0002.2.003.3.3.90.36.02.100.0000,"0,00 "
28.001.04.128.0002.2.003.3.3.90.39.01.110.0000,"1,00 "
28.001.04.128.0002.2.003.3.3.90.39.02.100.0000,"0,00 "
29.001.04.128.0002.2.003.3.3.90.36.01.110.0000,"1,00 "
29.001.04.128.0002.2.003.3.3.90.39.01.110.0000,"1,00 "
30.001.04.128.0002.2.003.3.3.90.36.01.110.0000,"1,00 "
30.001.04.128.0002.2.003.3.3.90.39.01.110.0000,"1,00 "
31.001.04.128.0002.2.003.3.3.90.36.01.110.0000,"0,00 "
31.001.04.128.0002.2.003.3.3.90.39.01.110.0000,"1,00 "
32.001.14.334.0017.2.004.3.3.90.39.01.110.0000,"46.835,00 "
33.001.04.128.0002.2.003.3.3.90.39.01.110.0000,"1,00 "
34.001.04.128.0002.2.003.3.3.90.36.01.110.0000,"1,00 "
35.001.04.128.0002.2.003.3.3.90.39.01.110.0000,"1,00 "
36.001.04.128.0002.2.003.3.3.90.39.01.110.0000,"1,00 "
02.001.04.122.0001.2.006.3.3.90.39.01.110.0000,"1,00 "
02.001.04.122.0001.2.011.3.3.90.39.01.110.0000,"242.575,00 "
02.001.04.122.0001.2.011.3.3.90.39.01.110.0000,"45.000,00 "
02.001.04.131.0002.2.005.3.3.90.39.01.110.0000,"0,00 "
02.001.04.131.0002.2.005.3.3.90.39.01.110.0000,"1,00 "
02.006.04.122.0018.2.011.3.3.90.30.01.110.0000,"8.000,00 "
02.006.04.122.0018.2.011.3.3.90.30.01.110.0000,"4.000,00 "
02.006.04.122.0018.2.011.3.3.90.39.01.110.0000,"0,00 "
02.006.04.131.0002.2.005.3.3.90.39.01.110.0000,"0,00 "
02.006.04.131.0002.2.005.3.3.90.39.01.110.0000,"30.000,00 "
02.006.04.131.0002.2.005.3.3.90.39.01.110.0000,"0,00 "
02.006.04.131.0002.2.005.3.3.90.39.01.110.0000,"1,00 "
02.006.04.131.0002.2.005.3.3.90.39.03.100.0202,"29.999,00 "
02.006.04.244.0019.2.024.3.3.90.32.01.110.0000,"1,00 "
02.006.08.244.0019.2.024.3.3.90.32.01.110.0000,"1,00 "
02.006.08.244.0019.2.024.3.3.90.32.03.100.0202,"34.999,00 "
02.006.08.244.0019.2.024.3.3.90.32.01.110.0000,"1,00 "
02.006.08.244.0019.2.024.3.3.90.32.03.100.0202,"1.299.999,00 "
02.006.08.244.0019.2.024.3.3.90.32.01.110.0000,"50.000,00 "
02.006.08.244.0019.2.024.3.3.90.32.01.110.0000,"200.000,00 "
02.012.04.122.0001.2.011.3.3.90.30.01.110.0000,"29.044,00 "
02.012.04.122.0001.2.011.3.3.90.30.03.100.0201,"12.000,00 "
02.012.04.122.0001.2.011.3.3.90.30.01.110.0000,"0,00 "
02.012.04.122.0001.2.011.3.3.90.30.01.110.0000,"0,00 "
04.001.04.122.0001.2.011.3.3.90.30.01.110.0000,"18.000,00 "
04.001.04.122.0001.2.011.3.3.90.30.01.110.0000,"24.000,00 "
04.001.04.122.0001.2.011.3.3.90.39.01.110.0000,"3.000,00 "
04.001.04.122.0001.2.011.3.3.90.39.01.110.0000,"5.000,00 "
04.001.04.122.0001.2.011.4.4.90.52.01.110.0000,"0,00 "
04.001.04.126.0002.2.007.3.3.90.39.01.110.0000,"60.000,00 "
04.001.04.126.0002.2.007.3.3.90.40.01.110.0000,"26.880.000,00 "
04.001.04.126.0002.2.007.3.3.90.40.01.110.0000,"7.147.690,00 "
05.001.04.121.0004.1.001.3.3.90.35.01.110.0000,"1,00 "
05.001.04.122.0001.2.006.3.3.90.39.01.110.0000,"1,00 "
05.001.04.122.0001.2.011.3.3.90.30.01.110.0000,"40.000,00 "
05.001.04.122.0001.2.011.3.3.90.30.01.110.0000,"30.000,00 "
05.001.04.122.0001.2.011.3.3.90.36.01.110.0000,"100.000,00 "
05.001.04.122.0001.2.011.3.3.90.39.01.110.0000,"44.280,00 "
05.001.04.122.0001.2.011.3.3.90.39.01.110.0000,"26.679,00 "
05.001.04.122.0001.2.011.3.3.90.39.01.110.0000,"9.657,00 "
05.001.04.122.0001.2.011.3.3.90.39.01.110.0000,"49.472,00 "
05.001.04.122.0001.2.011.3.3.90.39.01.110.0000,"0,00 "
05.001.04.122.0001.2.011.3.3.90.39.01.110.0000,"64.000,00 "
05.001.04.122.0001.2.011.3.3.90.39.01.110.0000,"620.000,00 "
05.001.04.122.0001.2.011.3.3.90.39.01.110.0000,"300.000,00 "
05.001.04.122.0001.2.011.3.3.90.39.01.110.0000,"1.320.033,00 "
05.001.04.122.0001.2.011.4.4.90.52.01.110.0000,"0,00 "
05.001.04.122.0001.2.011.4.4.90.52.01.110.0000,"0,00 "
05.001.04.122.0001.2.011.4.4.90.52.01.110.0000,"0,00 "
05.001.04.126.0002.2.007.3.3.90.40.01.110.0000,"1.295.939,00 "
05.001.04.131.0002.2.005.3.3.90.39.01.110.0000,"1,00 "
05.001.04.131.0002.2.005.3.3.90.39.01.110.0000,"1,00 "
06.001.04.121.0004.1.001.3.3.90.35.01.110.0000,"0,00 "
06.001.04.122.0001.1.002.3.3.90.39.01.110.0000,"0,00 "
06.001.04.122.0001.1.002.4.4.90.52.01.110.0000,"0,00 "
06.001.04.122.0001.2.006.3.3.90.39.01.110.0000,"1,00 "
06.001.04.122.0001.2.011.3.3.90.30.01.110.0000,"120.000,00 "
06.001.04.122.0001.2.011.3.3.90.30.01.110.0000,"40.000,00 "
06.001.04.122.0001.2.011.3.3.90.39.01.110.0000,"17.255.888,00 "
06.001.04.122.0001.2.011.3.3.90.39.01.110.0000,"0,00 "
06.001.04.122.0001.2.011.3.3.90.39.01.110.0000,"1,00 "
06.001.04.122.0001.2.011.4.4.90.52.01.110.0000,"0,00 "
06.001.04.126.0002.2.007.3.3.90.39.01.110.0000,"95.218,00 "
06.001.04.126.0002.2.007.3.3.90.39.01.110.0000,"771.000,00 "
06.001.04.131.0002.2.005.3.3.90.39.01.110.0000,"1,00 "
06.001.04.131.0002.2.005.3.3.90.39.01.110.0000,"61.900,00 "
06.011.04.128.0002.2.003.3.3.90.39.01.110.0000,"1,00 "
06.011.04.128.0002.2.003.3.3.90.39.03.100.0601 ,"0,00 "
07.001.04.121.0004.1.001.3.3.90.35.01.110.0000,"1,00 "
07.001.04.122.0001.2.006.3.3.90.39.01.110.0000,"1,00 "
07.001.04.126.0002.2.007.3.3.90.40.01.110.0000,"0,00 "
07.001.04.131.0002.2.005.3.3.90.39.01.110.0000,"1,00 "
07.001.04.131.0002.2.005.3.3.90.39.01.110.0000,"6.000,00 "
07.001.11.122.0017.1.002.3.3.90.39.01.110.0000,"1,00 "
07.001.11.122.0017.1.002.4.4.90.52.01.110.0000,"0,00 "
07.001.11.122.0017.2.011.3.3.90.30.01.110.0000,"21.142,00 "
07.001.11.122.0017.2.011.3.3.90.30.01.110.0000,"10.000,00 "
07.001.11.122.0017.2.011.3.3.90.30.01.110.0000,"0,00 "
07.001.11.122.0017.2.011.3.3.90.39.01.110.0000,"0,00 "
07.001.11.122.0017.2.011.4.4.90.52.01.110.0000,"0,00 "
07.001.11.122.0017.2.011.4.4.90.52.01.110.0000,"0,00 "
07.001.11.333.0017.2.027.3.3.90.39.01.110.0000,"15.397.000,00 "
07.001.11.334.0017.2.004.3.3.50.39.01.110.0000,"2.674.000,00 "
07.001.11.334.0017.2.004.3.3.50.39.01.110.0000,"0,00 "
07.001.11.334.0017.2.004.3.3.90.39.01.110.0000,"1,00 "
07.001.11.334.0017.2.025.3.3.90.48.01.110.0000,"921.360,00 "
07.001.11.334.0017.2.025.3.3.90.48.01.110.0000,"89.320,00 "
07.001.11.334.0017.2.033.3.3.90.39.01.110.0000,"4.000,00 "
07.001.11.334.0017.2.033.3.3.90.39.01.110.0000,"1,00 "
07.001.11.334.0017.2.033.3.3.90.39.01.110.0000,"0,00 "
07.001.11.334.0017.2.033.4.4.90.52.01.110.0000,"2.000,00 "
07.001.18.542.0007.1.003.4.4.90.51.01.110.0000,"1,00 "
07.005.11.333.0017.2.027.3.3.90.39.03.100.0000 ,"1,00 "
08.001.04.121.0004.1.001.3.3.90.35.01.110.0000,"1,00 "
08.001.04.131.0002.2.005.3.3.90.30.01.110.0000,"315.000,00 "
08.001.04.131.0002.2.005.3.3.90.39.01.110.0000,"1.505.000,00 "
08.001.12.122.0001.2.006.3.3.90.39.01.200.0000,"1,00 "
08.001.12.122.0001.2.011.3.3.90.30.01.110.0000,"359.548,00 "
08.001.12.122.0001.2.011.3.3.90.30.01.200.0000,"170.000,00 "
08.001.12.122.0001.2.011.3.3.90.39.01.110.0000,"12.000,00 "
08.001.12.122.0001.2.011.3.3.90.39.01.200.0000,"0,00 "
08.001.12.122.0001.2.011.3.3.90.39.01.200.0000,"0,00 "
08.001.12.122.0001.2.011.3.3.90.39.01.200.0000,"1,00 "
08.001.12.122.0001.2.011.4.4.90.52.01.200.0000,"84.600,00 "
08.001.12.122.0001.2.011.4.4.90.52.01.200.0000,"53.000,00 "
08.001.12.122.0001.2.011.4.4.90.52.01.200.0000,"100.000,00 "
08.001.12.122.0001.2.011.4.4.90.52.01.200.0000,"100.000,00 "
08.001.12.122.0001.2.011.4.4.90.52.01.200.0000,"0,00 "
08.001.12.122.0016.2.019.3.3.90.39.01.200.0000,"7.146.131,00 "
08.001.12.122.0016.2.023.3.3.50.39.01.110.0000,"3.543.483,00 "
08.001.12.122.0016.2.023.3.3.50.39.01.110.0000,"3.592.185,00 "
08.001.12.122.0016.2.023.4.4.50.39.01.110.0000,"885.870,00 "
08.001.12.122.0016.2.023.4.4.50.39.01.110.0000,"898.047,00 "
08.001.12.122.0001.2.008.3.3.90.39.01.200.0000,"638.280,00 "
08.001.12.122.0001.2.008.3.3.90.48.01.200.0000,"9.500.565,00 "
08.001.12.306.0016.2.011.3.3.90.30.01.110.0000,"1.200.000,00 "
08.001.12.306.0016.2.011.4.4.90.52.01.110.0000,"500.000,00 "
08.001.12.306.0016.2.017.3.3.90.30.01.110.0000,"19.840.542,00 "
08.001.12.306.0016.2.017.3.3.90.30.01.110.0000,"25.861.465,00 "
08.001.12.306.0016.2.017.3.3.90.30.01.110.0000,"68.304.261,00 "
08.001.12.306.0016.2.017.3.3.90.30.01.110.0000,"8.651.018,00 "
08.001.12.306.0016.2.017.3.3.90.30.05.200.0002,"12.000.000,00 "
08.001.12.306.0016.2.017.3.3.90.30.05.200.0002,"0,00 "
08.001.12.306.0016.2.017.3.3.90.30.05.200.0002,"0,00 "
08.001.12.306.0016.2.017.3.3.90.30.05.200.0003,"12.050.000,00 "
08.001.12.306.0016.2.017.3.3.90.30.05.200.0003,"8.000.000,00 "
08.001.12.306.0016.2.017.3.3.90.30.05.200.0003,"14.506.000,00 "
08.001.12.306.0016.2.017.3.3.90.30.05.200.0003,"3.900.000,00 "
08.001.12.361.0002.2.005.3.3.90.30.01.110.0000,"0,00 "
08.001.12.361.0002.2.005.3.3.90.39.01.110.0000,"0,00 "
08.001.12.361.0002.2.005.3.3.90.39.01.200.0000,"3.714.741,00 "
08.001.12.361.0002.2.005.3.3.90.39.01.200.0000,"1.848.522,00 "
08.001.12.361.0002.2.007.3.3.90.40.01.200.0000,"6.800.000,00 "
08.001.12.361.0002.2.007.3.3.90.40.01.200.0000,"17.720.015,00 "
08.001.12.361.0016.1.002.3.3.90.39.01.110.0000,"999.999,00 "
08.001.12.361.0016.1.002.3.3.90.39.01.200.0000,"1,00 "
08.001.12.361.0016.1.002.3.3.90.39.01.110.0000,"1.000.000,00 "
08.001.12.361.0016.1.002.3.3.90.39.01.200.0000,"1,00 "
08.001.12.361.0016.1.002.3.3.90.39.01.110.0000,"1.000.000,00 "
08.001.12.361.0016.1.002.3.3.90.39.01.200.0000,"1,00 "
08.001.12.361.0016.1.002.3.3.90.39.01.110.0000,"1.000.000,00 "
08.001.12.361.0016.1.002.3.3.90.39.01.200.0000,"1,00 "
08.001.12.361.0016.1.002.3.3.90.39.01.110.0000,"0,00 "
08.001.12.361.0016.1.002.3.3.90.39.01.200.0000,"0,00 "
08.001.12.361.0016.1.002.3.3.90.39.01.110.0000,"0,00 "
08.001.12.361.0016.1.002.3.3.90.39.01.200.0000,"0,00 "
08.001.12.361.0016.1.002.3.3.90.39.01.110.0000,"0,00 "
08.001.12.361.0016.1.002.3.3.90.39.01.200.0000,"0,00 "
08.001.12.361.0016.1.002.3.3.90.39.01.110.0000,"0,00 "
08.001.12.361.0016.1.002.3.3.90.39.01.200.0000,"0,00 "
08.001.12.361.0016.1.002.3.3.90.39.01.110.0000,"0,00 "
08.001.12.361.0016.1.002.3.3.90.39.01.200.0000,"0,00 "
08.001.12.361.0016.1.002.3.3.90.39.01.110.0000,"0,00 "
08.001.12.361.0016.1.002.3.3.90.39.01.200.0000,"0,00 "
08.001.12.361.0016.1.002.3.3.90.39.01.110.0000,"0,00 "
08.001.12.361.0016.1.002.3.3.90.39.01.200.0000,"0,00 "
08.001.12.361.0016.1.002.3.3.90.39.01.110.0000,"0,00 "
08.001.12.361.0016.1.002.3.3.90.39.01.200.0000,"0,00 "
08.001.12.361.0016.1.002.3.3.90.39.01.110.0000,"0,00 "
08.001.12.361.0016.1.002.3.3.90.39.01.200.0000,"0,00 "
08.001.12.361.0016.1.002.3.3.90.39.01.110.0000,"0,00 "
08.001.12.361.0016.1.002.3.3.90.39.01.200.0000,"0,00 "
08.001.12.361.0016.1.002.3.3.90.39.01.110.0000,"0,00 "
08.001.12.361.0016.1.002.3.3.90.39.01.200.0000,"0,00 "
08.001.12.361.0016.1.002.3.3.90.39.01.110.0000,"0,00 "
08.001.12.361.0016.1.002.3.3.90.39.01.200.0000,"0,00 "
08.001.12.361.0016.1.003.4.4.90.51.01.200.0000,"8.827.810,00 "
08.001.12.361.0016.1.003.4.4.90.51.07.203.0000,"1,00 "
08.001.12.361.0016.1.003.4.4.90.52.01.200.0000,"2,00 "
08.001.12.361.0016.2.011.3.3.50.43.01.200.0000,"1,00 "
08.001.12.361.0016.2.011.3.3.90.30.01.200.0000,"5.475.230,00 "
08.001.12.361.0016.2.011.3.3.90.30.01.200.0000,"1.938.000,00 "
08.001.12.361.0016.2.011.3.3.90.39.01.110.0000,"79.353,00 "
08.001.12.361.0016.2.011.3.3.90.39.01.200.0000,"1,00 "
08.001.12.361.0016.2.011.3.3.90.39.01.200.0000,"94.853,00 "
08.001.12.361.0016.2.011.3.3.90.39.01.200.0000,"11.146.130,00 "
08.001.12.361.0016.2.011.4.4.90.52.01.110.0000,"100.000,00 "
08.001.12.361.0016.2.011.4.4.90.52.01.110.0000,"100.001,00 "
08.001.12.361.0016.2.017.3.3.90.32.01.110.0000,"1,00 "
08.001.12.361.0016.2.017.3.3.90.32.01.110.0000,"3.757.214,00 "
08.001.12.361.0016.2.017.3.3.90.32.01.110.0000,"19.574.270,00 "
08.001.12.361.0016.2.017.3.3.90.32.01.110.0000,"4.012.093,00 "
08.001.12.361.0016.2.017.3.3.90.32.01.110.0000,"1,00 "
08.001.12.361.0016.2.017.3.3.90.32.01.200.0000,"1,00 "
08.001.12.361.0016.2.017.3.3.90.32.01.200.0000,"15.814.751,00 "
08.001.12.361.0016.2.018.3.3.90.40.01.110.0000,"5.084.787,00 "
08.001.12.361.0016.2.018.3.3.90.40.01.200.0000,"44.558.723,00 "
08.001.12.361.0016.2.018.3.3.90.40.01.110.0000,"8.193.571,00 "
08.001.12.361.0016.2.018.3.3.90.40.01.200.0000,"1,00 "
08.001.12.361.0016.2.018.3.3.90.40.01.200.0000,"2.396.007,00 "
08.001.12.361.0016.2.019.3.3.90.39.01.200.0000,"9.212.860,00 "
08.001.12.361.0016.2.019.3.3.90.39.01.200.0000,"26.633.074,00 "
08.001.12.361.0016.2.019.3.3.90.40.01.200.0000,"0,00 "
08.001.12.361.0016.2.019.3.3.90.32.01.200.0000,"0,00 "
08.001.12.361.0016.2.019.3.3.90.32.01.200.0000,"1,00 "
08.001.12.361.0016.2.020.3.3.90.39.01.110.0000,"2.025.840,00 "
08.001.12.361.0016.2.020.3.3.90.39.01.200.0000,"13.120.263,00 "
08.001.12.361.0016.2.023.3.3.50.39.01.110.0000,"4.015.946,00 "
08.001.12.361.0016.2.023.3.3.50.39.01.200.0000,"1,00 "
08.001.12.361.0016.2.023.3.3.50.39.01.110.0000,"3.691.398,00 "
08.001.12.361.0016.2.023.3.3.50.39.01.200.0000,"1,00 "
08.001.12.361.0016.2.023.4.4.50.39.01.110.0000,"1.003.986,00 "
08.001.12.361.0016.2.023.4.4.50.39.01.200.0000,"1,00 "
08.001.12.361.0016.2.023.4.4.50.39.01.110.0000,"922.850,00 "
08.001.12.361.0016.2.023.4.4.50.39.01.200.0000,"1,00 "
08.001.12.364.0001.2.011.3.3.90.30.01.110.0000,"47.000,00 "
08.001.12.364.0001.2.011.3.3.90.39.01.110.0000,"0,00 "
08.001.12.365.0002.2.005.3.3.90.30.01.110.0000,"0,00 "
08.001.12.365.0002.2.005.3.3.90.39.01.110.0000,"0,00 "
08.001.12.365.0002.2.005.3.3.90.39.01.200.0000,"3.129.647,00 "
08.001.12.365.0002.2.005.3.3.90.39.01.200.0000,"1.122.045,00 "
08.001.12.365.0002.2.007.3.3.90.40.01.200.0000,"10.200.000,00 "
08.001.12.365.0002.2.007.3.3.90.40.01.200.0000,"10.179.986,00 "
08.001.12.365.0016.1.002.3.3.90.39.01.200.0000,"1.000.000,00 "
08.001.12.365.0016.1.002.3.3.90.39.01.110.0000,"0,00 "
08.001.12.365.0016.1.002.3.3.90.39.01.200.0000,"0,00 "
08.001.12.365.0016.1.002.3.3.90.39.01.110.0000,"0,00 "
08.001.12.365.0016.1.002.3.3.90.39.01.200.0000,"0,00 "
08.001.12.365.0016.1.002.3.3.90.39.01.200.0000,"0,00 "
08.001.12.365.0016.1.002.3.3.90.39.01.110.0000,"0,00 "
08.001.12.365.0016.1.002.3.3.90.39.01.200.0000,"0,00 "
08.001.12.365.0016.1.002.3.3.90.39.01.200.0000,"0,00 "
08.001.12.365.0016.1.002.3.3.90.39.01.200.0000,"0,00 "
08.001.12.365.0016.1.002.3.3.90.39.01.110.0000,"0,00 "
08.001.12.365.0016.1.002.3.3.90.39.01.200.0000,"0,00 "
08.001.12.365.0016.1.002.3.3.90.39.01.110.0000,"0,00 "
08.001.12.365.0016.1.002.3.3.90.39.01.200.0000,"0,00 "
08.001.12.365.0016.1.002.3.3.90.39.01.110.0000,"0,00 "
08.001.12.365.0016.1.002.3.3.90.39.01.200.0000,"0,00 "
08.001.12.365.0016.1.002.3.3.90.39.01.200.0000,"0,00 "
08.001.12.365.0016.1.002.3.3.90.39.01.200.0000,"0,00 "
08.001.12.365.0016.1.002.3.3.90.39.01.110.0000,"0,00 "
08.001.12.365.0016.1.002.3.3.90.39.01.200.0000,"0,00 "
08.001.12.365.0016.1.002.3.3.90.39.01.110.0000,"0,00 "
08.001.12.365.0016.1.002.3.3.90.39.01.200.0000,"0,00 "
08.001.12.365.0016.1.002.3.3.90.39.01.110.0000,"0,00 "
08.001.12.365.0016.1.002.3.3.90.39.01.200.0000,"0,00 "
08.001.12.365.0016.1.002.3.3.90.39.01.200.0000,"0,00 "
08.001.12.365.0016.1.003.4.4.90.51.01.200.0000,"2.609.157,00 "
08.001.12.365.0016.1.003.4.4.90.51.07.202.0000,"1,00 "
08.001.12.365.0016.1.003.4.4.90.51.01.200.0000,"1,00 "
08.001.12.365.0016.1.003.4.4.90.51.01.200.0000,"2,00 "
08.001.12.365.0016.1.003.4.4.90.51.07.202.0000,"1,00 "
08.001.12.365.0016.1.003.4.4.90.52.01.200.0000,"276.520,00 "
08.001.12.365.0016.2.011.3.3.50.43.01.110.0000,"1,00 "
08.001.12.365.0016.2.011.3.3.90.30.01.200.0000,"4.650.150,00 "
08.001.12.365.0016.2.011.3.3.90.30.01.200.0000,"1.292.000,00 "
08.001.12.365.0016.2.011.3.3.90.30.01.200.0000,"0,00 "
08.001.12.365.0016.2.011.3.3.90.30.01.200.0000,"700.000,00 "
08.001.12.365.0016.2.011.3.3.90.30.01.110.0000,"199.000,00 "
08.001.12.365.0016.2.011.3.3.90.30.01.200.0000,"0,00 "
08.001.12.365.0016.2.011.3.3.90.39.01.110.0000,"79.353,00 "
08.001.12.365.0016.2.011.3.3.90.39.01.200.0000,"0,00 "
08.001.12.365.0016.2.011.3.3.90.39.01.200.0000,"8.853.870,00 "
08.001.12.365.0016.2.011.3.3.90.39.01.200.0000,"0,00 "
08.001.12.365.0016.2.011.3.3.90.39.01.200.0000,"94.853,00 "
08.001.12.365.0016.2.011.4.4.90.52.01.200.0000,"500.000,00 "
08.001.12.365.0016.2.011.4.4.90.52.01.200.0000,"100.000,00 "
08.001.12.365.0016.2.011.4.4.90.52.01.200.0000,"0,00 "
08.001.12.365.0016.2.017.3.3.90.32.01.110.0000,"0,00 "
08.001.12.365.0016.2.017.3.3.90.32.01.110.0000,"1.269.017,00 "
08.001.12.365.0016.2.017.3.3.90.32.01.110.0000,"17.745.907,00 "
08.001.12.365.0016.2.017.3.3.90.32.01.110.0000,"7.218.671,00 "
08.001.12.365.0016.2.017.3.3.90.32.01.200.0000,"9.098.414,00 "
08.001.12.365.0016.2.018.3.3.90.40.01.200.0000,"8.528.026,00 "
08.001.12.365.0016.2.018.3.3.90.40.01.110.0000,"2.518.589,00 "
08.001.12.365.0016.2.018.3.3.90.40.01.200.0000,"1,00 "
08.001.12.365.0016.2.019.3.3.90.39.01.200.0000,"15.951.719,00 "
08.001.12.365.0016.2.019.3.3.90.32.01.200.0000,"3,00 "
08.001.12.365.0016.2.020.3.3.90.39.01.110.0000,"1,00 "
08.001.12.365.0016.2.020.3.3.90.39.01.200.0000,"7.996.842,00 "
08.001.12.365.0016.2.022.3.3.50.39.01.200.0000,"3.031.384,00 "
08.001.12.365.0016.2.022.3.3.50.39.01.200.0000,"2.131.667,00 "
08.001.12.365.0016.2.022.3.3.50.39.01.200.0000,"1.358.585,00 "
08.001.12.365.0016.2.022.3.3.50.39.01.200.0000,"2.781.426,00 "
08.001.12.365.0016.2.022.3.3.50.39.01.200.0000,"12.876.480,00 "
08.001.12.365.0016.2.022.3.3.50.39.01.200.0000,"8.521.207,00 "
08.001.12.365.0016.2.022.3.3.50.39.01.200.0000,"7.334.458,00 "
08.001.12.365.0016.2.022.3.3.50.39.01.200.0000,"7.295.168,00 "
08.001.12.365.0016.2.022.3.3.50.39.01.200.0000,"2.648.143,00 "
08.001.12.365.0016.2.022.3.3.50.39.01.200.0000,"8.693.295,00 "
08.001.12.365.0016.2.022.4.4.50.39.01.200.0000,"1,00 "
08.001.12.365.0016.2.022.4.4.50.39.01.200.0000,"34.250,00 "
08.001.12.365.0016.2.022.4.4.50.39.01.200.0000,"5.515,00 "
08.001.12.365.0016.2.022.4.4.50.39.01.200.0000,"13.420,00 "
08.001.12.365.0016.2.022.4.4.50.39.01.200.0000,"236.830,00 "
08.001.12.365.0016.2.022.4.4.50.39.01.200.0000,"1,00 "
08.001.12.365.0016.2.022.4.4.50.39.01.200.0000,"116.398,00 "
08.001.12.365.0016.2.022.4.4.50.39.01.200.0000,"800,00 "
08.001.12.365.0016.2.022.4.4.50.39.01.200.0000,"25.845,00 "
08.001.12.365.0016.2.022.4.4.50.39.01.200.0000,"1,00 "
08.001.12.365.0016.2.023.3.3.50.39.01.110.0000,"1.184.535,00 "
08.001.12.365.0016.2.023.3.3.50.39.01.200.0000,"1,00 "
08.001.12.365.0016.2.023.3.3.50.39.01.110.0000,"1.012.654,00 "
08.001.12.365.0016.2.023.3.3.50.39.01.200.0000,"1,00 "
08.001.12.365.0016.2.023.4.4.50.39.01.110.0000,"296.133,00 "
08.001.12.365.0016.2.023.4.4.50.39.01.200.0000,"1,00 "
08.001.12.365.0016.2.023.4.4.50.39.01.110.0000,"253.164,00 "
08.001.12.365.0016.2.023.4.4.50.39.01.200.0000,"1,00 "
08.001.12.366.0016.2.019.3.3.50.39.01.200.0000,"3.018.177,00 "
08.001.12.366.0016.2.019.3.3.90.39.01.200.0000,"79.200,00 "
08.001.12.366.0016.2.019.3.3.90.48.01.200.0000,"1.000.000,00 "
08.001.12.366.0016.2.019.4.4.50.39.01.200.0000,"1,00 "
08.001.12.367.0016.2.019.3.3.90.39.01.200.0000,"2.279.808,00 "
08.001.12.367.0016.2.019.3.3.90.39.01.200.0000,"2.439.650,00 "
09.001.04.126.0002.2.007.3.3.90.39.01.110.0000,"1,00 "
09.001.04.126.0002.2.007.3.3.90.39.01.310.0000,"8.353.350,00 "
09.001.04.131.0002.2.005.3.3.90.39.01.110.0000,"0,00 "
09.001.04.131.0002.2.005.3.3.90.39.01.110.0000,"20.000,00 "
09.001.04.131.0002.2.005.3.3.90.39.01.310.0000,"0,00 "
09.001.04.131.0002.2.005.3.3.90.39.01.310.0000,"20.000,00 "
09.001.10.122.0001.2.006.3.3.90.39.01.110.0000,"1,00 "
09.001.10.302.0015.2.026.3.3.90.39.01.110.0000,"207.877,00 "
09.001.10.302.0015.2.026.3.3.90.39.01.110.0000,"95.236,00 "
09.001.10.302.0015.2.026.3.3.90.39.01.110.0000,"312.000,00 "
09.001.10.302.0015.2.026.3.3.90.39.01.110.0000,"0,00 "
09.001.10.302.0015.2.026.3.3.90.39.01.110.0000,"120.001,00 "
09.001.10.302.0015.2.026.3.3.90.39.01.110.0000,"944.674,00 "
09.001.10.302.0015.2.026.3.3.90.39.01.110.0000,"319.172,00 "
09.006.10.302.0015.1.002.3.3.90.30.01.110.0000,"1,00 "
09.006.10.302.0015.1.002.3.3.90.30.01.310.0000,"1,00 "
09.006.10.302.0015.1.002.3.3.90.39.01.110.0000,"1,00 "
09.006.10.302.0015.1.002.3.3.90.39.01.110.0000,"1,00 "
09.006.10.302.0015.1.002.3.3.90.39.01.310.0000,"1,00 "
09.006.10.302.0015.1.002.3.3.90.39.01.310.0000,"1,00 "
09.006.10.302.0015.1.002.4.4.90.51.01.110.0000,"1,00 "
09.006.10.302.0015.1.002.4.4.90.51.01.310.0000,"1,00 "
09.006.10.302.0015.1.002.4.4.90.52.01.110.0000,"1,00 "
09.006.10.302.0015.1.002.4.4.90.52.01.310.0000,"1,00 "
09.006.10.302.0015.2.014.3.3.90.30.01.110.0000,"448.707,00 "
09.006.10.302.0015.2.014.3.3.90.30.01.110.0000,"216.567,00 "
09.006.10.302.0015.2.014.3.3.90.30.01.110.0000,"1.938.431,00 "
09.006.10.302.0015.2.014.3.3.90.30.01.310.0000,"2.280.009,00 "
09.006.10.302.0015.2.014.3.3.90.30.03.300.0901,"492.000,00 "
09.006.10.302.0015.2.014.3.3.90.30.01.310.0000,"17.603,00 "
09.006.10.302.0015.2.014.3.3.90.30.05.301.0000,"313.893,00 "
09.006.10.302.0015.2.014.3.3.90.39.01.110.0000,"593.626,00 "
09.006.10.302.0015.2.014.3.3.90.39.01.110.0000,"512.782,00 "
09.006.10.302.0015.2.014.3.3.90.39.01.110.0000,"0,00 "
09.006.10.302.0015.2.014.3.3.90.39.01.110.0000,"4.138.653,00 "
09.006.10.302.0015.2.014.3.3.90.39.01.110.0000,"2.757.526,00 "
09.006.10.302.0015.2.014.3.3.90.39.01.110.0000,"509.495,00 "
09.006.10.302.0015.2.014.3.3.90.39.01.110.0000,"4.416.548,00 "
09.006.10.302.0015.2.014.3.3.90.39.01.110.0000,"1.739.999,00 "
09.006.10.302.0015.2.014.3.3.90.39.01.310.0000,"1,00 "
09.006.10.302.0015.2.014.3.3.90.39.01.310.0000,"8.226.359,00 "
09.006.10.302.0015.2.014.3.3.90.39.01.310.0000,"0,00 "
09.006.10.302.0015.2.014.3.3.90.39.01.310.0000,"0,00 "
09.006.10.302.0015.2.014.3.3.90.39.02.310.0000,"0,00 "
09.006.10.302.0015.2.014.3.3.90.39.05.301.0000,"0,00 "
09.006.10.302.0015.2.014.3.3.90.39.05.301.0000,"1.453.315,00 "
09.006.10.302.0015.2.014.3.3.90.39.05.301.0000,"0,00 "
09.006.10.302.0015.2.014.3.3.90.39.05.301.0000,"0,00 "
09.006.10.302.0015.2.014.3.3.90.39.05.301.0000,"3.139.487,00 "
09.006.10.302.0015.2.014.3.3.90.39.05.301.0000,"0,00 "
09.008.10.301.0015.1.002.3.3.90.30.01.110.0000,"1,00 "
09.008.10.301.0015.1.002.3.3.90.30.01.310.0000,"1,00 "
09.008.10.301.0015.1.002.3.3.90.39.01.110.0000,"1,00 "
09.008.10.301.0015.1.002.3.3.90.39.01.110.0000,"1,00 "
09.008.10.301.0015.1.002.3.3.90.39.01.310.0000,"1,00 "
09.008.10.301.0015.1.002.3.3.90.39.01.310.0000,"1,00 "
09.008.10.301.0015.1.002.4.4.90.51.01.110.0000,"1,00 "
09.008.10.301.0015.1.002.4.4.90.51.01.310.0000,"1,00 "
09.008.10.301.0015.1.002.4.4.90.52.01.110.0000,"1,00 "
09.008.10.301.0015.1.002.4.4.90.52.01.310.0000,"1,00 "
09.008.10.301.0015.1.003.4.4.90.51.01.110.0000,"1,00 "
09.008.10.301.0015.1.003.4.4.90.51.01.310.0000,"1,00 "
09.008.10.301.0015.2.012.3.3.90.30.01.110.0000,"0,00 "
09.008.10.301.0015.2.012.3.3.90.30.01.110.0000,"825.008,00 "
09.008.10.301.0015.2.012.3.3.90.30.01.110.0000,"0,00 "
09.008.10.301.0015.2.012.3.3.90.30.01.310.0000,"750.000,00 "
09.008.10.301.0015.2.012.3.3.90.30.01.310.0000,"0,00 "
09.008.10.301.0015.2.012.3.3.90.30.05.301.0000,"0,00 "
09.008.10.301.0015.2.012.3.3.90.39.01.110.0000,"4.800.000,00 "
09.008.10.301.0015.2.012.3.3.90.39.01.110.0000,"1,00 "
09.008.10.301.0015.2.012.3.3.90.39.05.301.0000,"5.807.767,00 "
09.008.10.301.0015.2.012.3.3.90.39.01.110.0000,"0,00 "
09.008.10.301.0015.2.012.3.3.90.39.01.110.0000,"2.981.987,00 "
09.008.10.301.0015.2.012.3.3.90.39.01.110.0000,"40.224,00 "
09.008.10.301.0015.2.012.3.3.90.39.01.110.0000,"68.128,00 "
09.008.10.301.0015.2.012.3.3.90.39.01.110.0000,"1,00 "
09.008.10.301.0015.2.012.3.3.90.39.05.301.0000,"2.079.999,00 "
09.008.10.301.0015.2.012.3.3.90.39.01.110.0000,"606.276,00 "
09.008.10.301.0015.2.012.3.3.90.39.01.310.0000,"13.750.579,00 "
09.008.10.301.0015.2.012.3.3.90.39.01.310.0000,"0,00 "
09.008.10.301.0015.2.012.3.3.90.39.02.310.0000,"0,00 "
09.008.10.301.0015.2.012.3.3.90.39.05.301.0000,"0,00 "
09.008.10.301.0015.2.012.3.3.90.39.05.301.0000,"3.492.232,00 "
09.008.10.301.0015.2.012.3.3.90.39.05.301.0000,"0,00 "
09.008.10.301.0015.2.012.3.3.90.39.05.301.0000,"0,00 "
09.009.10.302.0015.1.002.3.3.90.30.01.110.0000,"1,00 "
09.009.10.302.0015.1.002.3.3.90.30.01.310.0000,"1,00 "
09.009.10.302.0015.1.002.3.3.90.39.01.110.0000,"1,00 "
09.009.10.302.0015.1.002.3.3.90.39.01.110.0000,"1,00 "
09.009.10.302.0015.1.002.3.3.90.39.01.310.0000,"1,00 "
09.009.10.302.0015.1.002.3.3.90.39.01.310.0000,"1,00 "
09.009.10.302.0015.1.002.4.4.90.51.01.110.0000,"1,00 "
09.009.10.302.0015.1.002.4.4.90.51.01.310.0000,"1,00 "
09.009.10.302.0015.1.002.4.4.90.52.01.110.0000,"1,00 "
09.009.10.302.0015.1.002.4.4.90.52.01.310.0000,"1,00 "
09.009.10.302.0015.1.003.4.4.90.51.01.110.0000,"1,00 "
09.009.10.302.0015.1.003.4.4.90.51.01.310.0000,"1,00 "
09.009.10.302.0015.2.013.3.3.90.30.01.110.0000,"476.485,00 "
09.009.10.302.0015.2.013.3.3.50.39.05.302.0000,"5.798.144,00 "
09.009.10.302.0015.2.013.3.3.50.39.01.110.0000,"600.000,00 "
09.009.10.302.0015.2.013.3.3.50.39.05.302.0000,"4.199.199,00 "
09.009.10.302.0015.2.013.3.3.50.39.05.302.0000,"294.003,00 "
09.009.10.302.0015.2.013.4.4.50.52.01.110.0000,"499.999,00 "
09.009.10.302.0015.2.013.4.4.50.52.01.310.0000,"1,00 "
09.009.10.302.0015.2.013.3.3.90.39.01.110.0000,"59.668,00 "
09.009.10.302.0015.2.013.3.3.90.39.01.310.0000,"1,00 "
09.009.10.302.0015.2.013.3.3.90.30.01.110.0000,"1,00 "
09.009.10.302.0015.2.013.3.3.90.30.01.310.0000,"273.515,00 "
09.009.10.302.0015.2.013.3.3.90.30.01.310.0000,"0,00 "
09.009.10.302.0015.2.013.3.3.90.30.05.302.0000,"100.000,00 "
09.009.10.302.0015.2.013.3.3.90.30.05.302.0000,"2.844.490,00 "
09.009.10.302.0015.2.013.3.3.90.39.01.110.0000,"2.160.000,00 "
09.009.10.302.0015.2.013.3.3.90.39.01.110.0000,"4.132.793,00 "
09.009.10.302.0015.2.013.3.3.90.39.01.110.0000,"0,00 "
09.009.10.302.0015.2.013.3.3.90.39.01.110.0000,"2.006.152,00 "
09.009.10.302.0015.2.013.3.3.90.39.01.110.0000,"82.731,00 "
09.009.10.302.0015.2.013.3.3.90.39.01.110.0000,"0,00 "
09.009.10.302.0015.2.013.3.3.90.39.01.110.0000,"1.674.756,00 "
09.009.10.302.0015.2.013.3.3.90.39.01.310.0000,"8.885.554,00 "
09.009.10.302.0015.2.013.3.3.90.39.01.310.0000,"0,00 "
09.009.10.302.0015.2.013.3.3.90.39.02.310.0000,"0,00 "
09.009.10.302.0015.2.013.3.3.90.39.05.302.0000,"0,00 "
09.009.10.302.0015.2.013.3.3.90.39.05.302.0000,"0,00 "
09.009.10.302.0015.2.013.3.3.90.39.05.302.0000,"0,00 "
09.009.10.302.0015.2.013.3.3.90.39.05.302.0000,"0,00 "
09.009.10.302.0015.2.023.3.3.50.85.01.110.0000,"1,00 "
09.009.10.302.0015.2.023.3.3.50.85.01.310.0000,"3.235.358,00 "
09.009.10.302.0015.2.023.3.3.50.85.02.310.0000,"10.966.750,00 "
09.010.10.302.0015.1.002.3.3.90.30.01.110.0000,"1,00 "
09.010.10.302.0015.1.002.3.3.90.30.01.310.0000,"1,00 "
09.010.10.302.0015.1.002.3.3.90.39.01.110.0000,"1,00 "
09.010.10.302.0015.1.002.3.3.90.39.01.110.0000,"1,00 "
09.010.10.302.0015.1.002.3.3.90.39.01.310.0000,"1,00 "
09.010.10.302.0015.1.002.3.3.90.39.01.310.0000,"1,00 "
09.010.10.302.0015.1.002.4.4.90.51.01.110.0000,"1,00 "
09.010.10.302.0015.1.002.4.4.90.51.01.310.0000,"1,00 "
09.010.10.302.0015.1.002.4.4.90.52.01.110.0000,"1,00 "
09.010.10.302.0015.1.002.4.4.90.52.01.310.0000,"1,00 "
09.010.10.302.0015.1.003.4.4.90.51.01.110.0000,"0,00 "
09.010.10.302.0015.2.014.3.3.90.30.01.110.0000,"1,00 "
09.010.10.302.0015.2.014.3.3.90.30.01.110.0000,"1.051.484,00 "
09.010.10.302.0015.2.014.3.3.90.30.01.310.0000,"283.690,00 "
09.010.10.302.0015.2.014.3.3.90.30.01.310.0000,"300.000,00 "
09.010.10.302.0015.2.014.3.3.90.30.01.310.0000,"0,00 "
09.010.10.302.0015.2.014.3.3.90.30.05.301.0000,"809.014,00 "
09.010.10.302.0015.2.014.3.3.90.30.05.302.0000,"7.224.365,00 "
09.010.10.302.0015.2.014.3.3.90.39.01.110.0000,"1.506.375,00 "
09.010.10.302.0015.2.014.3.3.90.39.01.110.0000,"769.174,00 "
09.010.10.302.0015.2.014.3.3.90.39.01.110.0000,"1,00 "
09.010.10.302.0015.2.014.3.3.90.39.01.110.0000,"3.919.270,00 "
09.010.10.302.0015.2.014.3.3.90.39.01.110.0000,"2.008.854,00 "
09.010.10.302.0015.2.014.3.3.90.39.01.110.0000,"13.262.388,00 "
09.010.10.302.0015.2.014.3.3.90.39.01.110.0000,"791.999,00 "
09.010.10.302.0015.2.014.3.3.90.39.01.310.0000,"1,00 "
09.010.10.302.0015.2.014.3.3.90.39.01.110.0000,"7.786.032,00 "
09.010.10.302.0015.2.014.3.3.90.39.01.310.0000,"1,00 "
09.010.10.302.0015.2.014.3.3.90.39.01.310.0000,"6.439.262,00 "
09.010.10.302.0015.2.014.3.3.90.39.01.310.0000,"0,00 "
09.010.10.302.0015.2.014.3.3.90.39.01.310.0000,"557.631,00 "
09.010.10.302.0015.2.014.3.3.90.39.01.310.0000,"203.666,00 "
09.010.10.302.0015.2.014.3.3.90.39.02.310.0000,"1,00 "
09.010.10.302.0015.2.014.3.3.90.39.02.310.0000,"176.334,00 "
09.010.10.302.0015.2.014.3.3.90.39.05.302.0000,"0,00 "
09.010.10.302.0015.2.014.3.3.90.39.05.302.0000,"769.174,00 "
09.010.10.302.0015.2.014.3.3.90.39.05.301.0000,"10.039.535,00 "
09.010.10.302.0015.2.014.3.3.90.39.01.110.0000,"1,00 "
09.010.10.302.0015.2.014.3.3.90.39.01.310.0000,"0,00 "
09.010.10.302.0015.2.014.3.3.90.39.05.302.0000,"0,00 "
09.010.10.302.0015.2.014.3.3.90.39.05.302.0000,"0,00 "
09.010.10.302.0015.2.023.3.3.50.85.01.110.0000,"173.624.880,00 "
09.010.10.302.0015.2.023.3.3.50.85.01.110.0000,"27.845.631,00 "
09.010.10.302.0015.2.023.3.3.50.85.01.110.0000,"24.168.329,00 "
09.010.10.302.0015.2.023.3.3.50.85.01.110.0000,"23.705.418,00 "
09.010.10.302.0015.2.023.3.3.50.85.01.110.0000,"4.857.545,00 "
09.010.10.302.0015.2.023.3.3.50.85.01.110.0000,"17.287.295,00 "
09.010.10.302.0015.2.023.3.3.50.85.01.310.0000,"4.000.000,00 "
09.010.10.302.0015.2.023.3.3.50.85.01.110.0000,"53.371.157,00 "
09.010.10.302.0015.2.023.3.3.50.85.01.310.0000,"9.156.257,00 "
09.010.10.302.0015.2.023.3.3.50.85.01.110.0000,"4.560.018,00 "
09.010.10.302.0015.2.023.3.3.50.85.01.310.0000,"18.228.610,00 "
09.010.10.302.0015.2.023.3.3.50.85.05.302.0000,"6.052.309,00 "
09.010.10.302.0015.2.023.3.3.50.85.05.302.0000,"4.699.443,00 "
09.010.10.302.0015.2.023.3.3.50.85.05.302.0000,"4.479.765,00 "
09.010.10.302.0015.2.023.3.3.50.85.05.302.0000,"16.249.980,00 "
09.010.10.302.0015.2.023.3.3.50.85.05.302.0000,"7.793.128,00 "
09.012.10.303.0014.2.011.3.3.90.30.01.110.0000,"0,00 "
09.012.10.303.0014.2.011.3.3.90.30.02.300.0000,"236.000,00 "
09.012.10.303.0014.2.011.3.3.90.30.05.304.0000,"1,00 "
09.012.10.303.0014.2.011.3.3.90.30.01.110.0000,"417.960,00 "
09.012.10.303.0014.2.011.3.3.90.30.01.110.0000,"11.999.999,00 "
09.012.10.303.0014.2.011.3.3.90.30.01.310.0000,"1,00 "
09.012.10.303.0014.2.011.3.3.90.39.01.110.0000,"1.927,00 "
09.012.10.303.0014.2.011.3.3.90.39.01.310.0000,"85.979,00 "
09.012.10.303.0014.2.011.3.3.90.39.01.110.0000,"352.583,00 "
09.012.10.303.0015.2.011.3.3.90.30.01.110.0000,"1,00 "
09.012.10.303.0015.2.011.3.3.90.30.01.310.0000,"15.970.562,00 "
09.015.04.121.0004.1.001.3.3.90.35.01.110.0000,"1,00 "
09.015.10.122.0014.1.002.3.3.90.30.01.110.0000,"1,00 "
09.015.10.122.0014.1.002.3.3.90.30.01.310.0000,"1,00 "
09.015.10.122.0014.1.002.3.3.90.39.01.110.0000,"1,00 "
09.015.10.122.0014.1.002.3.3.90.39.01.110.0000,"1,00 "
09.015.10.122.0014.1.002.3.3.90.39.01.310.0000,"1,00 "
09.015.10.122.0014.1.002.3.3.90.39.01.310.0000,"1,00 "
09.015.10.122.0014.1.002.4.4.90.51.01.110.0000,"1,00 "
09.015.10.122.0014.1.002.4.4.90.51.01.310.0000,"1,00 "
09.015.10.122.0014.1.002.4.4.90.52.01.110.0000,"1,00 "
09.015.10.122.0014.1.002.4.4.90.52.01.310.0000,"1,00 "
09.015.10.122.0014.2.011.3.3.90.30.01.110.0000,"0,00 "
09.015.10.122.0014.2.011.3.3.90.30.01.110.0000,"1.199.999,00 "
09.015.10.122.0014.2.011.3.3.90.30.01.110.0000,"175.980,00 "
09.015.10.122.0014.2.011.3.3.90.30.01.300.0000,"0,00 "
09.015.10.122.0014.2.011.3.3.90.30.01.310.0000,"92.266,00 "
09.015.10.122.0014.2.011.3.3.90.30.01.310.0000,"1,00 "
09.015.10.122.0014.2.011.3.3.90.30.02.310.0000,"0,00 "
09.015.10.122.0014.2.011.3.3.90.30.02.310.0000,"0,00 "
09.015.10.122.0014.2.011.3.3.90.30.01.110.0000,"0,00 "
09.015.10.122.0014.2.011.3.3.90.30.01.310.0000,"0,00 "
09.015.10.122.0014.2.011.3.3.90.30.01.110.0000,"1,00 "
09.015.10.122.0014.2.011.3.3.90.30.01.310.0000,"699.999,00 "
09.015.10.122.0014.2.011.3.3.90.30.01.110.0000,"1,00 "
09.015.10.122.0014.2.011.3.3.90.30.01.310.0000,"2.262.332,00 "
09.015.10.122.0014.2.011.3.3.90.39.01.110.0000,"120.600,00 "
09.015.10.122.0014.2.011.3.3.90.39.01.310.0000,"0,00 "
09.015.10.122.0014.2.011.3.3.90.32.05.301.0000,"360.003,00 "
09.015.10.122.0014.2.011.3.3.90.39.05.301.0000,"1,00 "
09.015.10.122.0014.2.011.3.3.90.30.05.301.0000,"157.734,00 "
09.015.10.122.0014.2.011.3.3.90.30.05.301.0000,"0,00 "
09.015.10.122.0014.2.011.3.3.90.30.01.110.0000,"1,00 "
09.015.10.122.0014.2.011.3.3.90.30.01.310.0000,"1.212.303,00 "
09.015.10.122.0014.2.011.3.3.90.39.01.110.0000,"0,00 "
09.015.10.122.0014.2.011.3.3.90.39.01.110.0000,"280.782,00 "
09.015.10.122.0014.2.011.3.3.90.39.01.110.0000,"1.927,00 "
09.015.10.122.0014.2.011.3.3.90.39.01.110.0000,"1.384.293,00 "
09.015.10.122.0014.2.011.3.3.90.39.01.310.0000,"0,00 "
09.015.10.122.0014.2.011.3.3.90.39.01.310.0000,"0,00 "
09.015.10.122.0014.2.011.3.3.90.39.02.310.0000,"0,00 "
09.015.10.122.0014.2.011.3.3.90.39.05.301.0000,"0,00 "
09.015.10.122.0014.2.011.3.3.90.39.01.110.0000,"249.999,00 "
09.015.10.122.0014.2.011.3.3.90.39.01.310.0000,"1,00 "
09.015.10.122.0014.2.011.3.3.90.93.01.110.0000,"999.999,00 "
09.015.10.122.0014.2.011.3.3.90.93.01.310.0000,"1,00 "
09.015.10.128.0014.2.008.3.3.90.48.01.110.0000,"3.037.000,00 "
09.015.10.128.0014.2.008.3.3.90.48.01.310.0000,"0,00 "
11.001.04.121.0004.1.001.3.3.90.35.01.110.0000,"0,00 "
11.001.04.121.0004.1.001.3.3.90.35.01.110.0000,"0,00 "
11.001.04.121.0004.1.001.3.3.90.39.01.110.0000,"1.500.000,00 "
11.001.04.121.0004.1.001.3.3.90.39.01.110.0000,"1.500.000,00 "
11.001.04.122.0001.2.006.3.3.90.39.01.110.0000,"0,00 "
11.001.04.122.0011.1.003.3.3.90.39.03.100.1102,"18.965.872,00 "
11.001.04.122.0011.1.003.3.3.90.39.01.110.0000,"0,00 "
11.001.04.122.0011.2.011.3.3.90.30.01.110.0000,"80.000,00 "
11.001.04.122.0011.2.011.3.3.90.30.01.110.0000,"15.000,00 "
11.001.04.122.0011.2.011.3.3.90.30.01.110.0000,"90.000,00 "
11.001.04.122.0011.2.011.3.3.90.39.01.110.0000,"17.760.288,00 "
11.001.04.122.0011.2.011.3.3.90.39.05.100.0000,"1.007.313,00 "
11.001.04.122.0011.2.011.3.3.90.39.01.110.0000,"130.000,00 "
11.001.04.122.0011.2.011.3.3.90.39.01.110.0000,"10.000,00 "
11.001.04.122.0011.2.011.4.4.90.52.01.110.0000,"6.000.000,00 "
11.001.04.122.0011.2.011.4.4.90.52.01.110.0000,"50.000,00 "
11.001.04.122.0011.2.011.4.4.90.52.01.110.0000,"28.000,00 "
11.001.04.122.0011.2.011.4.4.90.52.03.120.0000,"12.000,00 "
11.001.04.122.0011.2.011.4.4.90.52.01.110.0000,"200.000,00 "
11.001.04.122.0011.2.011.4.4.90.52.01.110.0000,"10.000,00 "
11.001.04.126.0002.2.007.3.3.90.40.01.110.0000,"0,00 "
11.001.04.131.0002.2.005.3.3.90.39.01.110.0000,"0,00 "
11.001.04.131.0002.2.005.3.3.90.39.01.110.0000,"14.500,00 "
11.001.15.451.0013.1.005.4.4.90.51.01.110.0000,"1,00 "
11.001.15.451.0013.1.005.4.4.90.51.01.110.0000,"0,00 "
11.001.15.451.0013.1.005.4.4.90.51.07.100.0000 ,"1,00 "
11.001.15.451.0013.1.005.4.4.90.51.07.100.0000 ,"0,00 "
11.001.15.451.0013.1.006.4.4.90.51.01.110.0000,"0,00 "
11.001.15.451.0013.1.006.4.4.90.51.07.100.0000,"1,00 "
11.001.15.451.0013.1.006.4.4.90.51.01.110.0000,"0,00 "
11.001.15.451.0013.1.006.4.4.90.51.07.100.0000,"1,00 "
11.001.15.451.0013.1.006.4.4.90.51.01.110.0000,"5.452.000,00 "
11.001.15.451.0013.1.006.4.4.90.51.03.100.1101,"1.548.000,00 "
11.001.15.451.0013.1.006.4.4.90.51.01.110.0000,"0,00 "
11.001.15.451.0013.1.006.4.4.90.51.02.100.0000,"0,00 "
11.001.15.451.0013.1.006.4.4.90.51.05.100.0000,"0,00 "
11.001.15.452.0011.2.038.3.3.90.39.01.100.0002,"0,00 "
11.001.15.452.0011.2.038.3.3.90.39.01.100.0002,"510.828,00 "
11.001.15.452.0011.2.038.3.3.90.39.01.100.0002,"0,00 "
11.001.15.452.0013.2.034.3.3.90.39.01.110.0000,"15.653.770,00 "
11.001.15.452.0013.2.034.3.3.90.39.01.110.0000,"0,00 "
11.001.15.452.0013.2.034.3.3.90.39.01.130.0000,"694.400,00 "
11.001.15.452.0013.2.034.3.3.90.39.01.130.0000,"109.600,00 "
11.001.15.452.0013.2.034.4.4.90.51.01.110.0000,"0,00 "
11.001.15.452.0013.2.034.4.4.90.51.01.110.0000,"0,00 "
11.001.17.452.0007.2.039.3.3.90.39.01.110.0000,"58.840.045,00 "
11.001.18.452.0007.1.003.3.3.90.39.01.110.0000,"1,00 "
11.001.18.452.0007.1.003.3.3.90.39.01.110.0000,"0,00 "
11.001.18.452.0007.1.003.3.3.90.39.01.110.0000,"0,00 "
11.001.18.452.0007.1.003.3.3.90.39.01.110.0000,"0,00 "
11.001.18.452.0007.1.003.3.3.90.39.01.110.0000,"0,00 "
11.001.18.452.0007.1.003.3.3.90.39.01.110.0000,"0,00 "
11.001.18.452.0007.1.003.3.3.90.39.01.110.0000,"0,00 "
11.001.18.452.0007.1.003.3.3.90.39.01.110.0000,"0,00 "
11.001.18.452.0007.1.003.3.3.90.39.01.110.0000,"0,00 "
11.001.18.452.0007.1.003.3.3.90.39.01.110.0000,"0,00 "
11.001.18.452.0007.1.003.3.3.90.39.05.800.0000 ,"0,00 "
11.001.18.543.0007.2.037.3.3.90.39.01.110.0000,"46.878.749,00 "
11.001.18.544.0005.1.007.4.4.90.51.01.110.0000,"0,00 "
11.001.18.544.0005.1.007.4.4.90.51.01.110.0000,"0,00 "
11.001.18.544.0005.1.007.4.4.90.51.01.110.0000,"0,00 "
11.001.18.544.0005.1.007.4.4.90.51.01.110.0000,"0,00 "
11.001.18.544.0005.1.007.4.4.90.51.01.110.0000,"0,00 "
11.001.18.544.0005.1.007.4.4.90.51.07.100.0000,"1,00 "
11.001.18.544.0005.1.007.4.4.90.51.02.100.0000,"0,00 "
11.001.18.544.0005.1.008.4.4.90.51.01.110.0000,"1,00 "
11.001.18.544.0005.2.035.3.3.90.39.01.110.0000,"0,00 "
11.001.27.812.0010.1.003.4.4.90.51.01.110.0000,"0,00 "
11.001.27.812.0010.1.003.4.4.90.51.02.100.0000,"0,00 "
11.008.17.452.0007.2.039.3.3.90.39.01.110.0000,"43.439.415,00 "
11.008.17.452.0007.2.039.4.4.90.51.07.100.0000,"1,00 "
11.008.17.452.0007.2.039.3.3.90.39.03.100.0401,"94.200.000,00 "
11.014.04.122.0011.2.011.3.3.90.30.03.100.1103 ,"90.000,00 "
11.014.04.122.0011.2.011.3.3.90.30.03.100.1103 ,"70.000,00 "
11.014.04.122.0011.2.011.3.3.90.39.03.100.1103 ,"216.700,00 "
11.014.04.122.0011.2.011.3.3.90.39.03.100.1103 ,"80.000,00 "
11.014.04.122.0011.2.011.4.4.90.52.03.100.1103,"180.000,00 "
11.014.04.122.0011.2.011.4.5.90.62.01.110.0000,"1,00 "
11.014.04.122.0011.2.011.4.5.90.62.03.100.1103 ,"1.200.000,00 "
11.014.04.122.0011.2.011.3.3.90.39.03.100.1102,"0,00 "
11.014.18.543.0007.2.037.3.3.90.39.03.100.1103 ,"0,00 "
11.014.18.543.0007.2.037.3.3.90.39.03.100.1111,"10.092.000,00 "
12.001.04.121.0004.1.001.3.3.90.35.01.110.0000,"1,00 "
12.001.04.122.0001.2.006.3.3.90.39.01.110.0000,"1,00 "
12.001.04.126.0002.2.007.3.3.90.39.01.110.0000,"0,00 "
12.001.04.131.0002.2.005.3.3.90.39.01.110.0000,"72.075,00 "
12.001.04.131.0002.2.005.3.3.90.39.01.110.0000,"1,00 "
12.001.27.811.0010.2.030.3.3.90.39.01.110.0000,"250.000,00 "
12.001.27.811.0010.2.030.3.3.90.39.01.110.0000,"1.200.000,00 "
12.001.27.811.0010.2.030.3.3.90.39.01.110.0000,"880.000,00 "
12.001.27.811.0010.2.030.3.3.90.48.01.110.0000,"1.500.000,00 "
12.001.27.811.0010.2.030.3.3.90.48.01.110.0000,"4.700.000,00 "
12.001.27.811.0010.2.030.4.4.90.51.01.110.0000,"1,00 "
12.001.27.812.0010.1.002.3.3.90.39.01.110.0000,"58.659,00 "
12.001.27.812.0010.1.002.4.4.90.51.07.100.0000,"1,00 "
12.001.27.812.0010.1.002.3.3.90.39.01.110.0000,"1,00 "
12.001.27.812.0010.1.003.3.3.90.39.01.110.0000,"1,00 "
12.001.27.812.0010.1.003.4.4.90.51.01.110.0000,"1,00 "
12.001.27.812.0010.1.003.4.4.90.51.01.110.0000,"0,00 "
12.001.27.812.0010.2.011.3.3.90.30.01.110.0000,"26.888,00 "
12.001.27.812.0010.2.011.3.3.90.30.01.110.0000,"42.398,00 "
12.001.27.812.0010.2.011.3.3.90.39.01.110.0000,"1.700.000,00 "
12.001.27.812.0010.2.011.3.3.90.39.01.110.0000,"0,00 "
12.001.27.812.0010.2.011.3.3.90.40.01.110.0000,"0,00 "
12.001.27.812.0010.2.011.4.4.90.52.01.110.0000,"0,00 "
12.001.27.812.0010.2.011.4.4.90.52.01.110.0000,"0,00 "
12.001.27.812.0010.2.011.4.4.90.52.01.110.0000,"0,00 "
12.001.27.812.0010.2.011.4.4.90.52.01.110.0000,"0,00 "
12.001.27.812.0010.2.028.3.3.50.39.01.110.0000,"675.792,00 "
12.001.27.812.0010.2.030.4.4.90.51.01.110.0000,"1,00 "
12.001.27.812.0010.2.031.3.3.90.39.01.110.0000,"1,00 "
12.001.27.812.0010.2.032.3.3.90.39.01.110.0000,"1,00 "
13.001.04.121.0004.1.001.3.3.90.35.01.110.0000,"1,00 "
13.001.04.121.0004.1.001.3.3.90.35.01.110.0000,"0,00 "
13.001.04.121.0004.1.001.3.3.90.39.01.110.0000,"0,00 "
13.001.04.122.0001.2.006.3.3.90.39.01.110.0000,"1,00 "
13.001.04.122.0001.2.011.3.3.90.30.01.110.0000,"80.000,00 "
13.001.04.122.0001.2.011.3.3.90.30.01.110.0000,"100.000,00 "
13.001.04.122.0001.2.011.3.3.90.30.01.110.0000,"15.000,00 "
13.001.04.122.0001.2.011.3.3.90.39.01.110.0000,"177.302,00 "
13.001.04.122.0001.2.011.3.3.90.39.01.110.0000,"1.000.000,00 "
13.001.04.122.0001.2.011.4.4.90.52.01.110.0000,"0,00 "
13.001.04.122.0001.2.011.4.4.90.52.01.110.0000,"0,00 "
13.001.04.122.0001.2.011.4.4.90.52.01.110.0000,"0,00 "
13.001.04.126.0002.2.007.3.3.90.40.01.110.0000,"0,00 "
13.001.04.131.0002.2.005.3.3.90.39.01.110.0000,"1,00 "
13.001.04.131.0002.2.005.3.3.90.39.01.110.0000,"10.000,00 "
13.001.15.451.0005.1.009.4.4.90.51.01.110.0000,"0,00 "
13.001.15.451.0005.1.009.4.4.90.51.01.110.0000,"0,00 "
13.001.15.451.0005.1.009.4.4.90.51.01.110.0000,"0,00 "
13.001.15.451.0005.1.009.4.4.90.51.01.110.0000,"0,00 "
13.001.15.451.0005.1.009.4.4.90.51.05.100.0000,"0,00 "
13.001.15.451.0005.1.009.4.4.90.51.05.100.0000,"0,00 "
13.001.15.451.0005.1.009.4.4.90.51.05.100.0000,"0,00 "
13.001.16.244.0012.2.040.3.3.90.48.01.110.0000,"1,00 "
13.001.16.244.0012.2.040.3.3.90.48.03.100.0000,"9.819.031,00 "
13.001.16.482.0012.1.009.4.4.90.51.01.110.0000,"1,00 "
13.001.16.482.0012.1.009.4.4.90.51.05.100.0000,"14.566.102,00 "
13.001.16.482.0012.1.009.4.4.90.51.01.110.0000,"36.462,00 "
13.001.16.482.0012.1.009.4.4.90.51.01.110.0000,"1,00 "
13.001.16.482.0012.1.009.4.4.90.51.07.100.0000,"1,00 "
13.001.16.482.0012.1.009.4.4.90.51.05.100.0000,"777.197,00 "
13.001.16.482.0012.1.009.4.4.90.51.01.110.0000,"0,00 "
13.001.16.482.0012.1.009.4.4.90.51.01.110.0000,"0,00 "
13.001.16.482.0012.1.009.4.4.90.51.01.110.0000,"0,00 "
13.001.16.482.0012.1.009.4.4.90.51.07.100.0000,"1,00 "
13.001.16.482.0012.1.009.4.4.90.51.01.110.0000,"0,00 "
13.001.16.482.0012.1.009.4.4.90.51.01.110.0000,"0,00 "
13.001.16.482.0012.1.009.4.4.90.51.05.100.0000,"0,00 "
13.001.16.482.0012.1.009.4.4.90.51.05.100.0000,"0,00 "
13.001.16.482.0012.1.009.4.4.90.51.05.100.0000,"478.745,00 "
13.001.16.482.0012.1.009.4.4.90.51.05.800.0000,"0,00 "
13.001.16.482.0012.1.009.4.4.90.51.07.100.0000,"1,00 "
13.001.16.482.0012.1.009.4.4.90.51.07.100.0000,"0,00 "
13.001.16.482.0012.1.009.4.4.90.51.07.100.0000,"0,00 "
13.001.16.482.0012.1.009.4.4.90.51.07.100.0000,"0,00 "
13.001.16.482.0012.1.010.4.4.90.51.01.110.0000,"1,00 "
13.001.16.482.0012.1.010.4.4.90.51.03.100.1301,"1.163.998,00 "
13.001.16.482.0012.1.010.4.4.90.51.03.100.0000,"1.676.968,00 "
13.001.16.482.0012.1.010.4.4.90.51.05.100.0000,"16.866.643,00 "
13.001.16.482.0012.1.011.3.3.90.39.01.110.0000,"1,00 "
13.001.16.482.0012.1.011.3.3.90.39.01.110.0000,"0,00 "
13.001.16.482.0012.1.011.3.3.90.39.01.110.0000,"1,00 "
13.001.16.482.0012.1.011.3.3.90.39.05.100.0000,"0,00 "
13.001.16.482.0012.1.011.3.3.90.39.05.100.0000,"0,00 "
13.001.16.482.0012.1.011.3.3.90.39.05.100.0000,"0,00 "
13.001.16.482.0012.1.012.4.4.90.51.01.110.0000,"1,00 "
13.001.16.482.0012.1.012.4.4.90.51.01.110.0000,"1,00 "
13.001.16.482.0012.1.013.4.4.90.51.01.110.0000,"1,00 "
13.001.16.482.0012.1.014.4.4.90.51.01.110.0000,"1,00 "
13.008.15.451.0005.1.009.4.4.90.51.03.100.1301,"1,00 "
13.008.15.451.0005.1.009.4.4.90.51.03.100.1301,"0,00 "
13.008.15.451.0005.1.009.4.4.90.51.03.100.1301,"0,00 "
13.008.15.451.0005.1.009.4.4.90.51.03.100.1301,"0,00 "
13.008.15.451.0005.1.009.4.4.90.51.03.100.1301,"0,00 "
13.008.15.451.0005.1.009.4.4.90.51.03.100.1301,"0,00 "
13.008.15.451.0005.1.009.4.4.90.51.03.100.1301,"0,00 "
13.008.16.482.0012.1.013.4.4.90.51.03.100.1301,"1,00 "
14.001.04.121.0004.1.001.3.3.90.35.01.110.0000,"1,00 "
14.001.04.121.0004.1.001.3.3.90.35.01.110.0000,"0,00 "
14.001.04.122.0001.2.005.3.3.90.39.01.110.0000,"1,00 "
14.001.04.122.0001.2.006.3.3.90.39.01.110.0000,"1,00 "
14.001.04.122.0001.2.011.3.3.90.30.01.110.0000,"1,00 "
14.001.04.122.0001.2.011.3.3.90.30.02.500.1402,"129.999,00 "
14.001.04.122.0001.2.011.3.3.90.30.01.110.0000,"180.000,00 "
14.001.04.122.0001.2.011.3.3.90.30.01.110.0000,"30.000,00 "
14.001.04.122.0001.2.011.3.3.90.30.01.110.0000,"10.000,00 "
14.001.04.122.0001.2.011.3.3.90.93.01.110.0000,"5.000,00 "
14.001.04.122.0001.2.011.4.4.90.52.01.110.0000,"150.000,00 "
14.001.04.122.0001.2.011.4.4.90.52.01.110.0000,"0,00 "
14.001.04.122.0001.2.011.4.4.90.52.01.110.0000,"20.000,00 "
14.001.04.126.0002.2.007.3.3.90.40.01.110.0000,"662.465,00 "
14.001.04.126.0002.2.007.3.3.90.40.03.500.1402,"440.007,00 "
14.001.04.131.0002.2.005.3.3.90.39.01.110.0000,"1,00 "
14.001.04.131.0002.2.005.3.3.90.39.01.110.0000,"250.000,00 "
14.001.08.241.0018.2.041.3.3.50.39.01.110.0000,"20.000,00 "
14.001.08.241.0018.2.041.3.3.50.39.03.500.1401,"1.103.991,00 "
14.001.08.241.0018.2.041.3.3.90.30.01.110.0000,"20.000,00 "
14.001.08.241.0018.2.041.3.3.90.30.03.500.1401,"1,00 "
14.001.08.241.0018.2.041.3.3.90.36.01.110.0000,"5.000,00 "
14.001.08.241.0018.2.041.3.3.90.36.03.500.1401,"1,00 "
14.001.08.241.0018.2.041.3.3.90.39.01.110.0000,"30.000,00 "
14.001.08.241.0018.2.041.3.3.90.39.03.500.1401,"1,00 "
14.001.08.241.0018.2.041.4.4.90.52.01.110.0000,"30.000,00 "
14.001.08.241.0018.2.041.4.4.90.52.03.500.1401,"1,00 "
14.001.08.245.0018.2.026.3.3.90.39.01.110.0000,"70.300,00 "
14.001.08.245.0018.2.041.4.4.90.52.01.110.0000,"20.000,00 "
14.001.08.246.0018.2.027.3.3.90.39.01.110.0000,"3.256.000,00 "
14.001.08.246.0019.2.024.3.3.90.48.01.110.0000,"63.800.000,00 "
14.005.04.131.0002.2.005.3.3.90.39.02.500.1402,"76.667,00 "
14.005.04.131.0002.2.005.3.3.90.39.02.500.1402,"76.667,00 "
14.005.04.131.0002.2.005.3.3.90.39.05.500.0000,"76.667,00 "
14.005.04.131.0002.2.005.3.3.90.39.05.500.0000,"76.667,00 "
14.005.08.122.0018.2.011.3.3.90.30.05.500.0000,"0,00 "
14.005.08.122.0018.2.011.3.3.90.30.05.510.0000,"12.500,00 "
14.005.08.122.0018.2.011.3.3.90.39.05.500.0000,"0,00 "
14.005.08.122.0018.2.011.3.3.90.39.05.510.0000,"12.500,00 "
14.005.08.122.0018.2.011.4.4.90.52.05.500.0000,"0,00 "
14.005.08.122.0018.2.011.4.4.90.52.05.510.0000,"12.500,00 "
14.005.08.245.0018.1.003.3.3.50.39.01.500.0000,"0,00 "
14.005.08.245.0018.1.003.3.3.50.39.01.500.0000,"0,00 "
14.005.08.245.0018.1.003.3.3.90.30.01.500.0000,"0,00 "
14.005.08.245.0018.1.003.3.3.90.30.01.500.0000,"0,00 "
14.005.08.245.0018.1.003.3.3.90.30.01.500.0000,"0,00 "
14.005.08.245.0018.1.003.3.3.90.30.01.500.0000,"0,00 "
14.005.08.245.0018.1.003.3.3.90.30.01.500.0000,"0,00 "
14.005.08.245.0018.1.003.3.3.90.30.01.500.0000,"0,00 "
14.005.08.245.0018.1.003.3.3.90.30.01.500.0000,"0,00 "
14.005.08.245.0018.1.003.3.3.90.39.01.500.0000,"0,00 "
14.005.08.245.0018.1.003.3.3.90.39.01.500.0000,"0,00 "
14.005.08.245.0018.1.003.3.3.90.39.01.500.0000,"0,00 "
14.005.08.245.0018.1.003.3.3.90.39.01.500.0000,"0,00 "
14.005.08.245.0018.1.003.3.3.90.39.01.500.0000,"0,00 "
14.005.08.245.0018.1.003.3.3.90.39.01.500.0000,"0,00 "
14.005.08.245.0018.1.003.4.4.50.52.01.500.0000,"0,00 "
14.005.08.245.0018.1.003.4.4.50.52.01.500.0000,"0,00 "
14.005.08.245.0018.1.003.4.4.90.51.01.500.0000,"0,00 "
14.005.08.245.0018.1.003.4.4.90.51.01.500.0000,"0,00 "
14.005.08.245.0018.1.003.4.4.90.51.01.500.0000,"0,00 "
14.005.08.245.0018.1.003.4.4.90.51.01.500.0000,"0,00 "
14.005.08.245.0018.1.003.4.4.90.51.01.500.0000,"0,00 "
14.005.08.245.0018.1.003.4.4.90.51.01.500.0000,"0,00 "
14.005.08.245.0018.1.003.4.4.90.51.01.500.0000,"0,00 "
14.005.08.245.0018.1.003.4.4.90.52.01.110.0000,"0,00 "
14.005.08.245.0018.1.003.4.4.90.52.01.500.0000,"0,00 "
14.005.08.245.0018.1.003.4.4.90.52.01.500.0000,"0,00 "
14.005.08.245.0018.1.003.4.4.90.52.01.500.0000,"0,00 "
14.005.08.245.0018.1.003.4.4.90.52.01.500.0000,"0,00 "
14.005.08.245.0018.1.003.4.4.90.52.01.500.0000,"0,00 "
14.005.08.245.0018.1.003.4.4.90.52.01.500.0000,"0,00 "
14.005.08.245.0018.1.003.4.4.90.52.01.500.0000,"0,00 "
14.005.08.245.0018.2.005.3.3.90.39.01.500.0000,"1,00 "
14.005.08.245.0018.2.005.3.3.90.39.01.500.0000,"1,00 "
14.005.08.245.0018.2.005.3.3.90.39.02.500.1402,"150.000,00 "
14.005.08.245.0018.2.005.3.3.90.39.05.500.0000,"1,00 "
14.005.08.245.0018.2.015.3.3.50.39.01.500.0000,"60.800,00 "
14.005.08.245.0018.2.015.3.3.50.39.01.500.0000,"91.200,00 "
14.005.08.245.0018.2.015.3.3.50.39.01.500.0000,"91.200,00 "
14.005.08.245.0018.2.015.3.3.50.39.01.500.0000,"152.000,00 "
14.005.08.245.0018.2.015.3.3.50.39.01.500.0000,"167.200,00 "
14.005.08.245.0018.2.015.3.3.50.39.01.500.0000,"167.200,00 "
14.005.08.245.0018.2.015.3.3.50.39.01.500.0000,"182.400,00 "
14.005.08.245.0018.2.015.3.3.50.39.01.500.0000,"197.600,00 "
14.005.08.245.0018.2.015.3.3.50.39.01.500.0000,"1,00 "
14.005.08.245.0018.2.015.3.3.50.39.05.500.1402,"258.399,00 "
14.005.08.245.0018.2.015.3.3.50.39.01.500.0000,"1,00 "
14.005.08.245.0018.2.015.3.3.50.39.05.500.1402,"303.999,00 "
14.005.08.245.0018.2.015.3.3.50.39.01.500.0000,"91.200,00 "
14.005.08.245.0018.2.015.3.3.50.39.01.500.0000,"121.600,00 "
14.005.08.245.0018.2.015.3.3.50.39.01.500.0000,"1,00 "
14.005.08.245.0018.2.015.3.3.50.39.05.500.1402,"182.399,00 "
14.005.08.245.0018.2.015.3.3.50.39.01.500.0000,"182.400,00 "
14.005.08.245.0018.2.015.3.3.50.39.01.500.0000,"1,00 "
14.005.08.245.0018.2.015.3.3.50.39.05.500.1402,"303.999,00 "
14.005.08.245.0018.2.015.3.3.50.39.01.500.0000,"1,00 "
14.005.08.245.0018.2.015.3.3.50.39.05.500.1402,"334.399,00 "
14.005.08.245.0018.2.015.3.3.50.39.01.500.0000,"307.219,00 "
14.005.08.245.0018.2.015.3.3.50.39.01.500.0000,"364.800,00 "
14.005.08.245.0018.2.015.3.3.50.39.05.500.1402,"27.181,00 "
14.005.08.245.0018.2.015.3.3.50.39.01.500.0000,"395.200,00 "
14.005.08.245.0018.2.015.3.3.50.39.01.500.0000,"1,00 "
14.005.08.245.0018.2.015.3.3.50.39.05.500.1402,"516.799,00 "
14.005.08.245.0018.2.015.3.3.50.39.01.500.0000,"1,00 "
14.005.08.245.0018.2.015.3.3.50.39.05.500.1402,"607.999,00 "
14.005.08.245.0018.2.015.3.3.50.39.01.500.0000,"182.400,00 "
14.005.08.245.0018.2.015.3.3.50.39.01.500.0000,"0,00 "
14.005.08.245.0018.2.015.3.3.50.39.01.500.0000,"0,00 "
14.005.08.245.0018.2.015.3.3.50.39.01.500.0000,"0,00 "
14.005.08.245.0018.2.015.3.3.50.39.01.500.0000,"0,00 "
14.005.08.245.0018.2.015.3.3.50.39.01.500.0000,"0,00 "
14.005.08.245.0018.2.015.3.3.50.39.01.500.0000,"0,00 "
14.005.08.245.0018.2.015.3.3.50.39.01.500.0000,"0,00 "
14.005.08.245.0018.2.015.3.3.50.39.01.500.0000,"0,00 "
14.005.08.245.0018.2.015.3.3.90.30.01.500.0000,"200.000,00 "
14.005.08.245.0018.2.015.3.3.90.30.01.500.0000,"100.000,00 "
14.005.08.245.0018.2.015.3.3.90.30.01.500.0000,"30.000,00 "
14.005.08.245.0018.2.015.3.3.90.30.01.500.0000,"50.000,00 "
14.005.08.245.0018.2.015.3.3.90.30.05.500.0000,"300.000,00 "
14.005.08.245.0018.2.015.3.3.90.39.01.500.0000,"1,00 "
14.005.08.245.0018.2.015.3.3.90.39.01.500.0000,"1,00 "
14.005.08.245.0018.2.015.3.3.90.39.02.500.1402,"1,00 "
14.005.08.245.0018.2.015.3.3.90.39.02.500.1402,"200.000,00 "
14.005.08.245.0018.2.015.3.3.90.39.05.500.0000,"20.000,00 "
14.005.08.245.0018.2.015.3.3.90.39.05.500.0000,"200.000,00 "
14.005.08.245.0018.2.015.3.3.90.39.05.500.0000,"214.536,00 "
14.005.08.245.0018.2.015.3.3.90.39.05.500.0000,"0,00 "
14.005.08.245.0018.2.015.3.3.90.39.05.500.0000,"150.000,00 "
14.005.08.245.0018.2.015.3.3.90.39.05.500.0000,"200.000,00 "
14.005.08.245.0018.2.015.3.3.90.93.01.500.0000,"5.000,00 "
14.005.08.245.0018.2.015.3.3.90.93.05.500.0000,"10.000,00 "
14.005.08.245.0018.2.015.3.3.90.93.03.500.1402,"10.000,00 "
14.005.08.245.0018.2.015.3.3.90.93.05.800.0000,"0,00 "
14.005.08.245.0018.2.015.4.4.50.52.01.500.0000,"1,00 "
14.005.08.245.0018.2.015.4.4.90.52.01.500.0000,"200.000,00 "
14.005.08.245.0018.2.015.4.4.90.52.01.500.0000,"0,00 "
14.005.08.245.0018.2.016.3.3.50.39.01.500.0000,"134.922,00 "
14.005.08.245.0018.2.016.3.3.50.39.01.500.0000,"0,00 "
14.005.08.245.0018.2.016.3.3.50.39.01.500.0000,"2.030.161,00 "
14.005.08.245.0018.2.016.3.3.50.39.01.500.0000,"814.260,00 "
14.005.08.245.0018.2.016.3.3.50.39.01.500.0000,"814.260,00 "
14.005.08.245.0018.2.016.3.3.50.39.01.500.0000,"0,00 "
14.005.08.245.0018.2.016.3.3.50.39.01.500.0000,"0,00 "
14.005.08.245.0018.2.016.3.3.50.39.01.500.0000,"2.357.150,00 "
14.005.08.245.0018.2.016.3.3.50.39.01.500.0000,"1.087.872,00 "
14.005.08.245.0018.2.016.3.3.50.39.01.500.0000,"0,00 "
14.005.08.245.0018.2.016.3.3.50.39.01.500.0000,"1.357.256,00 "
14.005.08.245.0018.2.016.3.3.50.39.01.500.0000,"1.357.256,00 "
14.005.08.245.0018.2.016.3.3.50.39.01.500.0000,"1.357.256,00 "
14.005.08.245.0018.2.016.3.3.50.39.01.500.0000,"1.357.256,00 "
14.005.08.245.0018.2.016.3.3.50.39.01.500.0000,"1.357.256,00 "
14.005.08.245.0018.2.016.3.3.50.39.01.500.0000,"1.357.256,00 "
14.005.08.245.0018.2.016.3.3.50.39.01.500.0000,"1.357.256,00 "
14.005.08.245.0018.2.016.3.3.50.39.01.500.0000,"1.357.256,00 "
14.005.08.245.0018.2.016.3.3.50.39.01.500.0000,"1.357.256,00 "
14.005.08.245.0018.2.016.3.3.50.39.01.500.0000,"1.357.256,00 "
14.005.08.245.0018.2.016.3.3.50.39.01.500.0000,"0,00 "
14.005.08.245.0018.2.016.3.3.50.39.01.500.0000,"0,00 "
14.005.08.245.0018.2.016.3.3.71.70.02.500.1402,"78.000,00 "
14.005.08.245.0018.2.016.3.3.90.30.01.500.0000,"200.000,00 "
14.005.08.245.0018.2.016.3.3.90.30.01.500.0000,"600.000,00 "
14.005.08.245.0018.2.016.3.3.90.30.01.500.0000,"300.000,00 "
14.005.08.245.0018.2.016.3.3.90.30.01.500.0000,"50.000,00 "
14.005.08.245.0018.2.016.3.3.90.30.01.500.0000,"50.000,00 "
14.005.08.245.0018.2.016.3.3.90.30.02.500.1402,"1.000.000,00 "
14.005.08.245.0018.2.016.3.3.90.30.05.500.0000,"1.000.000,00 "
14.005.08.245.0018.2.016.3.3.90.39.01.500.0000,"0,00 "
14.005.08.245.0018.2.016.3.3.90.39.02.500.1402,"1,00 "
14.005.08.245.0018.2.016.3.3.90.39.05.500.0000,"20.000,00 "
14.005.08.245.0018.2.016.3.3.90.39.05.500.0000,"303.144,00 "
14.005.08.245.0018.2.016.3.3.90.39.05.500.0000,"0,00 "
14.005.08.245.0018.2.016.3.3.90.48.01.110.0000,"1,00 "
14.005.08.245.0018.2.016.3.3.90.48.02.500.1402,"679.999,00 "
14.005.08.245.0018.2.016.3.3.90.48.05.500.0000,"1,00 "
14.005.08.245.0018.2.016.3.3.90.93.01.500.0000,"50.000,00 "
14.005.08.245.0018.2.016.4.4.50.52.01.500.0000,"585.070,00 "
14.005.08.245.0018.2.016.4.4.50.52.01.500.0000,"0,00 "
14.005.08.245.0018.2.016.4.4.50.52.01.500.0000,"0,00 "
14.005.08.245.0018.2.016.4.4.50.52.01.500.0000,"0,00 "
14.005.08.245.0018.2.016.4.4.50.52.01.500.0000,"507.541,00 "
14.005.08.245.0018.2.016.4.4.50.52.01.500.0000,"0,00 "
14.005.08.245.0018.2.016.4.4.50.52.01.500.0000,"0,00 "
14.005.08.245.0018.2.016.4.4.50.52.01.500.0000,"18.000,00 "
14.005.08.245.0018.2.016.4.4.50.52.01.500.0000,"18.000,00 "
14.005.08.245.0018.2.016.4.4.50.52.01.500.0000,"18.000,00 "
14.005.08.245.0018.2.016.4.4.50.52.01.500.0000,"18.000,00 "
14.005.08.245.0018.2.016.4.4.50.52.01.500.0000,"18.000,00 "
14.005.08.245.0018.2.016.4.4.50.52.01.500.0000,"18.000,00 "
14.005.08.245.0018.2.016.4.4.50.52.01.500.0000,"18.000,00 "
14.005.08.245.0018.2.016.4.4.50.52.01.500.0000,"18.000,00 "
14.005.08.245.0018.2.016.4.4.50.52.01.500.0000,"18.000,00 "
14.005.08.245.0018.2.016.4.4.50.52.01.500.0000,"18.000,00 "
14.005.08.245.0018.2.016.4.4.50.52.01.500.0000,"0,00 "
14.005.08.245.0018.2.016.4.4.71.70.05.500.0000,"9.000,00 "
14.005.08.245.0018.2.016.4.4.90.52.01.500.0000,"0,00 "
14.005.08.245.0018.2.016.4.4.90.52.01.500.0000,"150.000,00 "
14.005.08.245.0018.2.016.4.4.90.52.01.500.0000,"0,00 "
14.005.08.245.0018.2.016.4.4.90.52.01.500.0000,"50.000,00 "
14.005.08.245.0018.2.016.4.4.90.52.05.500.0000,"50.000,00 "
14.005.08.245.0018.2.016.4.4.90.52.05.500.0000,"0,00 "
14.005.08.245.0018.2.016.4.4.90.52.05.500.0000,"50.000,00 "
14.005.08.245.0018.2.022.3.3.90.39.01.500.0000,"0,00 "
14.005.08.245.0018.2.022.3.3.90.39.02.500.1402,"0,00 "
14.005.08.245.0018.2.022.3.3.90.39.05.500.0000,"0,00 "
14.005.08.245.0018.2.024.3.3.90.39.01.110.0000,"0,00 "
14.005.08.245.0018.2.024.3.3.90.39.02.500.1402,"0,00 "
14.005.08.245.0018.2.024.3.3.90.48.01.110.0000,"0,00 "
14.005.08.245.0018.2.024.3.3.90.48.01.500.0000,"0,00 "
14.005.08.245.0018.2.024.3.3.90.48.01.500.0000,"0,00 "
14.005.08.245.0018.2.024.3.3.90.48.02.500.1402,"0,00 "
14.005.08.245.0018.2.024.3.3.90.48.02.500.1402,"0,00 "
14.005.08.246.0018.2.024.3.3.90.30.05.500.0000,"32.839,00 "
14.005.08.246.0018.2.024.3.3.90.30.05.500.0000,"32.839,00 "
14.005.08.246.0018.2.024.3.3.90.39.05.500.0000,"0,00 "
14.005.08.246.0018.2.024.3.3.90.39.05.500.0000,"44.326,00 "
14.005.08.246.0018.2.024.3.3.90.39.05.500.0000,"0,00 "
14.005.08.246.0018.2.024.3.3.90.39.05.500.0000,"238.800,00 "
14.005.08.246.0018.2.024.3.3.90.39.05.500.0000,"12.000,00 "
14.005.08.246.0018.2.024.3.3.90.93.05.500.0000,"10.000,00 "
14.005.08.246.0018.2.024.4.4.90.52.05.500.0000,"0,00 "
14.005.08.246.0018.2.024.4.4.90.52.05.500.0000,"175.000,00 "
14.007.08.245.0018.1.003.3.3.90.30.01.110.0000,"0,00 "
14.007.08.245.0018.1.003.3.3.90.30.01.110.0000,"0,00 "
14.007.08.245.0018.1.003.3.3.90.30.01.110.0000,"0,00 "
14.007.08.245.0018.1.003.3.3.90.39.01.110.0000,"0,00 "
14.007.08.245.0018.1.003.3.3.90.39.01.110.0000,"0,00 "
14.007.08.245.0018.1.003.3.3.90.39.01.110.0000,"300.000,00 "
14.007.08.245.0018.1.003.3.3.90.39.01.500.0000,"0,00 "
14.007.08.245.0018.1.003.4.4.90.51.01.110.0000,"0,00 "
14.007.08.245.0018.1.003.4.4.90.51.01.110.0000,"0,00 "
14.007.08.245.0018.1.003.4.4.90.51.01.110.0000,"0,00 "
14.007.08.245.0018.1.003.4.4.90.52.01.110.0000,"0,00 "
14.007.08.245.0018.1.003.4.4.90.52.01.110.0000,"0,00 "
14.007.08.245.0018.1.003.4.4.90.52.01.110.0000,"0,00 "
14.007.08.245.0018.2.005.3.3.90.39.01.110.0000,"1,00 "
14.007.08.245.0018.2.015.3.3.50.39.01.110.0000,"0,00 "
14.007.08.245.0018.2.015.3.3.90.30.01.110.0000,"1,00 "
14.007.08.245.0018.2.015.3.3.90.30.02.500.1402,"19.999,00 "
14.007.08.245.0018.2.015.3.3.90.30.01.110.0000,"20.000,00 "
14.007.08.245.0018.2.015.3.3.90.30.01.110.0000,"15.000,00 "
14.007.08.245.0018.2.015.3.3.90.30.01.110.0000,"10.000,00 "
14.007.08.245.0018.2.015.3.3.90.39.01.110.0000,"0,00 "
14.007.08.245.0018.2.015.3.3.90.39.02.500.1402,"1,00 "
14.007.08.245.0018.2.015.3.3.90.39.05.500.0001,"0,00 "
14.007.08.245.0018.2.015.3.3.90.93.01.110.0000,"0,00 "
14.007.08.245.0018.2.015.3.3.90.93.01.110.0000,"5.000,00 "
14.007.08.245.0018.2.015.4.4.50.52.01.110.0000,"0,00 "
14.007.08.245.0018.2.015.4.4.90.52.01.110.0000,"1,00 "
14.007.08.245.0018.2.015.4.4.90.52.03.500.1402,"49.999,00 "
14.007.08.245.0018.2.015.4.4.90.52.01.110.0000,"0,00 "
14.007.08.245.0018.2.015.4.4.90.52.01.110.0000,"10.000,00 "
14.008.08.245.0018.1.002.3.3.90.30.01.110.0000,"1,00 "
14.008.08.245.0018.1.002.3.3.90.39.01.110.0000,"0,00 "
14.008.08.245.0018.1.003.3.3.90.30.01.110.0000,"0,00 "
14.008.08.245.0018.1.003.3.3.90.39.01.110.0000,"0,00 "
14.008.08.245.0018.1.003.3.3.90.39.01.110.0000,"0,00 "
14.008.08.245.0018.1.003.4.4.90.51.01.110.0000,"0,00 "
14.008.08.245.0018.1.003.4.4.90.51.01.110.0000,"0,00 "
14.008.08.245.0018.1.003.4.4.90.51.01.110.0000,"0,00 "
14.008.08.245.0018.1.003.4.4.90.52.01.110.0000,"0,00 "
14.008.08.245.0018.1.003.4.4.90.52.01.110.0000,"0,00 "
14.008.08.245.0018.1.003.4.4.90.52.01.110.0000,"0,00 "
14.008.08.245.0018.1.003.4.4.90.52.01.110.0000,"0,00 "
14.008.08.245.0018.2.005.3.3.90.39.01.110.0000,"1,00 "
14.008.08.245.0018.2.016.3.3.50.39.01.110.0000,"0,00 "
14.008.08.245.0018.2.016.3.3.90.30.01.110.0000,"1,00 "
14.008.08.245.0018.2.016.3.3.90.30.02.500.1402,"149.999,00 "
14.008.08.245.0018.2.016.3.3.90.30.01.110.0000,"270.000,00 "
14.008.08.245.0018.2.016.3.3.90.30.01.110.0000,"30.000,00 "
14.008.08.245.0018.2.016.3.3.90.30.01.110.0000,"10.000,00 "
14.008.08.245.0018.2.016.3.3.90.48.03.500.1402,"99.999,00 "
14.008.08.245.0018.2.016.3.3.90.48.01.110.0000,"1,00 "
14.008.08.245.0018.2.016.3.3.90.93.01.110.0000,"10.000,00 "
14.008.08.245.0018.2.016.4.4.50.52.01.110.0000,"0,00 "
14.008.08.245.0018.2.016.4.4.90.52.01.110.0000,"23.588,00 "
14.008.08.245.0018.2.016.4.4.90.52.02.500.1402,"176.412,00 "
14.008.08.245.0018.2.016.4.4.90.52.01.110.0000,"0,00 "
14.008.08.245.0018.2.016.4.4.90.52.01.110.0000,"50.000,00 "
15.001.04.121.0004.1.001.3.3.90.35.01.110.0000,"1,00 "
15.001.04.122.0001.2.006.3.3.90.39.01.110.0000,"1,00 "
15.001.04.126.0002.2.007.3.3.90.40.01.110.0000,"0,00 "
15.001.04.126.0002.2.007.3.3.90.40.01.110.0000,"0,00 "
15.001.04.131.0002.2.005.3.3.90.39.01.110.0000,"1,00 "
15.001.04.131.0002.2.005.3.3.90.39.01.110.0000,"5.000.000,00 "
15.001.13.391.0009.2.029.3.3.50.43.01.110.0000,"1,00 "
15.001.13.391.0009.2.029.3.3.90.39.01.110.0000,"174.682,00 "
15.001.13.391.0009.2.029.3.3.90.39.01.110.0000,"1,00 "
15.001.13.392.0009.1.002.3.3.90.39.01.110.0000,"1,00 "
15.001.13.392.0009.1.002.3.3.90.39.01.110.0000,"0,00 "
15.001.13.392.0009.1.002.3.3.90.39.01.110.0000,"0,00 "
15.001.13.392.0009.1.002.3.3.90.39.01.110.0000,"0,00 "
15.001.13.392.0009.1.002.3.3.90.39.01.110.0000,"0,00 "
15.001.13.392.0009.1.002.4.4.90.52.01.110.0000,"0,00 "
15.001.13.392.0009.1.002.4.4.90.52.01.110.0000,"0,00 "
15.001.13.392.0009.2.011.3.3.90.30.01.110.0000,"30.000,00 "
15.001.13.392.0009.2.011.3.3.90.30.01.110.0000,"15.000,00 "
15.001.13.392.0009.2.011.3.3.90.30.01.110.0000,"0,00 "
15.001.13.392.0009.2.011.3.3.90.39.01.110.0000,"48.000,00 "
15.001.13.392.0009.2.023.3.3.50.39.01.110.0000,"1,00 "
15.001.13.392.0009.2.023.3.3.50.39.01.110.0000,"1,00 "
15.001.13.392.0009.2.023.3.3.50.39.01.110.0000,"0,00 "
15.001.13.392.0009.2.023.3.3.50.39.01.110.0000,"0,00 "
15.001.13.392.0009.2.023.4.4.50.51.01.110.0000,"1,00 "
15.001.13.392.0009.2.023.4.4.50.51.01.110.0000,"1,00 "
15.001.13.392.0009.2.023.4.4.50.51.01.110.0000,"0,00 "
15.001.13.392.0009.2.023.4.4.50.51.01.110.0000,"0,00 "
15.001.13.392.0009.2.023.4.4.50.52.01.110.0000,"1,00 "
15.001.13.392.0009.2.023.4.4.50.52.01.110.0000,"1,00 "
15.001.13.392.0009.2.023.4.4.50.52.01.110.0000,"0,00 "
15.001.13.392.0009.2.023.4.4.50.52.01.110.0000,"0,00 "
15.001.13.392.0009.2.028.3.3.90.36.01.110.0000,"8.001,00 "
15.001.13.392.0009.2.028.3.3.90.39.01.110.0000,"224.000,00 "
15.001.13.392.0009.2.028.3.3.90.39.01.110.0000,"0,00 "
15.002.13.392.0009.2.028.3.3.90.36.03.100.1501,"215.999,00 "
15.002.13.392.0009.2.028.3.3.90.39.03.100.1501,"1,00 "
16.001.04.121.0004.1.001.3.3.90.35.01.110.0000,"1,00 "
16.001.04.121.0004.1.001.3.3.90.35.01.110.0000,"0,00 "
16.001.04.121.0004.1.001.3.3.90.35.01.110.0000,"0,00 "
16.001.04.122.0001.2.006.3.3.90.39.01.110.0000,"1,00 "
16.001.04.131.0002.2.005.3.3.90.39.01.110.0000,"1,00 "
16.001.04.131.0002.2.005.3.3.90.39.01.110.0000,"9.800,00 "
16.001.07.695.0008.1.004.3.3.90.39.01.110.0000,"0,00 "
16.001.23.334.0008.2.011.3.3.90.30.01.110.0000,"10.000,00 "
16.001.23.334.0008.2.011.3.3.90.30.01.110.0000,"10.000,00 "
16.001.23.334.0008.2.011.3.3.90.31.01.110.0000,"100.000,00 "
16.001.23.334.0008.2.011.3.3.90.39.01.110.0000,"0,00 "
16.001.23.334.0008.2.011.3.3.90.39.01.110.0000,"5.380,00 "
16.001.23.334.0008.2.011.4.4.90.52.01.110.0000,"0,00 "
16.001.23.692.0008.1.003.4.4.90.52.01.110.0000,"1,00 "
17.001.04.121.0004.1.001.3.3.90.35.01.110.0000,"0,00 "
17.001.04.122.0001.2.006.3.3.90.39.01.110.0000,"1,00 "
17.001.04.131.0002.2.005.3.3.90.39.01.110.0000,"1,00 "
17.001.18.422.0007.2.021.3.3.90.30.01.110.0000,"1,00 "
17.001.18.422.0007.2.021.3.3.90.30.03.100.1702,"4.999,00 "
17.001.18.422.0007.2.021.3.3.90.39.01.110.0000,"1,00 "
17.001.18.422.0007.2.021.3.3.90.39.03.100.1702,"24.999,00 "
17.001.18.422.0007.2.021.3.3.90.39.01.110.0000,"1,00 "
17.001.18.541.0007.1.002.3.3.90.39.01.110.0000,"0,00 "
17.001.18.541.0007.1.002.3.3.90.39.01.110.0000,"0,00 "
17.001.18.541.0007.1.002.3.3.90.39.01.110.0000,"0,00 "
17.001.18.541.0007.1.002.3.3.90.39.01.110.0000,"1,00 "
17.001.18.541.0007.1.003.4.4.90.51.01.110.0000,"0,00 "
17.001.18.541.0007.1.003.4.4.90.51.01.110.0000,"0,00 "
17.001.18.541.0007.1.003.4.4.90.51.01.110.0000,"0,00 "
17.001.18.541.0007.1.003.4.4.90.51.01.110.0000,"0,00 "
17.001.18.541.0007.1.003.4.4.90.51.01.110.0000,"0,00 "
17.001.18.541.0007.1.003.4.4.90.51.01.110.0000,"0,00 "
17.001.18.541.0007.1.003.4.4.90.51.01.110.0000,"0,00 "
17.001.18.541.0007.1.003.4.4.90.51.01.110.0000,"0,00 "
17.001.18.541.0007.2.011.3.3.50.85.01.110.0000,"7.750.166,00 "
17.001.18.541.0007.2.011.3.3.90.30.01.110.0000,"250.000,00 "
17.001.18.541.0007.2.011.3.3.90.30.01.110.0000,"15.000,00 "
17.001.18.541.0007.2.011.3.3.90.39.01.110.0000,"3.734.148,00 "
17.001.18.541.0007.2.011.3.3.90.39.01.110.0000,"700.840,00 "
17.001.18.541.0007.2.011.3.3.90.39.03.100.1701,"11.999,00 "
17.001.18.541.0007.2.011.3.3.90.39.01.110.0000,"436.176,00 "
17.001.18.541.0007.2.011.3.3.90.93.01.110.0000,"60.000,00 "
17.001.18.542.0005.1.003.4.4.90.51.01.110.0000,"0,00 "
17.001.18.542.0005.1.003.4.4.90.51.01.110.0000,"0,00 "
17.001.18.542.0005.1.003.4.4.90.51.01.110.0000,"0,00 "
17.001.18.542.0005.1.003.4.4.90.51.01.110.0000,"0,00 "
17.003.04.121.0004.1.001.3.3.90.35.01.110.0000,"0,00 "
17.003.04.121.0004.1.001.3.3.90.35.01.110.0000,"1,00 "
17.003.04.121.0004.1.001.3.3.90.35.03.100.1702,"0,00 "
17.003.04.121.0004.1.001.3.3.90.35.03.100.1702,"1,00 "
17.003.18.422.0007.2.021.3.3.90.35.03.100.1701,"1,00 "
18.001.04.122.0001.2.011.3.3.90.39.01.110.0000,"565.000,00 "
18.001.04.122.0001.2.011.3.3.90.39.01.110.0000,"50.000,00 "
18.001.04.122.0001.2.011.3.3.90.39.01.110.0000,"380.000,00 "
18.001.04.122.0001.2.011.3.3.90.39.01.110.0000,"42.000,00 "
18.001.04.122.0001.2.011.3.3.90.39.01.110.0000,"670.001,00 "
18.001.04.122.0001.2.011.3.3.90.39.01.110.0000,"340.000,00 "
18.001.04.122.0001.2.011.3.3.90.39.01.110.0000,"110.000,00 "
18.001.04.122.0001.2.011.3.3.90.39.01.110.0000,"640.001,00 "
18.001.04.122.0001.2.011.3.3.90.39.01.110.0000,"2.000.000,00 "
18.001.04.122.0001.2.011.3.3.90.39.01.110.0000,"120.000,00 "
18.001.04.122.0001.2.011.3.3.90.39.01.110.0000,"680.000,00 "
18.001.04.122.0001.2.011.3.3.90.93.01.110.0000,"1.500.000,00 "
18.001.04.123.0021.0.001.3.2.90.21.01.110.0000,"118.672.000,00 "
18.001.04.123.0021.0.001.3.2.90.22.01.110.0000,"1.000.000,00 "
18.001.04.123.0021.0.001.3.2.91.21.01.110.0000,"4.794.000,00 "
18.001.04.123.0021.0.001.4.6.90.71.01.110.0000,"137.690.000,00 "
18.001.04.123.0021.0.001.4.6.91.71.01.110.0000,"715.000,00 "
18.001.04.123.0021.0.002.3.3.90.47.01.110.0000,"55.021.000,00 "
18.001.04.123.0021.0.003.3.1.90.91.01.110.0000,"5.000.000,00 "
18.001.04.123.0021.0.003.3.3.90.91.01.110.0000,"3.000.000,00 "
18.001.04.123.0021.0.003.4.6.90.91.01.110.0000,"52.602.000,00 "
18.001.04.453.0013.2.010.3.3.90.93.01.110.0000,"46.630.000,00 "
18.002.04.122.0001.1.002.3.3.90.39.01.110.0000,"1,00 "
18.002.04.122.0001.2.001.3.3.91.39.01.110.0000,"554.302,00 "
18.002.04.122.0001.2.009.3.3.90.36.01.110.0000,"162.600,00 "
18.002.04.122.0001.2.009.3.3.90.36.01.110.0000,"122.547,00 "
18.002.04.122.0001.2.009.3.3.90.36.01.110.0000,"80.432,00 "
18.002.04.122.0001.2.009.3.3.90.36.01.110.0000,"79.200,00 "
18.002.04.122.0001.2.009.3.3.90.36.01.110.0000,"357.840,00 "
18.002.04.122.0001.2.009.3.3.90.36.01.110.0000,"61.200,00 "
18.002.04.122.0001.2.009.3.3.90.36.01.110.0000,"60.396,00 "
18.002.04.122.0001.2.009.3.3.90.36.01.110.0000,"172.800,00 "
18.002.04.122.0001.2.009.3.3.90.36.01.110.0000,"107.880,00 "
18.002.04.122.0001.2.009.3.3.90.36.01.110.0000,"108.000,00 "
18.002.04.122.0001.2.009.3.3.90.36.01.110.0000,"80.400,00 "
18.002.04.122.0001.2.009.3.3.90.36.01.110.0000,"89.760,00 "
18.002.04.122.0001.2.009.3.3.90.36.01.110.0000,"117.600,00 "
18.002.04.122.0001.2.009.3.3.90.36.01.110.0000,"117.600,00 "
18.002.04.122.0001.2.009.3.3.90.36.01.110.0000,"261.540,00 "
18.002.04.122.0001.2.009.3.3.90.36.01.110.0000,"90.000,00 "
18.002.04.122.0001.2.009.3.3.90.36.01.110.0000,"104.836,00 "
18.002.04.122.0001.2.009.3.3.90.36.01.110.0000,"90.600,00 "
18.002.04.122.0001.2.009.3.3.90.36.01.110.0000,"268.981,00 "
18.002.04.122.0001.2.009.3.3.90.36.01.110.0000,"360.000,00 "
18.002.04.122.0001.2.009.3.3.90.36.01.110.0000,"180.624,00 "
18.002.04.122.0001.2.009.3.3.90.36.01.110.0000,"240.000,00 "
18.002.04.122.0001.2.009.3.3.90.36.01.110.0000,"73.080,00 "
18.002.04.122.0001.2.009.3.3.90.36.01.110.0000,"82.440,00 "
18.002.04.122.0001.2.009.3.3.90.36.01.110.0000,"324.000,00 "
18.002.04.122.0001.2.009.3.3.90.36.01.110.0000,"324.000,00 "
18.002.04.122.0001.2.009.3.3.90.36.01.110.0000,"222.000,00 "
18.002.04.122.0001.2.009.3.3.90.36.01.110.0000,"55.200,00 "
18.002.04.122.0001.2.009.3.3.90.36.01.110.0000,"140.487,00 "
18.002.04.122.0001.2.009.3.3.90.36.01.110.0000,"129.600,00 "
18.002.04.122.0001.2.009.3.3.90.36.01.110.0000,"60.396,00 "
18.002.04.122.0001.2.009.3.3.90.36.01.110.0000,"1,00 "
18.002.04.122.0001.2.009.3.3.90.36.01.110.0000,"37.200,00 "
18.002.04.122.0001.2.009.3.3.90.36.01.110.0000,"0,00 "
18.002.04.122.0001.2.009.3.3.90.36.01.110.0000,"0,00 "
18.002.04.122.0001.2.009.3.3.90.36.01.110.0000,"59.766,00 "
18.002.04.122.0001.2.009.3.3.90.36.01.110.0000,"0,00 "
18.002.04.122.0001.2.009.3.3.90.36.01.110.0000,"109.332,00 "
18.002.04.122.0001.2.009.3.3.90.36.01.110.0000,"176.400,00 "
18.002.04.122.0001.2.009.3.3.90.36.01.110.0000,"120.960,00 "
18.002.04.122.0001.2.009.3.3.90.36.01.110.0000,"148.800,00 "
18.002.04.122.0001.2.009.3.3.90.36.01.110.0000,"84.000,00 "
18.002.04.122.0001.2.009.3.3.90.36.01.110.0000,"57.324,00 "
18.002.04.122.0001.2.009.3.3.90.36.01.110.0000,"697.200,00 "
18.002.04.122.0001.2.009.3.3.90.36.01.110.0000,"420.000,00 "
18.002.04.122.0001.2.009.3.3.90.36.01.110.0000,"303.336,00 "
18.002.04.122.0001.2.009.3.3.90.36.01.110.0000,"86.400,00 "
18.002.04.122.0001.2.009.3.3.90.36.01.110.0000,"61.906,00 "
18.002.04.122.0001.2.009.3.3.90.36.01.110.0000,"408.507,00 "
18.002.04.122.0001.2.009.3.3.90.36.01.110.0000,"161.280,00 "
18.002.04.122.0001.2.009.3.3.90.36.01.110.0000,"87.240,00 "
18.002.04.122.0001.2.009.3.3.90.36.01.110.0000,"78.000,00 "
18.002.04.122.0001.2.009.3.3.90.36.01.110.0000,"83.784,00 "
18.002.04.122.0001.2.009.3.3.90.36.01.110.0000,"185.220,00 "
18.002.04.122.0001.2.009.3.3.90.36.01.110.0000,"51.684,00 "
18.002.04.122.0001.2.009.3.3.90.36.01.110.0000,"109.332,00 "
18.002.04.122.0001.2.009.3.3.90.36.01.110.0000,"127.000,00 "
18.002.04.122.0001.2.009.3.3.90.36.01.110.0000,"684.000,00 "
18.002.04.122.0001.2.009.3.3.90.36.01.110.0000,"57.960,00 "
18.002.04.122.0001.2.009.3.3.90.39.01.110.0000,"537.660,00 "
18.002.04.122.0001.2.009.3.3.90.39.01.110.0000,"209.160,00 "
18.002.04.122.0001.2.009.3.3.90.39.01.110.0000,"858.000,00 "
18.002.04.122.0001.2.009.3.3.90.39.01.110.0000,"167.580,00 "
18.002.04.122.0001.2.009.3.3.90.39.01.110.0000,"160.800,00 "
18.002.04.122.0001.2.009.3.3.90.39.01.110.0000,"126.000,00 "
18.002.04.122.0001.2.009.3.3.90.39.01.110.0000,"1.044.000,00 "
18.002.04.122.0001.2.009.3.3.90.39.01.110.0000,"150.919,00 "
18.002.04.122.0001.2.009.3.3.90.39.01.110.0000,"337.107,00 "
18.002.04.122.0001.2.009.3.3.90.39.01.110.0000,"234.744,00 "
18.002.04.122.0001.2.009.3.3.90.39.01.110.0000,"600.000,00 "
18.002.04.122.0001.2.009.3.3.90.39.01.110.0000,"841.680,00 "
18.002.04.122.0001.2.009.3.3.90.39.01.110.0000,"138.000,00 "
18.002.04.122.0001.2.009.3.3.90.39.01.110.0000,"444.000,00 "
18.002.04.122.0001.2.009.3.3.90.39.01.110.0000,"120.000,00 "
18.002.04.122.0001.2.009.3.3.90.39.01.110.0000,"51.684,00 "
18.002.04.122.0001.2.009.3.3.90.39.01.110.0000,"0,00 "
18.002.04.122.0001.2.009.3.3.90.39.01.110.0000,"0,00 "
18.002.04.122.0001.2.009.3.3.90.39.01.110.0000,"0,00 "
18.002.04.122.0001.2.009.3.3.90.39.01.110.0000,"102.000,00 "
18.002.04.122.0001.2.009.3.3.90.39.01.110.0000,"1.020.000,00 "
18.002.04.122.0001.2.009.3.3.90.39.01.110.0000,"288.000,00 "
18.002.04.122.0001.2.009.3.3.90.39.01.110.0000,"1.168.800,00 "
18.002.04.122.0001.2.009.3.3.90.39.01.110.0000,"66.000,00 "
18.002.04.122.0001.2.009.3.3.90.39.01.110.0000,"780.000,00 "
18.002.04.122.0001.2.009.3.3.90.39.01.110.0000,"336.000,00 "
18.002.04.122.0001.2.009.3.3.90.39.01.110.0000,"391.800,00 "
18.002.04.122.0001.2.009.3.3.90.39.01.110.0000,"642.840,00 "
18.002.04.122.0001.2.009.3.3.90.39.01.110.0000,"1.320.000,00 "
18.002.04.122.0001.2.009.3.3.90.39.01.110.0000,"152.400,00 "
18.002.04.122.0001.2.009.3.3.90.39.01.110.0000,"596.637,00 "
18.002.04.122.0001.2.009.3.3.90.39.01.110.0000,"104.793,00 "
18.002.04.122.0001.2.009.3.3.90.39.01.110.0000,"100.000,00 "
18.002.04.122.0001.2.009.3.3.90.39.01.110.0000,"56.336,00 "
18.002.04.122.0001.2.009.3.3.90.39.01.110.0000,"697.000,00 "
18.002.04.122.0001.2.009.3.3.90.39.01.110.0000,"135.030,00 "
18.002.04.122.0001.2.011.3.3.90.39.01.110.0000,"1.347.500,00 "
18.002.04.122.0001.2.011.3.3.90.39.01.110.0000,"26.342,00 "
18.002.04.122.0001.2.011.3.3.90.39.01.110.0000,"0,00 "
18.002.04.122.0001.2.011.3.3.91.39.01.110.0000,"4.426.399,00 "
18.002.04.122.0001.2.011.3.3.91.39.01.110.0000,"1.039.136,00 "
18.002.04.126.0002.2.007.3.3.90.39.01.110.0000,"2.914.098,00 "
18.002.04.126.0002.2.007.3.3.90.39.01.110.0000,"7.008.008,00 "
18.002.04.126.0002.2.007.3.3.90.39.01.110.0000,"1.400.000,00 "
18.002.04.128.0001.2.008.3.3.90.39.01.110.0000,"706.120,00 "
18.002.04.128.0001.2.008.3.3.90.39.01.110.0000,"0,00 "
18.002.04.128.0001.2.008.3.3.90.39.01.110.0000,"1.149.337,00 "
18.002.04.128.0001.2.008.3.3.90.48.01.110.0000,"6.355.082,00 "
18.002.04.128.0001.2.008.3.3.90.48.01.110.0000,"4.453.518,00 "
18.002.04.128.0001.2.008.3.3.90.48.01.110.0000,"915.693,00 "
18.002.04.128.0001.2.008.3.3.90.48.01.110.0000,"827.888,00 "
18.002.04.128.0001.2.008.3.3.90.48.01.110.0000,"815.343,00 "
18.002.04.128.0001.2.008.3.3.90.48.01.110.0000,"777.712,00 "
18.002.04.128.0001.2.008.3.3.90.48.01.110.0000,"689.906,00 "
18.002.04.128.0001.2.008.3.3.90.48.01.110.0000,"282.234,00 "
18.002.04.128.0001.2.008.3.3.90.48.01.110.0000,"232.059,00 "
18.002.04.128.0001.2.008.3.3.90.48.01.110.0000,"200.701,00 "
18.002.04.128.0001.2.008.3.3.90.48.01.110.0000,"137.982,00 "
18.002.04.128.0001.2.008.3.3.90.48.01.110.0000,"137.982,00 "
18.002.04.128.0001.2.008.3.3.90.48.01.110.0000,"112.894,00 "
18.002.04.128.0001.2.008.3.3.90.48.01.110.0000,"89.279,00 "
18.002.04.128.0001.2.008.3.3.90.48.01.110.0000,"87.807,00 "
18.002.04.128.0001.2.008.3.3.90.48.01.110.0000,"77.061,00 "
18.002.04.128.0001.2.008.3.3.90.48.01.110.0000,"75.264,00 "
18.002.04.128.0001.2.008.3.3.90.48.01.110.0000,"63.845,00 "
18.002.04.128.0001.2.008.3.3.90.48.01.110.0000,"50.175,00 "
18.002.04.128.0001.2.008.3.3.90.48.01.110.0000,"50.175,00 "
18.002.04.128.0001.2.008.3.3.90.48.01.110.0000,"31.360,00 "
18.002.04.128.0001.2.008.3.3.90.48.01.110.0000,"27.454,00 "
18.002.04.128.0001.2.008.3.3.90.48.01.110.0000,"24.650,00 "
18.002.04.128.0001.2.008.3.3.90.48.01.110.0000,"646.004,00 "
18.002.04.128.0001.2.008.3.3.90.48.01.110.0000,"186.784,00 "
18.002.04.128.0001.2.008.3.3.90.48.01.110.0000,"29.000,00 "
18.003.04.121.0004.1.001.3.3.90.35.01.110.0000,"0,00 "
18.003.04.126.0002.2.007.3.3.90.30.01.110.0000,"200.000,00 "
18.003.04.126.0002.2.007.3.3.90.39.01.110.0000,"300.000,00 "
18.003.04.126.0002.2.007.3.3.90.40.01.110.0000,"1.409.103,00 "
18.003.04.126.0002.2.007.3.3.90.40.01.110.0000,"6.567.082,00 "
18.003.04.126.0002.2.007.3.3.90.40.01.110.0000,"3.587.019,00 "
18.003.04.126.0002.2.007.3.3.90.40.01.110.0000,"839.760,00 "
18.003.04.126.0002.2.007.3.3.90.40.01.110.0000,"2.970.000,00 "
18.003.04.126.0002.2.007.3.3.90.40.01.110.0000,"8.626.650,00 "
18.003.04.126.0002.2.007.3.3.90.40.01.110.0000,"3.295.200,00 "
18.003.04.126.0002.2.007.3.3.90.40.01.110.0000,"576.647,00 "
18.003.04.126.0002.2.007.3.3.90.40.01.110.0000,"8.000.000,00 "
18.003.04.126.0002.2.007.3.3.90.40.01.110.0000,"970.720,00 "
18.003.04.126.0002.2.007.3.3.90.40.01.110.0000,"8.308.276,00 "
18.003.04.126.0002.2.007.3.3.90.40.01.110.0000,"7.524.000,00 "
18.003.04.126.0002.2.007.3.3.90.40.01.110.0000,"1.800.000,00 "
18.003.04.126.0002.2.007.3.3.90.40.01.110.0000,"7.520.188,00 "
18.003.04.126.0002.2.007.3.3.90.40.01.110.0000,"9.750.000,00 "
18.003.04.126.0002.2.007.3.3.90.40.01.110.0000,"5.282.447,00 "
18.003.04.126.0002.2.007.3.3.90.40.01.110.0000,"11.190.000,00 "
18.003.04.126.0002.2.007.3.3.90.40.01.110.0000,"1.200.000,00 "
18.003.04.126.0002.2.007.3.3.90.40.01.110.0000,"1,00 "
18.003.04.126.0002.2.007.3.3.90.40.01.110.0000,"940.000,00 "
18.003.04.126.0002.2.007.3.3.90.40.01.110.0000,"132.000,00 "
18.003.04.126.0002.2.007.3.3.90.40.01.110.0000,"14.400.000,00 "
18.003.04.126.0002.2.007.4.4.90.40.01.110.0000,"1,00 "
18.003.04.126.0002.2.007.4.4.90.52.01.100.0002,"2.211.174,00 "
18.003.04.126.0002.2.007.4.4.90.52.01.110.0000,"0,00 "
19.001.04.121.0004.1.001.3.3.90.35.01.110.0000,"1,00 "
19.001.04.122.0001.2.006.3.3.90.39.01.110.0000,"1,00 "
19.001.04.131.0002.2.005.3.3.90.39.01.110.0000,"1,00 "
19.001.04.131.0002.2.005.3.3.90.39.01.110.0000,"25.000,00 "
19.001.15.126.0013.2.007.3.3.90.39.01.110.0000,"1.324.984,00 "
19.001.15.126.0013.2.007.3.3.90.39.01.110.0000,"4.625.000,00 "
19.001.15.126.0013.2.007.3.3.90.39.01.110.0000,"3.380.868,00 "
19.001.15.126.0013.2.007.3.3.90.39.01.110.0000,"0,00 "
19.001.15.422.0013.2.021.3.3.90.39.01.110.0000,"1,00 "
19.001.15.422.0013.2.021.3.3.90.39.01.110.0000,"5.000,00 "
19.001.15.422.0013.2.021.3.3.90.39.01.110.0000,"0,00 "
19.001.15.451.0013.1.002.3.3.90.39.01.110.0000,"0,00 "
19.001.15.451.0013.1.002.3.3.90.39.01.110.0000,"1,00 "
19.001.15.451.0013.2.011.3.3.90.30.01.110.0000,"13.848,00 "
19.001.15.451.0013.2.011.3.3.90.30.01.110.0000,"2.596,00 "
19.001.15.451.0013.2.011.3.3.90.30.01.110.0000,"1,00 "
19.001.15.451.0013.2.011.3.3.90.36.01.110.0000,"1,00 "
19.001.15.451.0013.2.011.3.3.90.39.01.110.0000,"742.836,00 "
19.001.15.451.0013.2.011.3.3.90.39.01.110.0000,"47.760,00 "
19.001.15.451.0013.2.011.3.3.90.39.01.110.0000,"0,00 "
19.001.15.451.0013.2.011.4.4.90.52.01.110.0000,"30.000,00 "
19.001.15.451.0013.2.011.4.4.90.52.01.110.0000,"0,00 "
19.001.15.451.0013.2.011.4.4.90.52.01.110.0000,"1,00 "
19.001.15.451.0013.2.034.3.3.90.39.01.110.0000,"21.552.378,00 "
19.001.15.451.0013.2.034.3.3.90.39.03.400.1901,"616.500,00 "
19.001.15.451.0013.2.036.3.3.90.39.01.110.0000,"1.440.000,00 "
19.001.15.453.0013.2.010.3.3.90.39.01.110.0000,"2.418.319,00 "
19.005.15.126.0013.2.007.3.3.90.39.03.400.1901,"1.250.000,00 "
19.005.15.126.0013.2.007.3.3.90.39.03.400.1901,"4.625.000,00 "
19.005.15.126.0013.2.007.3.3.90.39.03.400.1901,"3.908.500,00 "
19.005.15.451.0013.2.011.3.3.90.39.01.110.0000,"160.000,00 "
19.005.15.451.0013.2.034.3.3.90.39.03.400.1901,"7.300.000,00 "
20.001.04.121.0004.1.001.3.3.90.35.01.110.0000,"0,00 "
20.001.04.122.0001.2.006.3.3.90.39.01.110.0000,"1,00 "
20.001.04.131.0002.2.005.3.3.90.39.01.110.0000,"1,00 "
20.001.04.131.0002.2.005.3.3.90.39.01.110.0000,"1,00 "
20.001.06.126.0006.2.007.3.3.90.39.01.100.0002,"16.636.268,00 "
20.001.06.126.0006.2.007.3.3.90.39.01.110.0000,"9.020.356,00 "
20.001.06.181.0006.1.002.3.3.90.39.01.110.0000,"1,00 "
20.001.06.181.0006.1.002.4.4.90.51.01.110.0000,"1,00 "
20.001.06.181.0006.1.003.3.3.90.30.01.110.0000,"0,00 "
20.001.06.181.0006.1.003.4.4.90.51.01.110.0000,"2.774.224,00 "
20.001.06.181.0006.1.003.4.4.90.52.01.110.0000,"0,00 "
20.001.06.181.0006.1.003.4.4.90.52.01.110.0000,"0,00 "
20.001.06.181.0006.2.011.3.3.90.30.01.110.0000,"50.000,00 "
20.001.06.181.0006.2.011.3.3.90.30.01.110.0000,"14.000,00 "
20.001.06.181.0006.2.011.3.3.90.39.01.110.0000,"3.833.255,00 "
20.001.06.181.0006.2.011.3.3.90.39.01.110.0000,"0,00 "
20.001.06.181.0006.2.011.3.3.90.39.01.110.0000,"0,00 "
20.001.06.181.0006.2.011.4.4.90.39.01.110.0000,"0,00 "
20.001.06.181.0006.2.011.4.4.90.52.01.110.0000,"0,00 "
20.001.06.181.0006.2.011.4.4.90.52.01.110.0000,"0,00 "
20.001.06.181.0006.2.011.4.4.90.52.01.110.0000,"0,00 "
21.001.09.272.0001.1.002.3.3.90.39.04.690.0000,"1.000,00 "
21.001.09.272.0001.1.002.4.4.90.51.04.690.0000,"500.000,00 "
21.001.09.272.0001.1.002.4.4.90.52.04.690.0000,"100.000,00 "
21.001.09.272.0001.1.002.4.4.90.61.04.690.0000,"1.000,00 "
21.001.09.272.0001.2.001.3.3.90.39.04.690.0000,"1.130.000,00 "
21.001.09.272.0001.2.011.3.3.90.14.04.690.0000,"50.000,00 "
21.001.09.272.0001.2.011.3.3.90.30.04.690.0000,"320.000,00 "
21.001.09.272.0001.2.011.3.3.90.35.04.690.0000,"840.000,00 "
21.001.09.272.0001.2.011.3.3.90.36.04.690.0000,"100.000,00 "
21.001.09.272.0001.2.011.3.3.90.39.04.690.0000,"6.060.000,00 "
21.001.09.272.0001.2.011.3.3.90.40.04.690.0000,"6.000.000,00 "
21.001.09.272.0001.2.011.3.3.90.92.04.690.0000,"1.000,00 "
21.001.09.272.0001.2.011.4.4.90.52.04.690.0000,"505.000,00 "
21.001.09.272.0002.2.003.3.3.90.14.04.690.0000,"20.000,00 "
21.001.09.272.0002.2.003.3.3.90.39.04.690.0000,"300.000,00 "
21.001.09.272.0002.2.003.3.3.90.93.04.690.0000,"10.000,00 "
21.001.09.272.0004.1.001.3.3.90.35.04.690.0000,"1.000,00 "
21.001.09.272.0004.1.001.3.3.90.39.04.690.0000,"4.500.000,00 "
21.001.09.272.0021.0.002.3.3.90.47.04.690.0000,"2.000.000,00 "
21.001.09.272.0021.0.003.3.3.90.91.04.690.0000,"200.000,00 "
21.003.09.272.0020.2.043.3.3.90.93.04.601.0000,"1.000.000,00 "
21.005.09.272.0020.2.043.3.1.90.91.04.602.0000,"1.000.000,00 "
21.005.09.272.0020.2.043.3.3.90.93.04.602.0000,"1.000.000,00 "
21.006.04.241.0018.2.044.3.3.90.48.01.110.0000,"45.000.000,00 "
22.001.04.122.0001.1.002.4.4.90.51.04.110.0000,"10.252,00 "
22.001.04.122.0001.1.002.4.4.90.92.04.110.0000,"5.639,00 "
22.001.04.122.0001.2.011.3.3.90.35.04.110.0000,"0,00 "
22.001.04.122.0001.2.011.3.3.90.37.04.110.0000,"372.020,00 "
22.001.04.122.0001.2.011.3.3.90.39.04.110.0000,"0,00 "
22.001.04.122.0001.2.011.3.3.90.92.04.110.0000,"0,00 "
22.001.04.122.0001.2.011.3.3.90.93.04.110.0000,"0,00 "
22.001.04.122.0001.2.011.4.4.90.52.04.110.0000,"0,00 "
22.001.04.122.0001.2.011.4.4.90.92.04.110.0000,"0,00 "
22.001.04.122.0001.2.011.4.4.90.93.04.110.0000,"1.505.396,00 "
22.001.04.122.0021.0.001.4.6.90.71.04.110.0000,"774.941,00 "
22.001.04.122.0021.0.003.3.1.90.91.04.110.0000,"628.025,00 "
22.001.04.126.0002.2.007.3.3.90.40.04.110.0000,"134.480,00 "
22.001.04.128.0001.2.008.3.3.90.36.04.110.0000,"105.131,00 "
22.001.04.331.0001.2.001.3.1.91.13.04.110.0000,"0,00 "
22.002.12.122.0001.2.011.3.3.90.37.01.110.0000,"0,00 "
22.002.12.122.0001.2.011.3.3.90.39.01.110.0000,"0,00 "
22.002.12.122.0001.2.011.3.3.90.92.01.110.0000,"0,00 "
22.002.12.122.0001.2.011.3.3.90.93.01.110.0000,"0,00 "
22.002.12.122.0001.2.011.4.4.90.52.01.110.0000,"0,00 "
22.002.12.122.0001.2.011.4.4.90.52.04.110.0000,"0,00 "
22.002.12.122.0001.2.011.4.4.90.92.01.110.0000,"0,00 "
22.002.12.122.0001.2.011.4.4.90.93.01.110.0000,"0,00 "
22.002.12.122.0021.0.003.3.1.90.91.04.220.0000,"365.750,00 "
22.002.12.126.0002.2.007.3.3.90.40.04.220.0000,"5.637,00 "
22.002.12.361.0001.2.001.3.1.91.13.04.220.0000,"0,00 "
22.002.12.361.0001.2.008.3.3.90.36.04.220.0000,"132.771,00 "
22.002.12.361.0001.2.011.3.3.90.37.01.110.0000,"0,00 "
22.002.12.361.0001.2.011.3.3.90.39.01.110.0000,"0,00 "
22.002.12.361.0001.2.011.3.3.90.92.01.110.0000,"0,00 "
22.002.12.361.0001.2.011.3.3.90.93.01.110.0000,"0,00 "
22.002.12.361.0001.2.011.3.3.90.93.01.110.0000,"0,00 "
22.002.12.361.0001.2.011.4.4.90.52.04.220.0000,"0,00 "
22.002.12.361.0001.2.011.4.4.90.92.04.220.0000,"0,00 "
22.002.12.361.0001.2.011.4.4.90.93.04.220.0000,"0,00 "
22.002.12.361.0016.2.020.4.4.90.52.04.220.0000,"1,00 "
22.003.12.122.0021.0.003.3.1.90.91.04.220.0000,"1.149,00 "
22.004.12.122.0001.2.011.3.3.90.37.04.230.0000,"0,00 "
22.004.12.122.0001.2.011.3.3.90.39.04.230.0000,"0,00 "
22.004.12.122.0001.2.011.3.3.90.92.04.230.0000,"0,00 "
22.004.12.122.0001.2.011.3.3.90.93.04.230.0000,"0,00 "
22.004.12.122.0001.2.011.4.4.90.52.04.230.0000,"0,00 "
22.004.12.122.0001.2.011.4.4.90.92.04.230.0000,"0,00 "
22.004.12.122.0001.2.011.4.4.90.93.04.230.0000,"0,00 "
22.004.12.122.0021.0.003.3.1.90.91.04.230.0000,"91.960,00 "
22.004.12.126.0002.2.007.3.3.90.40.04.230.0000,"5.637,00 "
22.004.12.362.0001.2.001.3.1.91.13.04.230.0000,"5.988.971,00 "
22.004.12.362.0001.2.008.3.3.90.36.04.230.0000,"11.629,00 "
22.004.12.362.0001.2.011.3.3.90.37.04.230.0000,"0,00 "
22.004.12.362.0001.2.011.3.3.90.39.04.230.0000,"0,00 "
22.004.12.362.0001.2.011.3.3.90.92.04.230.0000,"0,00 "
22.004.12.362.0001.2.011.3.3.90.93.04.230.0000,"0,00 "
22.004.12.362.0001.2.011.4.4.90.52.01.110.0000,"0,00 "
22.004.12.362.0001.2.011.4.4.90.52.04.230.0000,"0,00 "
22.004.12.362.0001.2.011.4.4.90.92.04.230.0000,"0,00 "
22.004.12.362.0001.2.011.4.4.90.93.04.230.0000,"0,00 "
22.004.12.362.0016.2.020.4.4.90.52.04.230.0000,"1,00 "
22.005.12.122.0021.0.003.3.1.90.91.04.230.0000,"1.149,00 "
22.006.12.122.0021.0.003.3.1.90.91.04.110.0000,"28.737,00 "
22.006.12.364.0001.2.011.3.3.90.37.04.110.0000,"0,00 "
22.006.12.364.0001.2.011.3.3.90.39.04.110.0000,"1.029,00 "
22.006.12.364.0001.2.011.3.3.90.92.04.110.0000,"0,00 "
22.006.12.364.0001.2.011.3.3.90.93.04.110.0000,"0,00 "
22.006.12.364.0001.2.011.4.4.90.52.04.110.0000,"0,00 "
22.006.12.364.0001.2.011.4.4.90.92.04.110.0000,"0,00 "
22.006.12.364.0001.2.011.4.4.90.93.04.110.0000,"0,00 "
22.007.13.122.0021.0.003.3.1.90.91.04.110.0000,"28.737,00 "
22.007.13.126.0002.2.007.3.3.90.40.04.110.0000,"5.637,00 "
22.007.13.128.0001.2.008.3.3.90.36.04.110.0000,"11.629,00 "
22.007.13.392.0001.2.001.3.1.91.13.04.110.0000,"0,00 "
22.007.13.392.0009.2.011.3.3.90.37.04.110.0000,"0,00 "
22.007.13.392.0009.2.011.3.3.90.39.04.110.0000,"0,00 "
22.007.13.392.0009.2.011.3.3.90.92.04.110.0000,"167.820,00 "
22.007.13.392.0009.2.011.3.3.90.93.04.110.0000,"0,00 "
22.007.13.392.0009.2.011.4.4.90.52.04.110.0000,"0,00 "
22.007.13.392.0009.2.011.4.4.90.92.04.110.0000,"0,00 "
22.007.13.392.0009.2.011.4.4.90.93.04.110.0000,"0,00 "
22.008.12.122.0021.0.003.3.1.90.91.01.210.0000,"0,00 "
22.008.12.126.0002.2.007.3.3.90.40.01.210.0000,"0,00 "
22.008.12.306.0016.2.017.3.3.90.30.01.110.0000,"0,00 "
22.008.12.306.0016.2.017.3.3.90.32.01.110.0000,"0,00 "
22.008.12.306.0016.2.017.3.3.90.32.01.210.0000,"0,00 "
22.008.12.365.0001.2.001.3.1.91.13.01.210.0000,"0,00 "
22.008.12.365.0001.2.008.3.3.90.36.01.210.0000,"0,00 "
22.008.12.365.0016.1.002.3.3.90.39.01.210.0000,"0,00 "
22.008.12.365.0016.1.002.4.4.90.51.01.210.0000,"0,00 "
22.008.12.365.0016.2.011.3.3.90.37.01.210.0000,"0,00 "
22.008.12.365.0016.2.011.3.3.90.39.01.210.0000,"0,00 "
22.008.12.365.0016.2.011.3.3.90.92.01.210.0000,"0,00 "
22.008.12.365.0016.2.011.3.3.90.93.01.210.0000,"0,00 "
22.008.12.365.0016.2.011.4.4.90.52.01.210.0000,"0,00 "
22.008.12.365.0016.2.011.4.4.90.92.01.210.0000,"0,00 "
22.008.12.365.0016.2.011.4.4.90.93.01.210.0000,"0,00 "
22.008.12.365.0016.2.017.3.3.90.30.01.110.0000,"0,00 "
22.008.12.365.0016.2.017.3.3.90.32.01.110.0000,"0,00 "
22.008.12.365.0016.2.017.3.3.90.32.01.210.0000,"0,00 "
22.008.12.365.0016.2.020.4.4.90.52.01.210.0000,"0,00 "
22.009.12.122.0021.0.003.3.1.90.91.01.210.0000,"0,00 "
22.009.12.126.0002.2.007.3.3.90.40.01.210.0000,"0,00 "
22.009.12.306.0016.2.017.3.3.90.30.01.110.0000,"0,00 "
22.009.12.306.0016.2.017.3.3.90.32.01.110.0000,"0,00 "
22.009.12.306.0016.2.017.3.3.90.32.01.210.0000,"0,00 "
22.009.12.365.0001.2.001.3.1.91.13.01.210.0000,"0,00 "
22.009.12.365.0001.2.008.3.3.90.36.01.210.0000,"0,00 "
22.009.12.365.0016.1.002.3.3.90.39.01.210.0000,"0,00 "
22.009.12.365.0016.1.002.4.4.90.51.01.210.0000,"0,00 "
22.009.12.365.0016.2.011.3.3.90.37.01.210.0000,"0,00 "
22.009.12.365.0016.2.011.3.3.90.39.01.210.0000,"0,00 "
22.009.12.365.0016.2.011.3.3.90.92.01.210.0000,"0,00 "
22.009.12.365.0016.2.011.3.3.90.93.01.210.0000,"0,00 "
22.009.12.365.0016.2.011.4.4.90.52.01.210.0000,"0,00 "
22.009.12.365.0016.2.011.4.4.90.92.01.210.0000,"0,00 "
22.009.12.365.0016.2.011.4.4.90.93.01.210.0000,"0,00 "
22.009.12.365.0016.2.017.3.3.90.30.01.110.0000,"0,00 "
22.009.12.365.0016.2.017.3.3.90.32.01.110.0000,"0,00 "
22.009.12.365.0016.2.017.3.3.90.32.01.210.0000,"0,00 "
22.009.12.365.0016.2.020.4.4.90.52.01.210.0000,"0,00 "
22.010.12.122.0021.0.003.3.1.90.91.01.210.0000,"0,00 "
22.010.12.126.0002.2.007.3.3.90.40.01.210.0000,"0,00 "
22.010.12.306.0016.2.017.3.3.90.30.01.110.0000,"0,00 "
22.010.12.306.0016.2.017.3.3.90.32.01.110.0000,"0,00 "
22.010.12.306.0016.2.017.3.3.90.32.01.110.0000,"0,00 "
22.010.12.365.0001.2.001.3.1.91.13.01.210.0000,"0,00 "
22.010.12.365.0001.2.008.3.3.90.36.01.210.0000,"0,00 "
22.010.12.365.0016.1.002.3.3.90.39.01.210.0000,"0,00 "
22.010.12.365.0016.1.002.4.4.90.51.01.210.0000,"0,00 "
22.010.12.365.0016.2.011.3.3.90.37.01.210.0000,"0,00 "
22.010.12.365.0016.2.011.3.3.90.39.01.210.0000,"0,00 "
22.010.12.365.0016.2.011.3.3.90.92.01.210.0000,"0,00 "
22.010.12.365.0016.2.011.3.3.90.93.01.210.0000,"0,00 "
22.010.12.365.0016.2.011.4.4.90.52.01.210.0000,"0,00 "
22.010.12.365.0016.2.011.4.4.90.92.01.210.0000,"0,00 "
22.010.12.365.0016.2.011.4.4.90.93.01.210.0000,"0,00 "
22.010.12.365.0016.2.017.3.3.90.30.01.110.0000,"0,00 "
22.010.12.365.0016.2.017.3.3.90.32.01.110.0000,"0,00 "
22.010.12.365.0016.2.017.3.3.90.32.01.210.0000,"0,00 "
22.010.12.365.0016.2.020.4.4.90.52.01.210.0000,"0,00 "
22.011.12.122.0021.0.003.3.1.90.91.01.210.0000,"0,00 "
22.011.12.126.0002.2.007.3.3.90.40.01.210.0000,"0,00 "
22.011.12.306.0016.2.017.3.3.90.30.01.110.0000,"0,00 "
22.011.12.306.0016.2.017.3.3.90.32.01.110.0000,"0,00 "
22.011.12.306.0016.2.017.3.3.90.32.01.210.0000,"0,00 "
22.011.12.365.0001.2.001.3.1.91.13.01.210.0000,"0,00 "
22.011.12.365.0001.2.008.3.3.90.36.01.210.0000,"0,00 "
22.011.12.365.0016.1.002.3.3.90.39.01.210.0000,"0,00 "
22.011.12.365.0016.1.002.4.4.90.51.01.210.0000,"0,00 "
22.011.12.365.0016.2.011.3.3.90.37.01.210.0000,"0,00 "
22.011.12.365.0016.2.011.3.3.90.39.01.210.0000,"0,00 "
22.011.12.365.0016.2.011.3.3.90.92.01.210.0000,"0,00 "
22.011.12.365.0016.2.011.3.3.90.93.01.210.0000,"0,00 "
22.011.12.365.0016.2.011.4.4.90.52.01.210.0000,"0,00 "
22.011.12.365.0016.2.011.4.4.90.92.01.210.0000,"0,00 "
22.011.12.365.0016.2.011.4.4.90.93.01.210.0000,"0,00 "
22.011.12.365.0016.2.017.3.3.90.30.01.110.0000,"0,00 "
22.011.12.365.0016.2.017.3.3.90.32.01.110.0000,"0,00 "
22.011.12.365.0016.2.017.3.3.90.32.01.210.0000,"0,00 "
22.011.12.365.0016.2.020.4.4.90.52.01.210.0000,"0,00 "
22.012.12.122.0021.0.003.3.1.90.91.01.210.0000,"0,00 "
22.012.12.126.0002.2.007.3.3.90.40.01.210.0000,"0,00 "
22.012.12.306.0016.2.017.3.3.90.30.01.110.0000,"0,00 "
22.012.12.306.0016.2.017.3.3.90.32.01.110.0000,"0,00 "
22.012.12.306.0016.2.017.3.3.90.32.01.210.0000,"0,00 "
22.012.12.365.0001.2.001.3.1.91.13.01.210.0000,"0,00 "
22.012.12.365.0001.2.008.3.3.90.36.01.210.0000,"0,00 "
22.012.12.365.0016.1.002.3.3.90.39.01.210.0000,"0,00 "
22.012.12.365.0016.1.002.4.4.90.51.01.210.0000,"0,00 "
22.012.12.365.0016.2.011.3.3.90.37.01.210.0000,"0,00 "
22.012.12.365.0016.2.011.3.3.90.39.01.210.0000,"0,00 "
22.012.12.365.0016.2.011.3.3.90.92.01.210.0000,"0,00 "
22.012.12.365.0016.2.011.3.3.90.93.01.210.0000,"0,00 "
22.012.12.365.0016.2.011.4.4.90.52.01.210.0000,"0,00 "
22.012.12.365.0016.2.011.4.4.90.92.01.210.0000,"0,00 "
22.012.12.365.0016.2.011.4.4.90.93.01.210.0000,"0,00 "
22.012.12.365.0016.2.017.3.3.90.30.01.110.0000,"0,00 "
22.012.12.365.0016.2.017.3.3.90.32.01.110.0000,"0,00 "
22.012.12.365.0016.2.017.3.3.90.32.01.210.0000,"0,00 "
22.012.12.365.0016.2.020.4.4.90.52.01.210.0000,"0,00 "
22.013.12.122.0021.0.003.3.1.90.91.01.210.0000,"0,00 "
22.013.12.126.0002.2.007.3.3.90.40.01.210.0000,"0,00 "
22.013.12.306.0016.2.017.3.3.90.30.01.110.0000,"0,00 "
22.013.12.306.0016.2.017.3.3.90.32.01.110.0000,"0,00 "
22.013.12.306.0016.2.017.3.3.90.32.01.210.0000,"0,00 "
22.013.12.365.0001.2.001.3.1.91.13.01.210.0000,"0,00 "
22.013.12.365.0001.2.008.3.3.90.36.01.210.0000,"0,00 "
22.013.12.365.0016.1.002.3.3.90.39.01.210.0000,"0,00 "
22.013.12.365.0016.1.002.4.4.90.51.01.210.0000,"0,00 "
22.013.12.365.0016.2.011.3.3.90.37.01.210.0000,"0,00 "
22.013.12.365.0016.2.011.3.3.90.39.01.210.0000,"0,00 "
22.013.12.365.0016.2.011.3.3.90.92.01.210.0000,"0,00 "
22.013.12.365.0016.2.011.3.3.90.93.01.210.0000,"0,00 "
22.013.12.365.0016.2.011.4.4.90.52.01.210.0000,"0,00 "
22.013.12.365.0016.2.011.4.4.90.92.01.210.0000,"0,00 "
22.013.12.365.0016.2.011.4.4.90.93.01.210.0000,"0,00 "
22.013.12.365.0016.2.017.3.3.90.30.01.110.0000,"0,00 "
22.013.12.365.0016.2.017.3.3.90.32.01.110.0000,"0,00 "
22.013.12.365.0016.2.017.3.3.90.32.01.210.0000,"0,00 "
22.013.12.365.0016.2.020.4.4.90.52.01.210.0000,"0,00 "
22.014.12.122.0021.0.003.3.1.90.91.01.210.0000,"0,00 "
22.014.12.126.0002.2.007.3.3.90.40.01.210.0000,"0,00 "
22.014.12.306.0016.2.017.3.3.90.30.01.110.0000,"0,00 "
22.014.12.306.0016.2.017.3.3.90.32.01.110.0000,"0,00 "
22.014.12.306.0016.2.017.3.3.90.32.01.210.0000,"0,00 "
22.014.12.365.0001.2.001.3.1.91.13.01.210.0000,"0,00 "
22.014.12.365.0001.2.008.3.3.90.36.01.210.0000,"0,00 "
22.014.12.365.0016.1.002.3.3.90.39.01.210.0000,"0,00 "
22.014.12.365.0016.1.002.4.4.90.51.01.210.0000,"0,00 "
22.014.12.365.0016.2.011.3.3.90.37.01.210.0000,"0,00 "
22.014.12.365.0016.2.011.3.3.90.39.01.210.0000,"0,00 "
22.014.12.365.0016.2.011.3.3.90.92.01.210.0000,"0,00 "
22.014.12.365.0016.2.011.3.3.90.93.01.210.0000,"0,00 "
22.014.12.365.0016.2.011.4.4.90.52.01.210.0000,"0,00 "
22.014.12.365.0016.2.011.4.4.90.92.01.210.0000,"0,00 "
22.014.12.365.0016.2.011.4.4.90.93.01.210.0000,"0,00 "
22.014.12.365.0016.2.017.3.3.90.30.01.110.0000,"0,00 "
22.014.12.365.0016.2.017.3.3.90.32.01.110.0000,"0,00 "
22.014.12.365.0016.2.017.3.3.90.32.01.210.0000,"0,00 "
22.014.12.365.0016.2.020.4.4.90.52.01.210.0000,"0,00 "
22.015.12.122.0021.0.003.3.1.90.91.01.210.0000,"0,00 "
22.015.12.126.0002.2.007.3.3.90.40.01.210.0000,"0,00 "
22.015.12.306.0016.2.017.3.3.90.30.01.110.0000,"0,00 "
22.015.12.306.0016.2.017.3.3.90.32.01.110.0000,"0,00 "
22.015.12.306.0016.2.017.3.3.90.32.01.210.0000,"0,00 "
22.015.12.365.0001.2.001.3.1.91.13.01.210.0000,"0,00 "
22.015.12.365.0001.2.008.3.3.90.36.01.210.0000,"0,00 "
22.015.12.365.0016.1.002.3.3.90.39.01.210.0000,"0,00 "
22.015.12.365.0016.1.002.4.4.90.51.01.210.0000,"0,00 "
22.015.12.365.0016.2.011.3.3.90.37.01.210.0000,"0,00 "
22.015.12.365.0016.2.011.3.3.90.39.01.210.0000,"0,00 "
22.015.12.365.0016.2.011.3.3.90.92.01.210.0000,"0,00 "
22.015.12.365.0016.2.011.3.3.90.93.01.210.0000,"0,00 "
22.015.12.365.0016.2.011.4.4.90.52.01.210.0000,"0,00 "
22.015.12.365.0016.2.011.4.4.90.92.01.210.0000,"0,00 "
22.015.12.365.0016.2.011.4.4.90.93.01.210.0000,"0,00 "
22.015.12.365.0016.2.017.3.3.90.30.01.110.0000,"0,00 "
22.015.12.365.0016.2.017.3.3.90.32.01.110.0000,"0,00 "
22.015.12.365.0016.2.017.3.3.90.32.01.210.0000,"0,00 "
22.015.12.365.0016.2.020.4.4.90.52.01.210.0000,"0,00 "
22.016.12.122.0021.0.003.3.1.90.91.04.210.0000,"100,00 "
22.016.12.126.0002.2.007.3.3.90.40.04.210.0000,"100,00 "
22.016.12.365.0001.2.001.3.1.91.13.04.110.0000,"0,00 "
22.016.12.365.0001.2.008.3.3.90.36.04.210.0000,"14.820,00 "
22.016.12.365.0016.1.002.3.3.90.39.04.210.0000,"200,00 "
22.016.12.365.0016.2.011.3.3.90.37.04.210.0000,"100,00 "
22.016.12.365.0016.2.011.3.3.90.39.04.110.0000,"0,00 "
22.016.12.365.0016.2.011.3.3.90.92.04.110.0000,"0,00 "
22.016.12.365.0016.2.011.3.3.90.93.04.110.0000,"0,00 "
22.016.12.365.0016.2.011.4.4.90.52.04.110.0000,"0,00 "
22.016.12.365.0016.2.011.4.4.90.92.04.110.0000,"0,00 "
22.016.12.365.0016.2.011.4.4.90.93.04.110.0000,"0,00 "
22.002.12.361.0016.2.011.3.3.90.47.04.220.0000,"170.029,00 "
22.012.12.365.0016.2.011.3.3.90.47.01.210.0000,"0,00 "
22.016.12.365.0016.2.017.3.3.90.30.04.210.0000,"100,00 "
22.016.12.365.0016.2.017.3.3.90.32.04.110.0000,"0,00 "
22.016.12.365.0016.2.017.3.3.90.32.04.110.0000,"0,00 "
22.016.12.365.0016.2.020.4.4.90.52.04.210.0000,"100,00 "
23.001.04.121.0004.1.001.3.3.90.35.01.110.0000,"0,00 "
23.001.04.122.0001.2.005.3.3.90.30.01.110.0000,"200.000,00 "
23.001.04.122.0001.2.005.3.3.90.39.01.110.0000,"6.018.000,00 "
23.001.04.122.0001.2.005.3.3.90.39.01.110.0000,"16.500.000,00 "
23.001.04.122.0001.2.006.3.3.90.39.01.110.0000,"1,00 "
23.001.04.122.0001.2.011.3.3.90.30.01.110.0000,"10.000,00 "
23.001.04.122.0001.2.011.3.3.90.30.01.110.0000,"10.000,00 "
23.001.04.122.0001.2.011.3.3.90.39.01.110.0000,"102.949,00 "
23.001.04.131.0002.2.005.3.3.90.30.01.110.0000,"150.000,00 "
23.001.04.131.0002.2.005.3.3.90.39.01.110.0000,"0,00 "
23.001.04.131.0002.2.005.3.3.90.39.01.110.0000,"0,00 "
23.001.04.131.0002.2.005.3.3.90.39.01.110.0000,"1.200.000,00 "
23.001.04.131.0002.2.005.3.3.90.39.01.110.0000,"8.000.000,00 "
23.001.04.131.0002.2.005.3.3.90.39.01.110.0000,"200.000,00 "
24.001.04.121.0004.1.001.3.3.90.35.01.110.0000,"3.799.780,00 "
24.001.04.121.0004.1.001.3.3.90.36.01.110.0000,"1,00 "
24.001.04.121.0004.1.001.3.3.90.39.01.110.0000,"1,00 "
24.001.04.121.0004.1.001.3.3.90.39.01.110.0000,"500.001,00 "
24.001.04.121.0004.1.001.3.3.90.48.01.110.0000,"1,00 "
24.001.04.122.0001.2.006.3.3.90.39.01.110.0000,"1,00 "
24.001.04.122.0001.2.011.3.3.90.30.01.110.0000,"25.000,00 "
24.001.04.122.0001.2.011.3.3.90.30.01.110.0000,"25.000,00 "
24.001.04.122.0001.2.011.3.3.90.39.01.110.0000,"36.400,00 "
24.001.04.122.0001.2.011.3.3.90.39.01.110.0000,"1.000.001,00 "
24.001.04.122.0001.2.011.4.4.90.51.01.110.0000,"2.000.001,00 "
24.001.04.122.0001.2.011.4.4.90.52.01.110.0000,"30.000,00 "
24.001.04.122.0001.2.011.4.4.90.52.01.110.0000,"30.000,00 "
24.001.04.122.0001.2.011.4.4.90.52.01.110.0000,"3.000.001,00 "
24.001.04.126.0002.2.007.3.3.90.40.01.110.0000,"20.000,00 "
24.001.04.128.0002.2.003.3.3.90.36.01.110.0000,"1,00 "
24.001.04.128.0002.2.003.3.3.90.39.01.110.0000,"1,00 "
24.001.04.128.0002.2.003.3.3.90.39.01.110.0000,"1,00 "
24.001.04.131.0002.2.005.3.3.90.31.01.110.0000,"200.000,00 "
24.001.04.131.0002.2.005.3.3.90.39.01.110.0000,"500.000,00 "
24.001.04.131.0002.2.005.3.3.90.39.01.110.0000,"454.302,00 "
27.001.04.121.0004.1.001.3.3.90.35.01.110.0000,"1,00 "
27.001.04.121.0004.1.001.3.3.90.39.01.110.0000,"1,00 "
27.001.04.122.0001.2.006.3.3.90.39.01.110.0000,"1,00 "
27.001.04.122.0001.2.011.3.3.90.30.01.110.0000,"10.000,00 "
27.001.04.122.0001.2.011.3.3.90.30.01.110.0000,"4.000,00 "
27.001.04.122.0001.2.011.3.3.90.39.01.110.0000,"1.500,00 "
27.001.04.122.0001.2.011.4.4.90.52.01.110.0000,"3.000,00 "
27.001.04.122.0001.2.011.4.4.90.52.01.110.0000,"5.200,00 "
27.001.04.122.0001.2.011.4.4.90.52.01.110.0000,"57.419,00 "
27.001.04.126.0002.2.007.3.3.90.39.01.110.0000,"3.240,00 "
27.001.04.126.0002.2.007.3.3.90.40.01.110.0000,"4.013.586,00 "
27.001.04.126.0002.2.007.3.3.90.40.01.110.0000,"180.000,00 "
27.001.04.131.0002.2.005.3.3.90.39.01.110.0000,"1,00 "
27.001.04.131.0002.2.005.3.3.90.39.01.110.0000,"2.000,00 "
28.001.04.121.0004.1.001.3.3.90.35.01.110.0000,"1,00 "
28.001.04.122.0001.2.006.3.3.90.39.01.110.0000,"269.997,00 "
28.001.04.122.0001.2.006.3.3.90.39.02.100.0000,"0,00 "
28.001.04.122.0001.2.011.3.3.90.30.01.110.0000,"25.000,00 "
28.001.04.122.0001.2.011.3.3.90.30.01.110.0000,"25.000,00 "
28.001.04.122.0001.2.011.3.3.90.30.02.100.0000,"0,00 "
28.001.04.122.0001.2.011.3.3.90.30.02.100.0000,"0,00 "
28.001.04.122.0001.2.011.3.3.90.39.01.110.0000,"44.328,00 "
28.001.04.122.0001.2.011.4.4.90.52.01.110.0000,"0,00 "
28.001.04.122.0001.2.011.4.4.90.52.01.110.0000,"0,00 "
28.001.04.122.0001.2.011.4.4.90.52.01.110.0000,"0,00 "
28.001.04.122.0001.2.011.4.4.90.52.02.100.0000,"0,00 "
28.001.04.122.0001.2.011.4.4.90.52.02.100.0000,"0,00 "
28.001.04.122.0001.2.011.4.4.90.52.02.100.0000,"0,00 "
28.001.04.126.0002.2.007.3.3.90.39.01.110.0000,"1,00 "
28.001.04.126.0002.2.007.3.3.90.40.01.110.0000,"1.679.599,00 "
28.001.04.131.0002.2.005.3.3.90.39.01.110.0000,"3.000,00 "
28.001.04.131.0002.2.005.3.3.90.39.01.110.0000,"1,00 "
28.001.04.131.0002.2.005.3.3.90.39.02.100.0000,"0,00 "
28.007.04.131.0002.2.005.3.3.90.39.01.110.0000,"5.000,00 "
28.007.04.131.0002.2.005.3.3.90.39.01.110.0000,"1,00 "
29.001.04.121.0004.1.001.3.3.90.35.01.110.0000,"0,00 "
29.001.04.122.0001.2.006.3.3.90.39.01.110.0000,"1,00 "
29.001.04.131.0002.2.005.3.3.90.39.01.110.0000,"1,00 "
29.001.04.131.0002.2.005.3.3.90.39.01.110.0000,"5.000,00 "
29.001.14.243.0018.1.003.4.4.90.52.01.110.0000,"1,00 "
29.001.14.243.0018.2.011.3.3.90.30.01.110.0000,"10.000,00 "
29.001.14.243.0018.2.011.3.3.90.30.01.110.0000,"10.000,00 "
29.001.14.243.0018.2.011.3.3.90.30.01.110.0000,"0,00 "
29.001.14.243.0018.2.011.3.3.90.39.01.110.0000,"0,00 "
29.001.14.243.0018.2.011.3.3.90.39.01.110.0000,"0,00 "
29.001.14.243.0018.2.011.4.4.90.52.01.110.0000,"10.000,00 "
29.001.14.243.0018.2.011.4.4.90.52.01.110.0000,"10.000,00 "
29.001.14.243.0018.2.011.4.4.90.52.01.110.0000,"22.842,00 "
29.002.14.243.0018.2.041.3.3.50.39.01.110.0000,"8.872.002,00 "
29.002.14.243.0018.2.041.3.3.50.39.03.100.2901,"7.127.998,00 "
29.002.14.243.0018.2.041.4.4.50.39.03.100.2901,"1,00 "
29.002.14.243.0018.2.041.4.4.50.52.03.100.2901,"1,00 "
30.001.04.121.0004.1.001.3.3.90.35.01.110.0000,"1,00 "
30.001.04.122.0001.2.006.3.3.90.39.01.110.0000,"1,00 "
30.001.04.122.0001.2.011.3.3.90.30.01.110.0000,"10.000,00 "
30.001.04.122.0001.2.011.3.3.90.30.01.110.0000,"10.000,00 "
30.001.04.122.0001.2.011.3.3.90.30.01.110.0000,"1,00 "
30.001.04.122.0001.2.011.3.3.90.39.01.110.0000,"0,00 "
30.001.04.122.0001.2.011.3.3.90.39.01.110.0000,"1,00 "
30.001.04.122.0001.2.011.4.4.90.52.01.110.0000,"1,00 "
30.001.04.122.0001.2.011.4.4.90.52.01.110.0000,"1,00 "
30.001.04.122.0001.2.011.4.4.90.52.01.110.0000,"1,00 "
30.001.04.128.0002.2.003.3.3.90.36.01.110.0000,"1,00 "
30.001.04.128.0002.2.003.3.3.90.39.01.110.0000,"1,00 "
30.001.04.131.0002.2.005.3.3.90.36.01.110.0000,"7.500,00 "
30.001.04.131.0002.2.005.3.3.90.39.01.110.0000,"10.000,00 "
30.001.04.131.0002.2.005.3.3.90.39.01.110.0000,"1,00 "
30.001.04.131.0002.2.005.3.3.90.39.01.110.0000,"7.500,00 "
30.001.14.242.0001.1.002.3.3.90.30.01.110.0000,"1,00 "
30.001.14.242.0001.1.002.3.3.90.30.01.110.0000,"1,00 "
30.001.14.242.0001.1.002.3.3.90.39.01.110.0000,"1,00 "
30.001.14.242.0010.2.041.3.3.50.39.01.110.0000,"1,00 "
30.001.14.242.0010.2.041.3.3.50.39.01.110.0000,"1,00 "
30.001.14.242.0016.2.041.3.3.90.39.01.110.0000,"1,00 "
30.001.14.242.0018.1.003.3.3.90.30.01.110.0000,"1,00 "
30.001.14.242.0018.1.003.3.3.90.30.01.110.0000,"1,00 "
30.001.14.242.0018.1.003.3.3.90.39.01.110.0000,"1,00 "
30.001.14.242.0018.1.003.4.4.90.51.01.110.0000,"1,00 "
30.001.14.242.0018.1.003.4.4.90.52.01.110.0000,"1,00 "
30.001.14.242.0018.1.003.4.4.90.52.01.110.0000,"1,00 "
30.001.14.242.0018.1.003.4.4.90.52.01.110.0000,"1,00 "
30.001.14.242.0018.1.003.4.4.90.52.01.110.0000,"1,00 "
30.001.14.242.0018.2.041.3.3.50.39.01.110.0000,"1,00 "
30.001.14.242.0018.2.041.3.3.50.39.01.110.0000,"1,00 "
30.001.14.242.0018.2.041.3.3.50.39.01.110.0000,"1,00 "
30.001.14.242.0018.2.041.3.3.50.39.01.110.0000,"1,00 "
30.001.14.242.0018.2.041.3.3.50.39.01.110.0000,"1.500.000,00 "
30.001.14.242.0018.2.041.3.3.50.39.01.110.0000,"5.000.000,00 "
30.001.14.242.0018.2.041.3.3.90.36.01.110.0000,"1,00 "
30.001.14.242.0018.2.041.3.3.90.39.01.110.0000,"1,00 "
30.001.14.242.0018.2.041.3.3.90.39.01.110.0000,"1,00 "
30.001.14.242.0018.2.041.3.3.90.40.01.110.0000,"1,00 "
30.002.14.242.0018.2.041.3.3.90.30.01.110.0000,"1,00 "
30.002.14.242.0018.2.041.3.3.90.39.01.110.0000,"1,00 "
30.002.14.242.0018.2.041.4.4.90.51.01.110.0000,"1,00 "
30.002.14.242.0018.2.041.4.4.90.52.01.110.0000,"1,00 "
31.001.04.121.0004.1.001.3.3.90.35.01.110.0000,"0,00 "
31.001.04.121.0004.1.001.3.3.90.35.01.110.0000,"0,00 "
31.001.04.122.0001.2.006.3.3.90.39.01.110.0000,"1,00 "
31.001.04.126.0002.2.007.3.3.90.40.01.110.0000,"0,00 "
31.001.04.131.0002.2.005.3.3.90.39.01.110.0000,"1,00 "
31.001.04.131.0002.2.005.3.3.90.39.01.110.0000,"12.000,00 "
31.001.14.391.0009.1.002.3.3.90.39.01.110.0000,"0,00 "
31.001.14.391.0009.2.029.3.3.90.40.01.110.0000,"19.717,00 "
31.001.14.391.0009.2.029.3.3.90.40.01.110.0000,"19.717,00 "
31.001.14.422.0009.1.003.4.4.90.51.01.110.0000,"0,00 "
31.001.14.422.0018.1.003.3.3.90.39.01.110.0000,"0,00 "
31.001.14.422.0018.2.011.3.3.90.30.01.110.0000,"30.000,00 "
31.001.14.422.0018.2.011.3.3.90.39.01.110.0000,"20.000,00 "
31.001.14.422.0018.2.011.3.3.90.39.01.110.0000,"0,00 "
31.001.14.422.0018.2.011.3.3.90.39.01.110.0000,"1.000,00 "
31.001.14.422.0018.2.011.4.4.90.52.01.110.0000,"0,00 "
31.001.14.422.0018.2.011.4.4.90.52.01.110.0000,"0,00 "
31.001.14.422.0018.2.011.4.4.90.52.01.110.0000,"15.674,00 "
31.001.14.422.0018.2.041.3.3.90.36.01.110.0000,"0,00 "
31.001.14.422.0018.2.041.3.3.90.36.01.110.0000,"0,00 "
31.001.14.422.0018.2.041.3.3.90.39.01.110.0000,"0,00 "
31.001.14.422.0018.2.041.3.3.90.39.01.110.0000,"0,00 "
32.001.04.121.0004.1.001.3.3.90.35.01.110.0000,"1,00 "
32.001.04.121.0004.1.001.3.3.90.35.01.110.0000,"1,00 "
32.001.04.122.0001.2.006.3.3.90.39.01.110.0000,"1,00 "
32.001.04.128.0002.2.003.3.3.90.36.01.110.0000,"1,00 "
32.001.04.131.0002.2.005.3.3.90.39.01.110.0000,"10.000,00 "
32.001.04.131.0002.2.005.3.3.90.39.01.110.0000,"1,00 "
32.001.14.334.0017.2.004.3.3.90.39.01.110.0000,"46.835,00 "
32.001.14.334.0017.2.004.3.3.90.39.01.110.0000,"46.835,00 "
32.001.14.334.0017.2.004.3.3.90.39.01.110.0000,"46.835,00 "
32.001.14.334.0017.2.004.3.3.90.39.01.110.0000,"46.835,00 "
32.001.14.334.0017.2.004.3.3.90.39.01.110.0000,"46.835,00 "
32.001.14.334.0017.2.004.3.3.90.39.01.110.0000,"46.835,00 "
32.001.14.422.0018.2.011.3.3.50.39.01.110.0000,"1.171.000,00 "
32.001.14.422.0018.2.011.3.3.71.70.01.110.0000,"245.445,00 "
32.001.14.422.0018.2.011.3.3.90.30.01.110.0000,"15.000,00 "
32.001.14.422.0018.2.011.3.3.90.30.01.110.0000,"10.000,00 "
32.001.14.422.0018.2.011.4.4.71.70.01.110.0000,"2.480,00 "
33.001.04.121.0004.1.001.3.3.90.35.01.110.0000,"0,00 "
33.001.04.122.0001.2.006.3.3.90.39.01.110.0000,"1,00 "
33.001.04.122.0001.2.006.3.3.90.39.01.110.0000,"1,00 "
32.002.14.422.0018.2.011.3.3.90.30.01.110.0000,"1,00 "
32.002.14.422.0018.2.011.3.3.90.39.01.110.0000,"1,00 "
32.002.14.422.0018.2.011.4.4.90.52.01.110.0000,"1,00 "
33.001.04.122.0001.2.011.3.3.90.30.01.110.0000,"15.000,00 "
33.001.04.122.0001.2.011.3.3.90.30.01.110.0000,"9.000,00 "
33.001.04.122.0001.2.011.3.3.90.39.01.110.0000,"1,00 "
33.001.04.122.0001.2.011.4.4.90.52.01.110.0000,"5.000,00 "
33.001.04.122.0001.2.011.4.4.90.52.01.110.0000,"1.500,00 "
33.001.04.126.0002.2.007.3.3.90.39.01.110.0000,"348.000,00 "
33.001.04.126.0002.2.007.3.3.90.40.01.110.0000,"1,00 "
33.001.04.131.0002.2.005.3.3.90.39.01.110.0000,"153.200,00 "
33.001.04.131.0002.2.005.3.3.90.39.01.110.0000,"60.000,00 "
33.001.04.131.0002.2.005.3.3.90.39.01.110.0000,"36.968,00 "
33.001.04.131.0002.2.005.3.3.90.39.01.110.0000,"0,00 "
34.001.04.121.0004.1.001.3.3.90.35.01.110.0000,"1,00 "
34.001.04.122.0001.2.006.3.3.90.39.01.110.0000,"1,00 "
34.001.04.126.0002.2.007.3.3.90.40.01.110.0000,"0,00 "
34.001.04.128.0002.2.003.3.3.90.39.01.110.0000,"0,00 "
34.001.04.131.0002.2.005.3.3.90.39.01.110.0000,"1,00 "
34.001.04.131.0002.2.005.3.3.90.39.01.110.0000,"30.000,00 "
34.001.15.182.0005.2.011.3.3.90.30.01.110.0000,"30.000,00 "
34.001.15.182.0005.2.011.3.3.90.30.01.110.0000,"10.000,00 "
34.001.15.182.0005.2.011.3.3.90.30.01.110.0000,"0,00 "
34.001.15.182.0005.2.011.3.3.90.30.01.110.0000,"0,00 "
34.001.15.182.0005.2.011.3.3.90.39.01.110.0000,"0,00 "
34.001.15.182.0005.2.011.3.3.90.39.01.110.0000,"3.000,00 "
34.001.15.182.0005.2.011.4.4.90.52.01.110.0000,"0,00 "
34.001.15.182.0005.2.011.4.4.90.52.01.110.0000,"0,00 "
34.001.15.182.0005.2.011.4.4.90.52.01.110.0000,"0,00 "
35.001.04.121.0004.1.001.3.3.90.35.01.110.0000,"0,00 "
35.001.04.122.0001.2.006.3.3.90.33.01.110.0000,"1,00 "
35.001.04.122.0001.2.006.3.3.90.39.01.110.0000,"1,00 "
35.001.04.122.0001.2.011.3.3.90.30.01.110.0000,"3.000,00 "
35.001.04.122.0001.2.011.3.3.90.30.01.110.0000,"3.000,00 "
35.001.04.122.0001.2.011.3.3.90.39.01.110.0000,"1,00 "
35.001.04.122.0001.2.011.4.4.90.52.01.110.0000,"1,00 "
35.001.04.122.0001.2.011.4.4.90.52.01.110.0000,"1,00 "
35.001.04.122.0001.2.011.4.4.90.52.01.110.0000,"1,00 "
35.001.04.122.0001.2.011.4.4.90.52.01.110.0000,"1,00 "
35.001.04.126.0002.2.007.3.3.90.40.01.110.0000,"0,00 "
35.001.04.131.0002.2.005.3.3.90.39.01.110.0000,"1,00 "
36.001.04.121.0004.1.001.3.3.90.35.01.110.0000,"0,00 "
36.001.04.121.0004.1.001.3.3.90.35.01.110.0000,"0,00 "
36.001.04.121.0004.1.001.3.3.90.35.01.110.0000,"0,00 "
36.001.04.121.0004.1.001.3.3.90.35.01.110.0000,"0,00 "
36.001.04.122.0001.2.006.3.3.90.39.01.110.0000,"1,00 "
36.001.04.122.0001.2.006.3.3.90.39.01.110.0000,"1,00 "
36.001.04.126.0002.2.007.3.3.90.40.01.110.0000,"0,00 "
36.001.04.131.0002.2.005.3.3.90.39.01.110.0000,"1,00 "
36.001.04.131.0002.2.005.3.3.90.39.01.110.0000,"0,00 "
36.001.04.131.0002.2.005.3.3.90.39.01.110.0000,"154.600,00 "
36.001.04.131.0002.2.005.3.3.90.39.01.110.0000,"10.000,00 "
36.001.04.131.0002.2.005.3.3.90.39.01.110.0000,"62.000,00 "
36.001.08.244.0019.1.003.4.4.90.51.01.110.0000,"0,00 "
36.001.08.244.0019.2.011.3.3.90.30.01.110.0000,"88.000,00 "
36.001.08.244.0019.2.011.3.3.90.30.01.110.0000,"11.000,00 "
36.001.08.244.0019.2.011.3.3.90.30.01.110.0000,"21.983,00 "
36.001.08.244.0019.2.011.3.3.90.30.01.110.0000,"3.675,00 "
36.001.08.244.0019.2.011.3.3.90.39.01.110.0000,"96.000,00 "
36.001.08.244.0019.2.011.3.3.90.39.01.110.0000,"25.000,00 "
36.001.08.244.0019.2.011.3.3.90.39.01.110.0000,"0,00 "
36.001.08.244.0019.2.011.3.3.90.93.01.110.0000,"10.000,00 "
36.001.08.244.0019.2.011.4.4.90.52.01.110.0000,"5.000,00 "
36.001.08.244.0019.2.011.4.4.90.52.01.110.0000,"0,00 "
36.001.08.244.0019.2.011.4.4.90.52.01.110.0000,"0,00 "
36.001.08.244.0019.2.011.4.4.90.52.01.110.0000,"0,00 "
36.001.08.244.0019.2.011.4.4.90.52.01.110.0000,"1,00 "
36.001.08.244.0019.2.024.3.3.90.32.01.110.0000,"50.000,00 "
36.001.08.244.0019.2.024.3.3.90.32.01.110.0000,"20.000,00 "
36.001.08.244.0019.2.033.3.3.90.39.01.110.0000,"0,00 "
36.001.08.244.0019.2.033.4.4.90.51.01.110.0000,"0,00 "
36.001.14.244.0018.2.041.3.3.50.39.01.110.0000,"300.000,00 "
36.001.14.244.0018.2.041.3.3.90.32.01.110.0000,"0,00 "
36.001.14.244.0018.2.041.3.3.90.39.01.110.0000,"0,00 "
36.001.14.244.0018.2.041.4.4.50.39.01.110.0000,"75.000,00 "
77.777.99.999.9999.9.999.9.9.99.99.04.600.0000,"86.914.034,00 "
99.999.99.999.9999.9.999.9.9.99.99.01.110.0000,"3.000.000,00 "
04.001.04.122.0001.1.0024.4.90.52.01.110.0000,
06.001.04.122.0001.2.0114.4.90.52.01.110.0000,
06.001.04.122.0001.2.0113.3.90.93.01.110.0000,
06.001.04.122.0001.2.0113.3.90.92.01.110.0000,
08.001.04.122.0001.2.0013.1.90.94.01.200.0000,
09.001.04.122.0001.2.0013.1.90.94.01.310.0000,
09.006.10.302.0015.2.0143.3.90.93.01.310.0000,
09.008.10.301.0015.2.0123.3.90.48.01.310.0000,
09.009.10.302.0015.2.0133.3.90.93.01.310.0000,
09.015.10.122.0014.2.0113.3.90.32.01.110.0000,
11.001.15.451.0013.1.0064.4.90.51.05.802.0001,
13.001.16.482.0012.1.0093.3.50.39.05.100.0000,
13.001.16.482.0012.1.0094.4.50.52.05.100.0000,
14.001.08.245.0018.2.0263.3.90.39.05.500.0000,
14.001.08.245.0018.2.0263.3.90.39.02.500.1402,
14.005.08.245.0018.2.0153.3.50.39.05.800.0002,
18.001.04.123.0021.0.0023.3.91.97.01.110.0000,
18.001.04.122.0001.2.0113.3.90.39.01.700.0000,
18.001.04.122.0001.2.0113.3.90.92.01.110.0000,
18.001.28.846.0021.0.0033.3.90.93.01.110.0000,
18.001.28.846.0021.0.0033.1.90.13.01.110.0000,
18.001.04.122.0001.2.0114.4.90.92.07.100.0000,
18.001.04.123.0021.0.0023.3.90.47.01.130.0000,
18.001.04.123.0021.0.0023.3.90.47.01.140.0000,
18.001.04.123.0021.0.0023.3.90.47.05.100.0000,
18.001.28.846.0021.0.0033.1.91.13.01.110.0000,
18.002.04.122.0001.2.0013.1.90.94.01.110.0000,
18.002.04.122.0001.2.0093.3.90.92.01.110.0000,
18.002.04.122.0001.2.0093.3.90.93.01.110.0000,
18.002.04.126.0002.2.0073.3.90.40.01.110.0000,
18.002.04.122.0001.2.0113.3.90.40.01.110.0000,
33.001.04.131.0002.2.0053.3.90.39.01.700.0000,
